cohort,novel,qi,qid,gold,G1,G2,G3,G4,G5,B1,B2,B3,Q0,correct_G1,correct_G2,correct_G3,correct_G4,correct_G5,correct_B1,correct_B2,correct_B3,correct_Q0,graph_sha256,source_signature
old20,15,0,detectiveqa_15_AIsup_anno_0,D,D,D,D,D,D,D,D,D,D,True,True,True,True,True,True,True,True,True,0993a8c732dcb39bff895c98d9da97c038ad4f36e2bd84af5eb6d6784f5372af,"{""G1_G3"": ""dqa_local_c24_pure9_consensus20 upstream prediction caches"", ""G4"": ""deterministic majority(G1,G2,G3); no baseline access"", ""G5"": ""outputs\\four_datasets\\dqa30_attention\\g7_pure_graph_tight\\answers\\15\\q00.json"", ""baselines"": ""outputs\\four_datasets\\dqa30_frozen_old20_baselines9b\\answers\\15\\q00.json""}"
old20,15,1,detectiveqa_15_AIsup_anno_1,A,B,B,A,B,A,B,B,B,C,False,False,True,False,True,False,False,False,False,0993a8c732dcb39bff895c98d9da97c038ad4f36e2bd84af5eb6d6784f5372af,"{""G1_G3"": ""dqa_local_c24_pure9_consensus20 upstream prediction caches"", ""G4"": ""deterministic majority(G1,G2,G3); no baseline access"", ""G5"": ""outputs\\four_datasets\\dqa30_attention\\g7_pure_graph_tight\\answers\\15\\q01.json"", ""baselines"": ""outputs\\four_datasets\\dqa30_frozen_old20_baselines9b\\answers\\15\\q01.json""}"
old20,15,2,detectiveqa_15_AIsup_anno_2,C,C,A,A,A,C,C,C,C,A,True,False,False,False,True,True,True,True,False,0993a8c732dcb39bff895c98d9da97c038ad4f36e2bd84af5eb6d6784f5372af,"{""G1_G3"": ""dqa_local_c24_pure9_consensus20 upstream prediction caches"", ""G4"": ""deterministic majority(G1,G2,G3); no baseline access"", ""G5"": ""outputs\\four_datasets\\dqa30_attention\\g7_pure_graph_tight\\answers\\15\\q02.json"", ""baselines"": ""outputs\\four_datasets\\dqa30_frozen_old20_baselines9b\\answers\\15\\q02.json""}"
old20,15,3,detectiveqa_15_AIsup_anno_3,D,C,C,D,C,C,C,C,C,C,False,False,True,False,False,False,False,False,False,0993a8c732dcb39bff895c98d9da97c038ad4f36e2bd84af5eb6d6784f5372af,"{""G1_G3"": ""dqa_local_c24_pure9_consensus20 upstream prediction caches"", ""G4"": ""deterministic majority(G1,G2,G3); no baseline access"", ""G5"": ""outputs\\four_datasets\\dqa30_attention\\g7_pure_graph_tight\\answers\\15\\q03.json"", ""baselines"": ""outputs\\four_datasets\\dqa30_frozen_old20_baselines9b\\answers\\15\\q03.json""}"
old20,15,4,detectiveqa_15_AIsup_anno_4,B,B,C,C,C,A,C,B,B,C,True,False,False,False,False,False,True,True,False,0993a8c732dcb39bff895c98d9da97c038ad4f36e2bd84af5eb6d6784f5372af,"{""G1_G3"": ""dqa_local_c24_pure9_consensus20 upstream prediction caches"", ""G4"": ""deterministic majority(G1,G2,G3); no baseline access"", ""G5"": ""outputs\\four_datasets\\dqa30_attention\\g7_pure_graph_tight\\answers\\15\\q04.json"", ""baselines"": ""outputs\\four_datasets\\dqa30_frozen_old20_baselines9b\\answers\\15\\q04.json""}"
old20,15,5,detectiveqa_15_AIsup_anno_5,D,D,D,D,D,D,D,D,D,D,True,True,True,True,True,True,True,True,True,0993a8c732dcb39bff895c98d9da97c038ad4f36e2bd84af5eb6d6784f5372af,"{""G1_G3"": ""dqa_local_c24_pure9_consensus20 upstream prediction caches"", ""G4"": ""deterministic majority(G1,G2,G3); no baseline access"", ""G5"": ""outputs\\four_datasets\\dqa30_attention\\g7_pure_graph_tight\\answers\\15\\q05.json"", ""baselines"": ""outputs\\four_datasets\\dqa30_frozen_old20_baselines9b\\answers\\15\\q05.json""}"
old20,15,6,detectiveqa_15_AIsup_anno_6,D,D,D,D,D,D,D,D,D,D,True,True,True,True,True,True,True,True,True,0993a8c732dcb39bff895c98d9da97c038ad4f36e2bd84af5eb6d6784f5372af,"{""G1_G3"": ""dqa_local_c24_pure9_consensus20 upstream prediction caches"", ""G4"": ""deterministic majority(G1,G2,G3); no baseline access"", ""G5"": ""outputs\\four_datasets\\dqa30_attention\\g7_pure_graph_tight\\answers\\15\\q06.json"", ""baselines"": ""outputs\\four_datasets\\dqa30_frozen_old20_baselines9b\\answers\\15\\q06.json""}"
old20,15,7,detectiveqa_15_AIsup_anno_7,C,C,C,D,C,D,C,C,D,D,True,True,False,True,False,True,True,False,False,0993a8c732dcb39bff895c98d9da97c038ad4f36e2bd84af5eb6d6784f5372af,"{""G1_G3"": ""dqa_local_c24_pure9_consensus20 upstream prediction caches"", ""G4"": ""deterministic majority(G1,G2,G3); no baseline access"", ""G5"": ""outputs\\four_datasets\\dqa30_attention\\g7_pure_graph_tight\\answers\\15\\q07.json"", ""baselines"": ""outputs\\four_datasets\\dqa30_frozen_old20_baselines9b\\answers\\15\\q07.json""}"
old20,15,8,detectiveqa_15_AIsup_anno_8,C,A,A,C,A,C,C,D,D,D,False,False,True,False,True,True,False,False,False,0993a8c732dcb39bff895c98d9da97c038ad4f36e2bd84af5eb6d6784f5372af,"{""G1_G3"": ""dqa_local_c24_pure9_consensus20 upstream prediction caches"", ""G4"": ""deterministic majority(G1,G2,G3); no baseline access"", ""G5"": ""outputs\\four_datasets\\dqa30_attention\\g7_pure_graph_tight\\answers\\15\\q08.json"", ""baselines"": ""outputs\\four_datasets\\dqa30_frozen_old20_baselines9b\\answers\\15\\q08.json""}"
old20,16,0,detectiveqa_16_AIsup_anno_0,C,C,C,A,C,A,B,C,A,B,True,True,False,True,False,False,True,False,False,0d02ea8dfae906504e44eb3b450e1d077b11d74fe7aedb866d430b33c757e0ed,"{""G1_G3"": ""dqa_local_c24_pure9_consensus20 upstream prediction caches"", ""G4"": ""deterministic majority(G1,G2,G3); no baseline access"", ""G5"": ""outputs\\four_datasets\\dqa30_attention\\g7_pure_graph_tight\\answers\\16\\q00.json"", ""baselines"": ""outputs\\four_datasets\\dqa30_frozen_old20_baselines9b\\answers\\16\\q00.json""}"
old20,16,1,detectiveqa_16_AIsup_anno_1,B,C,C,C,C,C,C,C,C,C,False,False,False,False,False,False,False,False,False,0d02ea8dfae906504e44eb3b450e1d077b11d74fe7aedb866d430b33c757e0ed,"{""G1_G3"": ""dqa_local_c24_pure9_consensus20 upstream prediction caches"", ""G4"": ""deterministic majority(G1,G2,G3); no baseline access"", ""G5"": ""outputs\\four_datasets\\dqa30_attention\\g7_pure_graph_tight\\answers\\16\\q01.json"", ""baselines"": ""outputs\\four_datasets\\dqa30_frozen_old20_baselines9b\\answers\\16\\q01.json""}"
old20,16,2,detectiveqa_16_AIsup_anno_2,B,,B,C,,D,B,B,B,C,False,True,False,False,False,True,True,True,False,0d02ea8dfae906504e44eb3b450e1d077b11d74fe7aedb866d430b33c757e0ed,"{""G1_G3"": ""dqa_local_c24_pure9_consensus20 upstream prediction caches"", ""G4"": ""deterministic majority(G1,G2,G3); no baseline access"", ""G5"": ""outputs\\four_datasets\\dqa30_attention\\g7_pure_graph_tight\\answers\\16\\q02.json"", ""baselines"": ""outputs\\four_datasets\\dqa30_frozen_old20_baselines9b\\answers\\16\\q02.json""}"
old20,16,3,detectiveqa_16_AIsup_anno_3,B,B,B,B,B,A,C,B,B,C,True,True,True,True,False,False,True,True,False,0d02ea8dfae906504e44eb3b450e1d077b11d74fe7aedb866d430b33c757e0ed,"{""G1_G3"": ""dqa_local_c24_pure9_consensus20 upstream prediction caches"", ""G4"": ""deterministic majority(G1,G2,G3); no baseline access"", ""G5"": ""outputs\\four_datasets\\dqa30_attention\\g7_pure_graph_tight\\answers\\16\\q03.json"", ""baselines"": ""outputs\\four_datasets\\dqa30_frozen_old20_baselines9b\\answers\\16\\q03.json""}"
old20,16,4,detectiveqa_16_AIsup_anno_4,A,B,B,B,B,B,B,C,B,C,False,False,False,False,False,False,False,False,False,0d02ea8dfae906504e44eb3b450e1d077b11d74fe7aedb866d430b33c757e0ed,"{""G1_G3"": ""dqa_local_c24_pure9_consensus20 upstream prediction caches"", ""G4"": ""deterministic majority(G1,G2,G3); no baseline access"", ""G5"": ""outputs\\four_datasets\\dqa30_attention\\g7_pure_graph_tight\\answers\\16\\q04.json"", ""baselines"": ""outputs\\four_datasets\\dqa30_frozen_old20_baselines9b\\answers\\16\\q04.json""}"
old20,16,5,detectiveqa_16_AIsup_anno_5,B,D,D,D,D,D,C,A,C,A,False,False,False,False,False,False,False,False,False,0d02ea8dfae906504e44eb3b450e1d077b11d74fe7aedb866d430b33c757e0ed,"{""G1_G3"": ""dqa_local_c24_pure9_consensus20 upstream prediction caches"", ""G4"": ""deterministic majority(G1,G2,G3); no baseline access"", ""G5"": ""outputs\\four_datasets\\dqa30_attention\\g7_pure_graph_tight\\answers\\16\\q05.json"", ""baselines"": ""outputs\\four_datasets\\dqa30_frozen_old20_baselines9b\\answers\\16\\q05.json""}"
old20,16,6,detectiveqa_16_AIsup_anno_6,D,C,B,B,B,C,B,C,B,B,False,False,False,False,False,False,False,False,False,0d02ea8dfae906504e44eb3b450e1d077b11d74fe7aedb866d430b33c757e0ed,"{""G1_G3"": ""dqa_local_c24_pure9_consensus20 upstream prediction caches"", ""G4"": ""deterministic majority(G1,G2,G3); no baseline access"", ""G5"": ""outputs\\four_datasets\\dqa30_attention\\g7_pure_graph_tight\\answers\\16\\q06.json"", ""baselines"": ""outputs\\four_datasets\\dqa30_frozen_old20_baselines9b\\answers\\16\\q06.json""}"
old20,25,0,detectiveqa_25_AIsup_anno_0,D,D,C,C,C,D,D,D,D,A,True,False,False,False,True,True,True,True,False,1abeef2fef63fb3fa2a2a166ed7f400a4bd0e0d58e8c6f351d88e4538a04cee3,"{""G1_G3"": ""dqa_local_c24_pure9_consensus20 upstream prediction caches"", ""G4"": ""deterministic majority(G1,G2,G3); no baseline access"", ""G5"": ""outputs\\four_datasets\\dqa30_attention\\g7_pure_graph_tight\\answers\\25\\q00.json"", ""baselines"": ""outputs\\four_datasets\\dqa30_frozen_old20_baselines9b\\answers\\25\\q00.json""}"
old20,25,1,detectiveqa_25_AIsup_anno_1,D,D,D,D,D,D,D,D,D,D,True,True,True,True,True,True,True,True,True,1abeef2fef63fb3fa2a2a166ed7f400a4bd0e0d58e8c6f351d88e4538a04cee3,"{""G1_G3"": ""dqa_local_c24_pure9_consensus20 upstream prediction caches"", ""G4"": ""deterministic majority(G1,G2,G3); no baseline access"", ""G5"": ""outputs\\four_datasets\\dqa30_attention\\g7_pure_graph_tight\\answers\\25\\q01.json"", ""baselines"": ""outputs\\four_datasets\\dqa30_frozen_old20_baselines9b\\answers\\25\\q01.json""}"
old20,25,2,detectiveqa_25_AIsup_anno_2,D,D,D,D,D,D,D,D,D,D,True,True,True,True,True,True,True,True,True,1abeef2fef63fb3fa2a2a166ed7f400a4bd0e0d58e8c6f351d88e4538a04cee3,"{""G1_G3"": ""dqa_local_c24_pure9_consensus20 upstream prediction caches"", ""G4"": ""deterministic majority(G1,G2,G3); no baseline access"", ""G5"": ""outputs\\four_datasets\\dqa30_attention\\g7_pure_graph_tight\\answers\\25\\q02.json"", ""baselines"": ""outputs\\four_datasets\\dqa30_frozen_old20_baselines9b\\answers\\25\\q02.json""}"
old20,25,3,detectiveqa_25_AIsup_anno_3,A,A,A,A,A,A,A,A,A,A,True,True,True,True,True,True,True,True,True,1abeef2fef63fb3fa2a2a166ed7f400a4bd0e0d58e8c6f351d88e4538a04cee3,"{""G1_G3"": ""dqa_local_c24_pure9_consensus20 upstream prediction caches"", ""G4"": ""deterministic majority(G1,G2,G3); no baseline access"", ""G5"": ""outputs\\four_datasets\\dqa30_attention\\g7_pure_graph_tight\\answers\\25\\q03.json"", ""baselines"": ""outputs\\four_datasets\\dqa30_frozen_old20_baselines9b\\answers\\25\\q03.json""}"
old20,25,4,detectiveqa_25_AIsup_anno_4,D,C,D,D,D,D,D,C,C,C,False,True,True,True,True,True,False,False,False,1abeef2fef63fb3fa2a2a166ed7f400a4bd0e0d58e8c6f351d88e4538a04cee3,"{""G1_G3"": ""dqa_local_c24_pure9_consensus20 upstream prediction caches"", ""G4"": ""deterministic majority(G1,G2,G3); no baseline access"", ""G5"": ""outputs\\four_datasets\\dqa30_attention\\g7_pure_graph_tight\\answers\\25\\q04.json"", ""baselines"": ""outputs\\four_datasets\\dqa30_frozen_old20_baselines9b\\answers\\25\\q04.json""}"
old20,25,5,detectiveqa_25_AIsup_anno_5,D,A,B,A,A,D,D,A,D,A,False,False,False,False,True,True,False,True,False,1abeef2fef63fb3fa2a2a166ed7f400a4bd0e0d58e8c6f351d88e4538a04cee3,"{""G1_G3"": ""dqa_local_c24_pure9_consensus20 upstream prediction caches"", ""G4"": ""deterministic majority(G1,G2,G3); no baseline access"", ""G5"": ""outputs\\four_datasets\\dqa30_attention\\g7_pure_graph_tight\\answers\\25\\q05.json"", ""baselines"": ""outputs\\four_datasets\\dqa30_frozen_old20_baselines9b\\answers\\25\\q05.json""}"
old20,25,6,detectiveqa_25_AIsup_anno_6,D,D,D,D,D,D,D,D,D,D,True,True,True,True,True,True,True,True,True,1abeef2fef63fb3fa2a2a166ed7f400a4bd0e0d58e8c6f351d88e4538a04cee3,"{""G1_G3"": ""dqa_local_c24_pure9_consensus20 upstream prediction caches"", ""G4"": ""deterministic majority(G1,G2,G3); no baseline access"", ""G5"": ""outputs\\four_datasets\\dqa30_attention\\g7_pure_graph_tight\\answers\\25\\q06.json"", ""baselines"": ""outputs\\four_datasets\\dqa30_frozen_old20_baselines9b\\answers\\25\\q06.json""}"
old20,25,7,detectiveqa_25_AIsup_anno_7,A,C,A,A,A,A,A,A,A,A,False,True,True,True,True,True,True,True,True,1abeef2fef63fb3fa2a2a166ed7f400a4bd0e0d58e8c6f351d88e4538a04cee3,"{""G1_G3"": ""dqa_local_c24_pure9_consensus20 upstream prediction caches"", ""G4"": ""deterministic majority(G1,G2,G3); no baseline access"", ""G5"": ""outputs\\four_datasets\\dqa30_attention\\g7_pure_graph_tight\\answers\\25\\q07.json"", ""baselines"": ""outputs\\four_datasets\\dqa30_frozen_old20_baselines9b\\answers\\25\\q07.json""}"
old20,26,0,detectiveqa_26_AIsup_anno_0,D,D,B,B,B,D,D,D,D,D,True,False,False,False,True,True,True,True,True,c3726c44d96656c0c5bcb94d5550a4b7c0307d73b76c8ac409576c46d953d484,"{""G1_G3"": ""dqa_local_c24_pure9_consensus20 upstream prediction caches"", ""G4"": ""deterministic majority(G1,G2,G3); no baseline access"", ""G5"": ""outputs\\four_datasets\\dqa30_attention\\g7_pure_graph_tight\\answers\\26\\q00.json"", ""baselines"": ""outputs\\four_datasets\\dqa30_frozen_old20_baselines9b\\answers\\26\\q00.json""}"
old20,26,1,detectiveqa_26_AIsup_anno_1,B,C,B,D,C,C,C,C,C,A,False,True,False,False,False,False,False,False,False,c3726c44d96656c0c5bcb94d5550a4b7c0307d73b76c8ac409576c46d953d484,"{""G1_G3"": ""dqa_local_c24_pure9_consensus20 upstream prediction caches"", ""G4"": ""deterministic majority(G1,G2,G3); no baseline access"", ""G5"": ""outputs\\four_datasets\\dqa30_attention\\g7_pure_graph_tight\\answers\\26\\q01.json"", ""baselines"": ""outputs\\four_datasets\\dqa30_frozen_old20_baselines9b\\answers\\26\\q01.json""}"
old20,26,2,detectiveqa_26_AIsup_anno_2,B,B,B,B,B,B,A,A,B,A,True,True,True,True,True,False,False,True,False,c3726c44d96656c0c5bcb94d5550a4b7c0307d73b76c8ac409576c46d953d484,"{""G1_G3"": ""dqa_local_c24_pure9_consensus20 upstream prediction caches"", ""G4"": ""deterministic majority(G1,G2,G3); no baseline access"", ""G5"": ""outputs\\four_datasets\\dqa30_attention\\g7_pure_graph_tight\\answers\\26\\q02.json"", ""baselines"": ""outputs\\four_datasets\\dqa30_frozen_old20_baselines9b\\answers\\26\\q02.json""}"
old20,26,3,detectiveqa_26_AIsup_anno_3,A,C,A,A,A,A,C,A,A,A,False,True,True,True,True,False,True,True,True,c3726c44d96656c0c5bcb94d5550a4b7c0307d73b76c8ac409576c46d953d484,"{""G1_G3"": ""dqa_local_c24_pure9_consensus20 upstream prediction caches"", ""G4"": ""deterministic majority(G1,G2,G3); no baseline access"", ""G5"": ""outputs\\four_datasets\\dqa30_attention\\g7_pure_graph_tight\\answers\\26\\q03.json"", ""baselines"": ""outputs\\four_datasets\\dqa30_frozen_old20_baselines9b\\answers\\26\\q03.json""}"
old20,26,4,detectiveqa_26_AIsup_anno_4,C,C,,A,C,C,C,A,C,A,True,False,False,True,True,True,False,True,False,c3726c44d96656c0c5bcb94d5550a4b7c0307d73b76c8ac409576c46d953d484,"{""G1_G3"": ""dqa_local_c24_pure9_consensus20 upstream prediction caches"", ""G4"": ""deterministic majority(G1,G2,G3); no baseline access"", ""G5"": ""outputs\\four_datasets\\dqa30_attention\\g7_pure_graph_tight\\answers\\26\\q04.json"", ""baselines"": ""outputs\\four_datasets\\dqa30_frozen_old20_baselines9b\\answers\\26\\q04.json""}"
old20,26,5,detectiveqa_26_AIsup_anno_5,A,A,A,A,A,A,A,A,A,D,True,True,True,True,True,True,True,True,False,c3726c44d96656c0c5bcb94d5550a4b7c0307d73b76c8ac409576c46d953d484,"{""G1_G3"": ""dqa_local_c24_pure9_consensus20 upstream prediction caches"", ""G4"": ""deterministic majority(G1,G2,G3); no baseline access"", ""G5"": ""outputs\\four_datasets\\dqa30_attention\\g7_pure_graph_tight\\answers\\26\\q05.json"", ""baselines"": ""outputs\\four_datasets\\dqa30_frozen_old20_baselines9b\\answers\\26\\q05.json""}"
old20,26,6,detectiveqa_26_AIsup_anno_6,A,A,B,D,A,D,C,D,C,A,True,False,False,True,False,False,False,False,True,c3726c44d96656c0c5bcb94d5550a4b7c0307d73b76c8ac409576c46d953d484,"{""G1_G3"": ""dqa_local_c24_pure9_consensus20 upstream prediction caches"", ""G4"": ""deterministic majority(G1,G2,G3); no baseline access"", ""G5"": ""outputs\\four_datasets\\dqa30_attention\\g7_pure_graph_tight\\answers\\26\\q06.json"", ""baselines"": ""outputs\\four_datasets\\dqa30_frozen_old20_baselines9b\\answers\\26\\q06.json""}"
old20,26,7,detectiveqa_26_AIsup_anno_7,A,C,A,A,A,B,B,D,C,C,False,True,True,True,False,False,False,False,False,c3726c44d96656c0c5bcb94d5550a4b7c0307d73b76c8ac409576c46d953d484,"{""G1_G3"": ""dqa_local_c24_pure9_consensus20 upstream prediction caches"", ""G4"": ""deterministic majority(G1,G2,G3); no baseline access"", ""G5"": ""outputs\\four_datasets\\dqa30_attention\\g7_pure_graph_tight\\answers\\26\\q07.json"", ""baselines"": ""outputs\\four_datasets\\dqa30_frozen_old20_baselines9b\\answers\\26\\q07.json""}"
old20,26,8,detectiveqa_26_AIsup_anno_8,D,D,A,D,D,D,C,D,D,B,True,False,True,True,True,False,True,True,False,c3726c44d96656c0c5bcb94d5550a4b7c0307d73b76c8ac409576c46d953d484,"{""G1_G3"": ""dqa_local_c24_pure9_consensus20 upstream prediction caches"", ""G4"": ""deterministic majority(G1,G2,G3); no baseline access"", ""G5"": ""outputs\\four_datasets\\dqa30_attention\\g7_pure_graph_tight\\answers\\26\\q08.json"", ""baselines"": ""outputs\\four_datasets\\dqa30_frozen_old20_baselines9b\\answers\\26\\q08.json""}"
old20,27,0,detectiveqa_27_AIsup_anno_0,A,A,A,A,A,A,A,A,A,A,True,True,True,True,True,True,True,True,True,8a1129d3cda2734ee26380d03511d881d203806643a182a2d03f9727ee24318c,"{""G1_G3"": ""dqa_local_c24_pure9_consensus20 upstream prediction caches"", ""G4"": ""deterministic majority(G1,G2,G3); no baseline access"", ""G5"": ""outputs\\four_datasets\\dqa30_attention\\g7_pure_graph_tight\\answers\\27\\q00.json"", ""baselines"": ""outputs\\four_datasets\\dqa30_frozen_old20_baselines9b\\answers\\27\\q00.json""}"
old20,27,1,detectiveqa_27_AIsup_anno_1,C,C,C,C,C,C,C,C,C,C,True,True,True,True,True,True,True,True,True,8a1129d3cda2734ee26380d03511d881d203806643a182a2d03f9727ee24318c,"{""G1_G3"": ""dqa_local_c24_pure9_consensus20 upstream prediction caches"", ""G4"": ""deterministic majority(G1,G2,G3); no baseline access"", ""G5"": ""outputs\\four_datasets\\dqa30_attention\\g7_pure_graph_tight\\answers\\27\\q01.json"", ""baselines"": ""outputs\\four_datasets\\dqa30_frozen_old20_baselines9b\\answers\\27\\q01.json""}"
old20,27,2,detectiveqa_27_AIsup_anno_2,B,A,B,A,A,D,D,C,A,B,False,True,False,False,False,False,False,False,True,8a1129d3cda2734ee26380d03511d881d203806643a182a2d03f9727ee24318c,"{""G1_G3"": ""dqa_local_c24_pure9_consensus20 upstream prediction caches"", ""G4"": ""deterministic majority(G1,G2,G3); no baseline access"", ""G5"": ""outputs\\four_datasets\\dqa30_attention\\g7_pure_graph_tight\\answers\\27\\q02.json"", ""baselines"": ""outputs\\four_datasets\\dqa30_frozen_old20_baselines9b\\answers\\27\\q02.json""}"
old20,27,3,detectiveqa_27_AIsup_anno_3,C,C,C,C,C,C,C,C,C,C,True,True,True,True,True,True,True,True,True,8a1129d3cda2734ee26380d03511d881d203806643a182a2d03f9727ee24318c,"{""G1_G3"": ""dqa_local_c24_pure9_consensus20 upstream prediction caches"", ""G4"": ""deterministic majority(G1,G2,G3); no baseline access"", ""G5"": ""outputs\\four_datasets\\dqa30_attention\\g7_pure_graph_tight\\answers\\27\\q03.json"", ""baselines"": ""outputs\\four_datasets\\dqa30_frozen_old20_baselines9b\\answers\\27\\q03.json""}"
old20,27,4,detectiveqa_27_AIsup_anno_4,A,A,B,B,B,B,A,A,A,B,True,False,False,False,False,True,True,True,False,8a1129d3cda2734ee26380d03511d881d203806643a182a2d03f9727ee24318c,"{""G1_G3"": ""dqa_local_c24_pure9_consensus20 upstream prediction caches"", ""G4"": ""deterministic majority(G1,G2,G3); no baseline access"", ""G5"": ""outputs\\four_datasets\\dqa30_attention\\g7_pure_graph_tight\\answers\\27\\q04.json"", ""baselines"": ""outputs\\four_datasets\\dqa30_frozen_old20_baselines9b\\answers\\27\\q04.json""}"
old20,27,5,detectiveqa_27_AIsup_anno_5,D,A,C,B,A,D,A,B,C,B,False,False,False,False,True,False,False,False,False,8a1129d3cda2734ee26380d03511d881d203806643a182a2d03f9727ee24318c,"{""G1_G3"": ""dqa_local_c24_pure9_consensus20 upstream prediction caches"", ""G4"": ""deterministic majority(G1,G2,G3); no baseline access"", ""G5"": ""outputs\\four_datasets\\dqa30_attention\\g7_pure_graph_tight\\answers\\27\\q05.json"", ""baselines"": ""outputs\\four_datasets\\dqa30_frozen_old20_baselines9b\\answers\\27\\q05.json""}"
old20,27,6,detectiveqa_27_human_anno_0,B,B,B,B,B,B,B,B,B,B,True,True,True,True,True,True,True,True,True,8a1129d3cda2734ee26380d03511d881d203806643a182a2d03f9727ee24318c,"{""G1_G3"": ""dqa_local_c24_pure9_consensus20 upstream prediction caches"", ""G4"": ""deterministic majority(G1,G2,G3); no baseline access"", ""G5"": ""outputs\\four_datasets\\dqa30_attention\\g7_pure_graph_tight\\answers\\27\\q06.json"", ""baselines"": ""outputs\\four_datasets\\dqa30_frozen_old20_baselines9b\\answers\\27\\q06.json""}"
old20,27,7,detectiveqa_27_human_anno_1,C,B,B,B,B,B,B,B,B,A,False,False,False,False,False,False,False,False,False,8a1129d3cda2734ee26380d03511d881d203806643a182a2d03f9727ee24318c,"{""G1_G3"": ""dqa_local_c24_pure9_consensus20 upstream prediction caches"", ""G4"": ""deterministic majority(G1,G2,G3); no baseline access"", ""G5"": ""outputs\\four_datasets\\dqa30_attention\\g7_pure_graph_tight\\answers\\27\\q07.json"", ""baselines"": ""outputs\\four_datasets\\dqa30_frozen_old20_baselines9b\\answers\\27\\q07.json""}"
old20,27,8,detectiveqa_27_human_anno_2,B,B,B,A,B,B,B,B,B,A,True,True,False,True,True,True,True,True,False,8a1129d3cda2734ee26380d03511d881d203806643a182a2d03f9727ee24318c,"{""G1_G3"": ""dqa_local_c24_pure9_consensus20 upstream prediction caches"", ""G4"": ""deterministic majority(G1,G2,G3); no baseline access"", ""G5"": ""outputs\\four_datasets\\dqa30_attention\\g7_pure_graph_tight\\answers\\27\\q08.json"", ""baselines"": ""outputs\\four_datasets\\dqa30_frozen_old20_baselines9b\\answers\\27\\q08.json""}"
old20,27,9,detectiveqa_27_human_anno_3,C,B,D,B,B,D,C,A,D,A,False,False,False,False,False,True,False,False,False,8a1129d3cda2734ee26380d03511d881d203806643a182a2d03f9727ee24318c,"{""G1_G3"": ""dqa_local_c24_pure9_consensus20 upstream prediction caches"", ""G4"": ""deterministic majority(G1,G2,G3); no baseline access"", ""G5"": ""outputs\\four_datasets\\dqa30_attention\\g7_pure_graph_tight\\answers\\27\\q09.json"", ""baselines"": ""outputs\\four_datasets\\dqa30_frozen_old20_baselines9b\\answers\\27\\q09.json""}"
old20,27,10,detectiveqa_27_human_anno_4,A,D,B,A,D,C,C,A,C,C,False,False,True,False,False,False,True,False,False,8a1129d3cda2734ee26380d03511d881d203806643a182a2d03f9727ee24318c,"{""G1_G3"": ""dqa_local_c24_pure9_consensus20 upstream prediction caches"", ""G4"": ""deterministic majority(G1,G2,G3); no baseline access"", ""G5"": ""outputs\\four_datasets\\dqa30_attention\\g7_pure_graph_tight\\answers\\27\\q10.json"", ""baselines"": ""outputs\\four_datasets\\dqa30_frozen_old20_baselines9b\\answers\\27\\q10.json""}"
old20,27,11,detectiveqa_27_human_anno_5,A,A,A,A,A,A,C,A,A,C,True,True,True,True,True,False,True,True,False,8a1129d3cda2734ee26380d03511d881d203806643a182a2d03f9727ee24318c,"{""G1_G3"": ""dqa_local_c24_pure9_consensus20 upstream prediction caches"", ""G4"": ""deterministic majority(G1,G2,G3); no baseline access"", ""G5"": ""outputs\\four_datasets\\dqa30_attention\\g7_pure_graph_tight\\answers\\27\\q11.json"", ""baselines"": ""outputs\\four_datasets\\dqa30_frozen_old20_baselines9b\\answers\\27\\q11.json""}"
old20,27,12,detectiveqa_27_human_anno_6,A,A,A,A,A,A,D,C,A,C,True,True,True,True,True,False,False,True,False,8a1129d3cda2734ee26380d03511d881d203806643a182a2d03f9727ee24318c,"{""G1_G3"": ""dqa_local_c24_pure9_consensus20 upstream prediction caches"", ""G4"": ""deterministic majority(G1,G2,G3); no baseline access"", ""G5"": ""outputs\\four_datasets\\dqa30_attention\\g7_pure_graph_tight\\answers\\27\\q12.json"", ""baselines"": ""outputs\\four_datasets\\dqa30_frozen_old20_baselines9b\\answers\\27\\q12.json""}"
old20,28,0,detectiveqa_28_AIsup_anno_0,D,D,D,D,D,D,D,D,D,D,True,True,True,True,True,True,True,True,True,b9bdcddac0ed4920282bb10921bb3a387b7ab369447199d37fc1db7898334620,"{""G1_G3"": ""dqa_local_c24_pure9_consensus20 upstream prediction caches"", ""G4"": ""deterministic majority(G1,G2,G3); no baseline access"", ""G5"": ""outputs\\four_datasets\\dqa30_attention\\g7_pure_graph_tight\\answers\\28\\q00.json"", ""baselines"": ""outputs\\four_datasets\\dqa30_frozen_old20_baselines9b\\answers\\28\\q00.json""}"
old20,28,1,detectiveqa_28_AIsup_anno_1,A,B,B,B,B,B,B,B,B,C,False,False,False,False,False,False,False,False,False,b9bdcddac0ed4920282bb10921bb3a387b7ab369447199d37fc1db7898334620,"{""G1_G3"": ""dqa_local_c24_pure9_consensus20 upstream prediction caches"", ""G4"": ""deterministic majority(G1,G2,G3); no baseline access"", ""G5"": ""outputs\\four_datasets\\dqa30_attention\\g7_pure_graph_tight\\answers\\28\\q01.json"", ""baselines"": ""outputs\\four_datasets\\dqa30_frozen_old20_baselines9b\\answers\\28\\q01.json""}"
old20,28,2,detectiveqa_28_AIsup_anno_2,D,C,A,C,C,D,A,C,C,C,False,False,False,False,True,False,False,False,False,b9bdcddac0ed4920282bb10921bb3a387b7ab369447199d37fc1db7898334620,"{""G1_G3"": ""dqa_local_c24_pure9_consensus20 upstream prediction caches"", ""G4"": ""deterministic majority(G1,G2,G3); no baseline access"", ""G5"": ""outputs\\four_datasets\\dqa30_attention\\g7_pure_graph_tight\\answers\\28\\q02.json"", ""baselines"": ""outputs\\four_datasets\\dqa30_frozen_old20_baselines9b\\answers\\28\\q02.json""}"
old20,28,3,detectiveqa_28_AIsup_anno_3,C,B,B,B,B,D,C,C,B,A,False,False,False,False,False,True,True,False,False,b9bdcddac0ed4920282bb10921bb3a387b7ab369447199d37fc1db7898334620,"{""G1_G3"": ""dqa_local_c24_pure9_consensus20 upstream prediction caches"", ""G4"": ""deterministic majority(G1,G2,G3); no baseline access"", ""G5"": ""outputs\\four_datasets\\dqa30_attention\\g7_pure_graph_tight\\answers\\28\\q03.json"", ""baselines"": ""outputs\\four_datasets\\dqa30_frozen_old20_baselines9b\\answers\\28\\q03.json""}"
old20,28,4,detectiveqa_28_AIsup_anno_4,D,A,A,D,A,D,A,A,A,A,False,False,True,False,True,False,False,False,False,b9bdcddac0ed4920282bb10921bb3a387b7ab369447199d37fc1db7898334620,"{""G1_G3"": ""dqa_local_c24_pure9_consensus20 upstream prediction caches"", ""G4"": ""deterministic majority(G1,G2,G3); no baseline access"", ""G5"": ""outputs\\four_datasets\\dqa30_attention\\g7_pure_graph_tight\\answers\\28\\q04.json"", ""baselines"": ""outputs\\four_datasets\\dqa30_frozen_old20_baselines9b\\answers\\28\\q04.json""}"
old20,28,5,detectiveqa_28_AIsup_anno_5,B,,B,B,B,D,C,B,C,B,False,True,True,True,False,False,True,False,True,b9bdcddac0ed4920282bb10921bb3a387b7ab369447199d37fc1db7898334620,"{""G1_G3"": ""dqa_local_c24_pure9_consensus20 upstream prediction caches"", ""G4"": ""deterministic majority(G1,G2,G3); no baseline access"", ""G5"": ""outputs\\four_datasets\\dqa30_attention\\g7_pure_graph_tight\\answers\\28\\q05.json"", ""baselines"": ""outputs\\four_datasets\\dqa30_frozen_old20_baselines9b\\answers\\28\\q05.json""}"
old20,28,6,detectiveqa_28_AIsup_anno_6,B,B,B,B,B,B,B,C,B,B,True,True,True,True,True,True,False,True,True,b9bdcddac0ed4920282bb10921bb3a387b7ab369447199d37fc1db7898334620,"{""G1_G3"": ""dqa_local_c24_pure9_consensus20 upstream prediction caches"", ""G4"": ""deterministic majority(G1,G2,G3); no baseline access"", ""G5"": ""outputs\\four_datasets\\dqa30_attention\\g7_pure_graph_tight\\answers\\28\\q06.json"", ""baselines"": ""outputs\\four_datasets\\dqa30_frozen_old20_baselines9b\\answers\\28\\q06.json""}"
old20,28,7,detectiveqa_28_AIsup_anno_7,A,C,A,A,A,D,C,C,C,C,False,True,True,True,False,False,False,False,False,b9bdcddac0ed4920282bb10921bb3a387b7ab369447199d37fc1db7898334620,"{""G1_G3"": ""dqa_local_c24_pure9_consensus20 upstream prediction caches"", ""G4"": ""deterministic majority(G1,G2,G3); no baseline access"", ""G5"": ""outputs\\four_datasets\\dqa30_attention\\g7_pure_graph_tight\\answers\\28\\q07.json"", ""baselines"": ""outputs\\four_datasets\\dqa30_frozen_old20_baselines9b\\answers\\28\\q07.json""}"
old20,29,0,detectiveqa_29_AIsup_anno_0,A,A,A,A,A,A,D,C,A,C,True,True,True,True,True,False,False,True,False,d197c7940a796503c785234d39e17ef2b6ac25389a7cb37ffd2dacbd1e0ed27f,"{""G1_G3"": ""dqa_local_c24_pure9_consensus20 upstream prediction caches"", ""G4"": ""deterministic majority(G1,G2,G3); no baseline access"", ""G5"": ""outputs\\four_datasets\\dqa30_attention\\g7_pure_graph_tight\\answers\\29\\q00.json"", ""baselines"": ""outputs\\four_datasets\\dqa30_frozen_old20_baselines9b\\answers\\29\\q00.json""}"
old20,29,1,detectiveqa_29_AIsup_anno_1,B,B,B,B,B,B,B,B,B,C,True,True,True,True,True,True,True,True,False,d197c7940a796503c785234d39e17ef2b6ac25389a7cb37ffd2dacbd1e0ed27f,"{""G1_G3"": ""dqa_local_c24_pure9_consensus20 upstream prediction caches"", ""G4"": ""deterministic majority(G1,G2,G3); no baseline access"", ""G5"": ""outputs\\four_datasets\\dqa30_attention\\g7_pure_graph_tight\\answers\\29\\q01.json"", ""baselines"": ""outputs\\four_datasets\\dqa30_frozen_old20_baselines9b\\answers\\29\\q01.json""}"
old20,29,2,detectiveqa_29_AIsup_anno_2,B,B,B,B,B,C,C,C,B,C,True,True,True,True,False,False,False,True,False,d197c7940a796503c785234d39e17ef2b6ac25389a7cb37ffd2dacbd1e0ed27f,"{""G1_G3"": ""dqa_local_c24_pure9_consensus20 upstream prediction caches"", ""G4"": ""deterministic majority(G1,G2,G3); no baseline access"", ""G5"": ""outputs\\four_datasets\\dqa30_attention\\g7_pure_graph_tight\\answers\\29\\q02.json"", ""baselines"": ""outputs\\four_datasets\\dqa30_frozen_old20_baselines9b\\answers\\29\\q02.json""}"
old20,29,3,detectiveqa_29_AIsup_anno_3,B,B,B,C,B,C,C,C,C,C,True,True,False,True,False,False,False,False,False,d197c7940a796503c785234d39e17ef2b6ac25389a7cb37ffd2dacbd1e0ed27f,"{""G1_G3"": ""dqa_local_c24_pure9_consensus20 upstream prediction caches"", ""G4"": ""deterministic majority(G1,G2,G3); no baseline access"", ""G5"": ""outputs\\four_datasets\\dqa30_attention\\g7_pure_graph_tight\\answers\\29\\q03.json"", ""baselines"": ""outputs\\four_datasets\\dqa30_frozen_old20_baselines9b\\answers\\29\\q03.json""}"
old20,29,4,detectiveqa_29_AIsup_anno_4,A,A,,A,A,A,A,A,A,A,True,False,True,True,True,True,True,True,True,d197c7940a796503c785234d39e17ef2b6ac25389a7cb37ffd2dacbd1e0ed27f,"{""G1_G3"": ""dqa_local_c24_pure9_consensus20 upstream prediction caches"", ""G4"": ""deterministic majority(G1,G2,G3); no baseline access"", ""G5"": ""outputs\\four_datasets\\dqa30_attention\\g7_pure_graph_tight\\answers\\29\\q04.json"", ""baselines"": ""outputs\\four_datasets\\dqa30_frozen_old20_baselines9b\\answers\\29\\q04.json""}"
old20,29,5,detectiveqa_29_AIsup_anno_5,C,C,C,C,C,C,C,C,C,C,True,True,True,True,True,True,True,True,True,d197c7940a796503c785234d39e17ef2b6ac25389a7cb37ffd2dacbd1e0ed27f,"{""G1_G3"": ""dqa_local_c24_pure9_consensus20 upstream prediction caches"", ""G4"": ""deterministic majority(G1,G2,G3); no baseline access"", ""G5"": ""outputs\\four_datasets\\dqa30_attention\\g7_pure_graph_tight\\answers\\29\\q05.json"", ""baselines"": ""outputs\\four_datasets\\dqa30_frozen_old20_baselines9b\\answers\\29\\q05.json""}"
old20,29,6,detectiveqa_29_AIsup_anno_6,D,B,B,B,B,B,B,B,B,B,False,False,False,False,False,False,False,False,False,d197c7940a796503c785234d39e17ef2b6ac25389a7cb37ffd2dacbd1e0ed27f,"{""G1_G3"": ""dqa_local_c24_pure9_consensus20 upstream prediction caches"", ""G4"": ""deterministic majority(G1,G2,G3); no baseline access"", ""G5"": ""outputs\\four_datasets\\dqa30_attention\\g7_pure_graph_tight\\answers\\29\\q06.json"", ""baselines"": ""outputs\\four_datasets\\dqa30_frozen_old20_baselines9b\\answers\\29\\q06.json""}"
old20,30,0,detectiveqa_30_AIsup_anno_0,D,D,,D,D,D,A,A,D,D,True,False,True,True,True,False,False,True,True,1ef0895f6511976e7b07a120f6722e905865624b3de24763c552cced4e8b18c1,"{""G1_G3"": ""dqa_local_c24_pure9_consensus20 upstream prediction caches"", ""G4"": ""deterministic majority(G1,G2,G3); no baseline access"", ""G5"": ""outputs\\four_datasets\\dqa30_attention\\g7_pure_graph_tight\\answers\\30\\q00.json"", ""baselines"": ""outputs\\four_datasets\\dqa30_frozen_old20_baselines9b\\answers\\30\\q00.json""}"
old20,30,1,detectiveqa_30_AIsup_anno_1,A,A,A,A,A,B,D,A,C,A,True,True,True,True,False,False,True,False,True,1ef0895f6511976e7b07a120f6722e905865624b3de24763c552cced4e8b18c1,"{""G1_G3"": ""dqa_local_c24_pure9_consensus20 upstream prediction caches"", ""G4"": ""deterministic majority(G1,G2,G3); no baseline access"", ""G5"": ""outputs\\four_datasets\\dqa30_attention\\g7_pure_graph_tight\\answers\\30\\q01.json"", ""baselines"": ""outputs\\four_datasets\\dqa30_frozen_old20_baselines9b\\answers\\30\\q01.json""}"
old20,30,2,detectiveqa_30_AIsup_anno_2,D,D,D,D,D,D,D,D,D,D,True,True,True,True,True,True,True,True,True,1ef0895f6511976e7b07a120f6722e905865624b3de24763c552cced4e8b18c1,"{""G1_G3"": ""dqa_local_c24_pure9_consensus20 upstream prediction caches"", ""G4"": ""deterministic majority(G1,G2,G3); no baseline access"", ""G5"": ""outputs\\four_datasets\\dqa30_attention\\g7_pure_graph_tight\\answers\\30\\q02.json"", ""baselines"": ""outputs\\four_datasets\\dqa30_frozen_old20_baselines9b\\answers\\30\\q02.json""}"
old20,30,3,detectiveqa_30_AIsup_anno_3,C,C,A,C,C,C,A,C,C,A,True,False,True,True,True,False,True,True,False,1ef0895f6511976e7b07a120f6722e905865624b3de24763c552cced4e8b18c1,"{""G1_G3"": ""dqa_local_c24_pure9_consensus20 upstream prediction caches"", ""G4"": ""deterministic majority(G1,G2,G3); no baseline access"", ""G5"": ""outputs\\four_datasets\\dqa30_attention\\g7_pure_graph_tight\\answers\\30\\q03.json"", ""baselines"": ""outputs\\four_datasets\\dqa30_frozen_old20_baselines9b\\answers\\30\\q03.json""}"
old20,30,4,detectiveqa_30_AIsup_anno_4,D,A,B,D,A,A,A,A,A,C,False,False,True,False,False,False,False,False,False,1ef0895f6511976e7b07a120f6722e905865624b3de24763c552cced4e8b18c1,"{""G1_G3"": ""dqa_local_c24_pure9_consensus20 upstream prediction caches"", ""G4"": ""deterministic majority(G1,G2,G3); no baseline access"", ""G5"": ""outputs\\four_datasets\\dqa30_attention\\g7_pure_graph_tight\\answers\\30\\q04.json"", ""baselines"": ""outputs\\four_datasets\\dqa30_frozen_old20_baselines9b\\answers\\30\\q04.json""}"
old20,30,5,detectiveqa_30_AIsup_anno_5,D,D,D,D,D,D,D,C,D,C,True,True,True,True,True,True,False,True,False,1ef0895f6511976e7b07a120f6722e905865624b3de24763c552cced4e8b18c1,"{""G1_G3"": ""dqa_local_c24_pure9_consensus20 upstream prediction caches"", ""G4"": ""deterministic majority(G1,G2,G3); no baseline access"", ""G5"": ""outputs\\four_datasets\\dqa30_attention\\g7_pure_graph_tight\\answers\\30\\q05.json"", ""baselines"": ""outputs\\four_datasets\\dqa30_frozen_old20_baselines9b\\answers\\30\\q05.json""}"
old20,30,6,detectiveqa_30_AIsup_anno_6,C,D,D,D,D,D,C,B,D,B,False,False,False,False,False,True,False,False,False,1ef0895f6511976e7b07a120f6722e905865624b3de24763c552cced4e8b18c1,"{""G1_G3"": ""dqa_local_c24_pure9_consensus20 upstream prediction caches"", ""G4"": ""deterministic majority(G1,G2,G3); no baseline access"", ""G5"": ""outputs\\four_datasets\\dqa30_attention\\g7_pure_graph_tight\\answers\\30\\q06.json"", ""baselines"": ""outputs\\four_datasets\\dqa30_frozen_old20_baselines9b\\answers\\30\\q06.json""}"
old20,30,7,detectiveqa_30_AIsup_anno_7,D,D,D,D,D,C,D,D,D,C,True,True,True,True,False,True,True,True,False,1ef0895f6511976e7b07a120f6722e905865624b3de24763c552cced4e8b18c1,"{""G1_G3"": ""dqa_local_c24_pure9_consensus20 upstream prediction caches"", ""G4"": ""deterministic majority(G1,G2,G3); no baseline access"", ""G5"": ""outputs\\four_datasets\\dqa30_attention\\g7_pure_graph_tight\\answers\\30\\q07.json"", ""baselines"": ""outputs\\four_datasets\\dqa30_frozen_old20_baselines9b\\answers\\30\\q07.json""}"
old20,30,8,detectiveqa_30_AIsup_anno_8,D,D,A,A,A,D,B,B,D,B,True,False,False,False,True,False,False,True,False,1ef0895f6511976e7b07a120f6722e905865624b3de24763c552cced4e8b18c1,"{""G1_G3"": ""dqa_local_c24_pure9_consensus20 upstream prediction caches"", ""G4"": ""deterministic majority(G1,G2,G3); no baseline access"", ""G5"": ""outputs\\four_datasets\\dqa30_attention\\g7_pure_graph_tight\\answers\\30\\q08.json"", ""baselines"": ""outputs\\four_datasets\\dqa30_frozen_old20_baselines9b\\answers\\30\\q08.json""}"
old20,31,0,detectiveqa_31_AIsup_anno_0,B,B,B,B,B,B,B,B,B,A,True,True,True,True,True,True,True,True,False,eed05919fbd1ca43b40890d5380648a0a0c731e4987f57b552266196c98d6116,"{""G1_G3"": ""dqa_local_c24_pure9_consensus20 upstream prediction caches"", ""G4"": ""deterministic majority(G1,G2,G3); no baseline access"", ""G5"": ""outputs\\four_datasets\\dqa30_attention\\g7_pure_graph_tight\\answers\\31\\q00.json"", ""baselines"": ""outputs\\four_datasets\\dqa30_frozen_old20_baselines9b\\answers\\31\\q00.json""}"
old20,31,1,detectiveqa_31_AIsup_anno_1,C,D,B,D,D,C,C,C,B,A,False,False,False,False,True,True,True,False,False,eed05919fbd1ca43b40890d5380648a0a0c731e4987f57b552266196c98d6116,"{""G1_G3"": ""dqa_local_c24_pure9_consensus20 upstream prediction caches"", ""G4"": ""deterministic majority(G1,G2,G3); no baseline access"", ""G5"": ""outputs\\four_datasets\\dqa30_attention\\g7_pure_graph_tight\\answers\\31\\q01.json"", ""baselines"": ""outputs\\four_datasets\\dqa30_frozen_old20_baselines9b\\answers\\31\\q01.json""}"
old20,31,2,detectiveqa_31_AIsup_anno_2,B,C,D,D,D,B,D,D,B,B,False,False,False,False,True,False,False,True,True,eed05919fbd1ca43b40890d5380648a0a0c731e4987f57b552266196c98d6116,"{""G1_G3"": ""dqa_local_c24_pure9_consensus20 upstream prediction caches"", ""G4"": ""deterministic majority(G1,G2,G3); no baseline access"", ""G5"": ""outputs\\four_datasets\\dqa30_attention\\g7_pure_graph_tight\\answers\\31\\q02.json"", ""baselines"": ""outputs\\four_datasets\\dqa30_frozen_old20_baselines9b\\answers\\31\\q02.json""}"
old20,31,3,detectiveqa_31_AIsup_anno_3,D,C,D,D,D,D,D,D,C,C,False,True,True,True,True,True,True,False,False,eed05919fbd1ca43b40890d5380648a0a0c731e4987f57b552266196c98d6116,"{""G1_G3"": ""dqa_local_c24_pure9_consensus20 upstream prediction caches"", ""G4"": ""deterministic majority(G1,G2,G3); no baseline access"", ""G5"": ""outputs\\four_datasets\\dqa30_attention\\g7_pure_graph_tight\\answers\\31\\q03.json"", ""baselines"": ""outputs\\four_datasets\\dqa30_frozen_old20_baselines9b\\answers\\31\\q03.json""}"
old20,31,4,detectiveqa_31_AIsup_anno_4,A,D,D,,D,D,D,D,D,D,False,False,False,False,False,False,False,False,False,eed05919fbd1ca43b40890d5380648a0a0c731e4987f57b552266196c98d6116,"{""G1_G3"": ""dqa_local_c24_pure9_consensus20 upstream prediction caches"", ""G4"": ""deterministic majority(G1,G2,G3); no baseline access"", ""G5"": ""outputs\\four_datasets\\dqa30_attention\\g7_pure_graph_tight\\answers\\31\\q04.json"", ""baselines"": ""outputs\\four_datasets\\dqa30_frozen_old20_baselines9b\\answers\\31\\q04.json""}"
old20,31,5,detectiveqa_31_AIsup_anno_5,A,A,A,A,A,A,A,A,A,A,True,True,True,True,True,True,True,True,True,eed05919fbd1ca43b40890d5380648a0a0c731e4987f57b552266196c98d6116,"{""G1_G3"": ""dqa_local_c24_pure9_consensus20 upstream prediction caches"", ""G4"": ""deterministic majority(G1,G2,G3); no baseline access"", ""G5"": ""outputs\\four_datasets\\dqa30_attention\\g7_pure_graph_tight\\answers\\31\\q05.json"", ""baselines"": ""outputs\\four_datasets\\dqa30_frozen_old20_baselines9b\\answers\\31\\q05.json""}"
old20,31,6,detectiveqa_31_AIsup_anno_6,B,D,A,D,D,D,D,D,D,B,False,False,False,False,False,False,False,False,True,eed05919fbd1ca43b40890d5380648a0a0c731e4987f57b552266196c98d6116,"{""G1_G3"": ""dqa_local_c24_pure9_consensus20 upstream prediction caches"", ""G4"": ""deterministic majority(G1,G2,G3); no baseline access"", ""G5"": ""outputs\\four_datasets\\dqa30_attention\\g7_pure_graph_tight\\answers\\31\\q06.json"", ""baselines"": ""outputs\\four_datasets\\dqa30_frozen_old20_baselines9b\\answers\\31\\q06.json""}"
old20,31,7,detectiveqa_31_AIsup_anno_7,D,C,C,C,C,B,C,C,C,C,False,False,False,False,False,False,False,False,False,eed05919fbd1ca43b40890d5380648a0a0c731e4987f57b552266196c98d6116,"{""G1_G3"": ""dqa_local_c24_pure9_consensus20 upstream prediction caches"", ""G4"": ""deterministic majority(G1,G2,G3); no baseline access"", ""G5"": ""outputs\\four_datasets\\dqa30_attention\\g7_pure_graph_tight\\answers\\31\\q07.json"", ""baselines"": ""outputs\\four_datasets\\dqa30_frozen_old20_baselines9b\\answers\\31\\q07.json""}"
old20,31,8,detectiveqa_31_AIsup_anno_8,D,C,C,D,C,C,C,C,C,C,False,False,True,False,False,False,False,False,False,eed05919fbd1ca43b40890d5380648a0a0c731e4987f57b552266196c98d6116,"{""G1_G3"": ""dqa_local_c24_pure9_consensus20 upstream prediction caches"", ""G4"": ""deterministic majority(G1,G2,G3); no baseline access"", ""G5"": ""outputs\\four_datasets\\dqa30_attention\\g7_pure_graph_tight\\answers\\31\\q08.json"", ""baselines"": ""outputs\\four_datasets\\dqa30_frozen_old20_baselines9b\\answers\\31\\q08.json""}"
old20,33,0,detectiveqa_33_AIsup_anno_0,B,B,B,D,B,B,D,D,B,B,True,True,False,True,True,False,False,True,True,07e531f3974bd71d8e697318a2431bcfbbeb9b82e5f8e1cb5bd887fc4eaed436,"{""G1_G3"": ""dqa_local_c24_pure9_consensus20 upstream prediction caches"", ""G4"": ""deterministic majority(G1,G2,G3); no baseline access"", ""G5"": ""outputs\\four_datasets\\dqa30_attention\\g7_pure_graph_tight\\answers\\33\\q00.json"", ""baselines"": ""outputs\\four_datasets\\dqa30_frozen_old20_baselines9b\\answers\\33\\q00.json""}"
old20,33,1,detectiveqa_33_AIsup_anno_1,D,D,D,D,D,C,D,D,D,D,True,True,True,True,False,True,True,True,True,07e531f3974bd71d8e697318a2431bcfbbeb9b82e5f8e1cb5bd887fc4eaed436,"{""G1_G3"": ""dqa_local_c24_pure9_consensus20 upstream prediction caches"", ""G4"": ""deterministic majority(G1,G2,G3); no baseline access"", ""G5"": ""outputs\\four_datasets\\dqa30_attention\\g7_pure_graph_tight\\answers\\33\\q01.json"", ""baselines"": ""outputs\\four_datasets\\dqa30_frozen_old20_baselines9b\\answers\\33\\q01.json""}"
old20,33,2,detectiveqa_33_AIsup_anno_2,D,A,A,A,A,D,D,D,D,D,False,False,False,False,True,True,True,True,True,07e531f3974bd71d8e697318a2431bcfbbeb9b82e5f8e1cb5bd887fc4eaed436,"{""G1_G3"": ""dqa_local_c24_pure9_consensus20 upstream prediction caches"", ""G4"": ""deterministic majority(G1,G2,G3); no baseline access"", ""G5"": ""outputs\\four_datasets\\dqa30_attention\\g7_pure_graph_tight\\answers\\33\\q02.json"", ""baselines"": ""outputs\\four_datasets\\dqa30_frozen_old20_baselines9b\\answers\\33\\q02.json""}"
old20,33,3,detectiveqa_33_AIsup_anno_3,B,B,B,B,B,C,C,C,B,C,True,True,True,True,False,False,False,True,False,07e531f3974bd71d8e697318a2431bcfbbeb9b82e5f8e1cb5bd887fc4eaed436,"{""G1_G3"": ""dqa_local_c24_pure9_consensus20 upstream prediction caches"", ""G4"": ""deterministic majority(G1,G2,G3); no baseline access"", ""G5"": ""outputs\\four_datasets\\dqa30_attention\\g7_pure_graph_tight\\answers\\33\\q03.json"", ""baselines"": ""outputs\\four_datasets\\dqa30_frozen_old20_baselines9b\\answers\\33\\q03.json""}"
old20,33,4,detectiveqa_33_AIsup_anno_4,D,A,A,A,A,D,D,A,A,A,False,False,False,False,True,True,False,False,False,07e531f3974bd71d8e697318a2431bcfbbeb9b82e5f8e1cb5bd887fc4eaed436,"{""G1_G3"": ""dqa_local_c24_pure9_consensus20 upstream prediction caches"", ""G4"": ""deterministic majority(G1,G2,G3); no baseline access"", ""G5"": ""outputs\\four_datasets\\dqa30_attention\\g7_pure_graph_tight\\answers\\33\\q04.json"", ""baselines"": ""outputs\\four_datasets\\dqa30_frozen_old20_baselines9b\\answers\\33\\q04.json""}"
old20,33,5,detectiveqa_33_AIsup_anno_5,B,C,B,B,B,D,A,B,C,B,False,True,True,True,False,False,True,False,True,07e531f3974bd71d8e697318a2431bcfbbeb9b82e5f8e1cb5bd887fc4eaed436,"{""G1_G3"": ""dqa_local_c24_pure9_consensus20 upstream prediction caches"", ""G4"": ""deterministic majority(G1,G2,G3); no baseline access"", ""G5"": ""outputs\\four_datasets\\dqa30_attention\\g7_pure_graph_tight\\answers\\33\\q05.json"", ""baselines"": ""outputs\\four_datasets\\dqa30_frozen_old20_baselines9b\\answers\\33\\q05.json""}"
old20,40,0,detectiveqa_40_AIsup_anno_0,B,B,B,C,B,B,B,B,B,B,True,True,False,True,True,True,True,True,True,d01ebbd770ccf7b0f0f271856c19a006fd54f42bc0af54911f417e5c83338930,"{""G1_G3"": ""dqa_local_c24_pure9_consensus20 upstream prediction caches"", ""G4"": ""deterministic majority(G1,G2,G3); no baseline access"", ""G5"": ""outputs\\four_datasets\\dqa30_attention\\g7_pure_graph_tight\\answers\\40\\q00.json"", ""baselines"": ""outputs\\four_datasets\\dqa30_frozen_old20_baselines9b\\answers\\40\\q00.json""}"
old20,40,1,detectiveqa_40_AIsup_anno_1,A,D,D,D,D,D,B,D,B,B,False,False,False,False,False,False,False,False,False,d01ebbd770ccf7b0f0f271856c19a006fd54f42bc0af54911f417e5c83338930,"{""G1_G3"": ""dqa_local_c24_pure9_consensus20 upstream prediction caches"", ""G4"": ""deterministic majority(G1,G2,G3); no baseline access"", ""G5"": ""outputs\\four_datasets\\dqa30_attention\\g7_pure_graph_tight\\answers\\40\\q01.json"", ""baselines"": ""outputs\\four_datasets\\dqa30_frozen_old20_baselines9b\\answers\\40\\q01.json""}"
old20,40,2,detectiveqa_40_AIsup_anno_2,B,A,A,A,A,A,B,B,A,A,False,False,False,False,False,True,True,False,False,d01ebbd770ccf7b0f0f271856c19a006fd54f42bc0af54911f417e5c83338930,"{""G1_G3"": ""dqa_local_c24_pure9_consensus20 upstream prediction caches"", ""G4"": ""deterministic majority(G1,G2,G3); no baseline access"", ""G5"": ""outputs\\four_datasets\\dqa30_attention\\g7_pure_graph_tight\\answers\\40\\q02.json"", ""baselines"": ""outputs\\four_datasets\\dqa30_frozen_old20_baselines9b\\answers\\40\\q02.json""}"
old20,40,3,detectiveqa_40_AIsup_anno_3,D,C,C,D,C,C,D,D,D,D,False,False,True,False,False,True,True,True,True,d01ebbd770ccf7b0f0f271856c19a006fd54f42bc0af54911f417e5c83338930,"{""G1_G3"": ""dqa_local_c24_pure9_consensus20 upstream prediction caches"", ""G4"": ""deterministic majority(G1,G2,G3); no baseline access"", ""G5"": ""outputs\\four_datasets\\dqa30_attention\\g7_pure_graph_tight\\answers\\40\\q03.json"", ""baselines"": ""outputs\\four_datasets\\dqa30_frozen_old20_baselines9b\\answers\\40\\q03.json""}"
old20,40,4,detectiveqa_40_AIsup_anno_4,D,D,B,D,D,B,D,D,D,D,True,False,True,True,False,True,True,True,True,d01ebbd770ccf7b0f0f271856c19a006fd54f42bc0af54911f417e5c83338930,"{""G1_G3"": ""dqa_local_c24_pure9_consensus20 upstream prediction caches"", ""G4"": ""deterministic majority(G1,G2,G3); no baseline access"", ""G5"": ""outputs\\four_datasets\\dqa30_attention\\g7_pure_graph_tight\\answers\\40\\q04.json"", ""baselines"": ""outputs\\four_datasets\\dqa30_frozen_old20_baselines9b\\answers\\40\\q04.json""}"
old20,40,5,detectiveqa_40_AIsup_anno_5,A,D,A,D,D,A,D,D,D,D,False,True,False,False,True,False,False,False,False,d01ebbd770ccf7b0f0f271856c19a006fd54f42bc0af54911f417e5c83338930,"{""G1_G3"": ""dqa_local_c24_pure9_consensus20 upstream prediction caches"", ""G4"": ""deterministic majority(G1,G2,G3); no baseline access"", ""G5"": ""outputs\\four_datasets\\dqa30_attention\\g7_pure_graph_tight\\answers\\40\\q05.json"", ""baselines"": ""outputs\\four_datasets\\dqa30_frozen_old20_baselines9b\\answers\\40\\q05.json""}"
old20,40,6,detectiveqa_40_AIsup_anno_6,B,B,B,B,B,B,B,A,B,A,True,True,True,True,True,True,False,True,False,d01ebbd770ccf7b0f0f271856c19a006fd54f42bc0af54911f417e5c83338930,"{""G1_G3"": ""dqa_local_c24_pure9_consensus20 upstream prediction caches"", ""G4"": ""deterministic majority(G1,G2,G3); no baseline access"", ""G5"": ""outputs\\four_datasets\\dqa30_attention\\g7_pure_graph_tight\\answers\\40\\q06.json"", ""baselines"": ""outputs\\four_datasets\\dqa30_frozen_old20_baselines9b\\answers\\40\\q06.json""}"
old20,40,7,detectiveqa_40_AIsup_anno_7,C,C,B,C,C,C,C,C,C,C,True,False,True,True,True,True,True,True,True,d01ebbd770ccf7b0f0f271856c19a006fd54f42bc0af54911f417e5c83338930,"{""G1_G3"": ""dqa_local_c24_pure9_consensus20 upstream prediction caches"", ""G4"": ""deterministic majority(G1,G2,G3); no baseline access"", ""G5"": ""outputs\\four_datasets\\dqa30_attention\\g7_pure_graph_tight\\answers\\40\\q07.json"", ""baselines"": ""outputs\\four_datasets\\dqa30_frozen_old20_baselines9b\\answers\\40\\q07.json""}"
old20,53,0,detectiveqa_53_AIsup_anno_0,B,B,B,B,B,B,A,B,B,B,True,True,True,True,True,False,True,True,True,e4ce0a4be9f3dd6942f88001b1163681d9c94877122ed821a915578a946f0f2b,"{""G1_G3"": ""dqa_local_c24_pure9_consensus20 upstream prediction caches"", ""G4"": ""deterministic majority(G1,G2,G3); no baseline access"", ""G5"": ""outputs\\four_datasets\\dqa30_attention\\g7_pure_graph_tight\\answers\\53\\q00.json"", ""baselines"": ""outputs\\four_datasets\\dqa30_frozen_old20_baselines9b\\answers\\53\\q00.json""}"
old20,53,1,detectiveqa_53_AIsup_anno_1,B,A,A,A,A,A,A,A,A,A,False,False,False,False,False,False,False,False,False,e4ce0a4be9f3dd6942f88001b1163681d9c94877122ed821a915578a946f0f2b,"{""G1_G3"": ""dqa_local_c24_pure9_consensus20 upstream prediction caches"", ""G4"": ""deterministic majority(G1,G2,G3); no baseline access"", ""G5"": ""outputs\\four_datasets\\dqa30_attention\\g7_pure_graph_tight\\answers\\53\\q01.json"", ""baselines"": ""outputs\\four_datasets\\dqa30_frozen_old20_baselines9b\\answers\\53\\q01.json""}"
old20,53,2,detectiveqa_53_AIsup_anno_2,D,,A,,,D,D,D,D,C,False,False,False,False,True,True,True,True,False,e4ce0a4be9f3dd6942f88001b1163681d9c94877122ed821a915578a946f0f2b,"{""G1_G3"": ""dqa_local_c24_pure9_consensus20 upstream prediction caches"", ""G4"": ""deterministic majority(G1,G2,G3); no baseline access"", ""G5"": ""outputs\\four_datasets\\dqa30_attention\\g7_pure_graph_tight\\answers\\53\\q02.json"", ""baselines"": ""outputs\\four_datasets\\dqa30_frozen_old20_baselines9b\\answers\\53\\q02.json""}"
old20,53,3,detectiveqa_53_AIsup_anno_3,B,B,B,B,B,A,B,B,B,A,True,True,True,True,False,True,True,True,False,e4ce0a4be9f3dd6942f88001b1163681d9c94877122ed821a915578a946f0f2b,"{""G1_G3"": ""dqa_local_c24_pure9_consensus20 upstream prediction caches"", ""G4"": ""deterministic majority(G1,G2,G3); no baseline access"", ""G5"": ""outputs\\four_datasets\\dqa30_attention\\g7_pure_graph_tight\\answers\\53\\q03.json"", ""baselines"": ""outputs\\four_datasets\\dqa30_frozen_old20_baselines9b\\answers\\53\\q03.json""}"
old20,53,4,detectiveqa_53_AIsup_anno_4,A,A,A,A,A,A,B,B,A,A,True,True,True,True,True,False,False,True,True,e4ce0a4be9f3dd6942f88001b1163681d9c94877122ed821a915578a946f0f2b,"{""G1_G3"": ""dqa_local_c24_pure9_consensus20 upstream prediction caches"", ""G4"": ""deterministic majority(G1,G2,G3); no baseline access"", ""G5"": ""outputs\\four_datasets\\dqa30_attention\\g7_pure_graph_tight\\answers\\53\\q04.json"", ""baselines"": ""outputs\\four_datasets\\dqa30_frozen_old20_baselines9b\\answers\\53\\q04.json""}"
old20,53,5,detectiveqa_53_AIsup_anno_5,B,C,B,B,B,C,B,C,C,C,False,True,True,True,False,True,False,False,False,e4ce0a4be9f3dd6942f88001b1163681d9c94877122ed821a915578a946f0f2b,"{""G1_G3"": ""dqa_local_c24_pure9_consensus20 upstream prediction caches"", ""G4"": ""deterministic majority(G1,G2,G3); no baseline access"", ""G5"": ""outputs\\four_datasets\\dqa30_attention\\g7_pure_graph_tight\\answers\\53\\q05.json"", ""baselines"": ""outputs\\four_datasets\\dqa30_frozen_old20_baselines9b\\answers\\53\\q05.json""}"
old20,53,6,detectiveqa_53_AIsup_anno_6,C,C,C,C,C,C,C,C,C,C,True,True,True,True,True,True,True,True,True,e4ce0a4be9f3dd6942f88001b1163681d9c94877122ed821a915578a946f0f2b,"{""G1_G3"": ""dqa_local_c24_pure9_consensus20 upstream prediction caches"", ""G4"": ""deterministic majority(G1,G2,G3); no baseline access"", ""G5"": ""outputs\\four_datasets\\dqa30_attention\\g7_pure_graph_tight\\answers\\53\\q06.json"", ""baselines"": ""outputs\\four_datasets\\dqa30_frozen_old20_baselines9b\\answers\\53\\q06.json""}"
old20,56,0,detectiveqa_56_AIsup_anno_0,A,C,A,C,C,A,C,A,C,A,False,True,False,False,True,False,True,False,True,4902a3c316e740a0e84dadaa11e6a92290a6d967a443f34a9d79f13b67f40db7,"{""G1_G3"": ""dqa_local_c24_pure9_consensus20 upstream prediction caches"", ""G4"": ""deterministic majority(G1,G2,G3); no baseline access"", ""G5"": ""outputs\\four_datasets\\dqa30_attention\\g7_pure_graph_tight\\answers\\56\\q00.json"", ""baselines"": ""outputs\\four_datasets\\dqa30_frozen_old20_baselines9b\\answers\\56\\q00.json""}"
old20,56,1,detectiveqa_56_AIsup_anno_1,B,C,D,D,D,C,C,C,C,C,False,False,False,False,False,False,False,False,False,4902a3c316e740a0e84dadaa11e6a92290a6d967a443f34a9d79f13b67f40db7,"{""G1_G3"": ""dqa_local_c24_pure9_consensus20 upstream prediction caches"", ""G4"": ""deterministic majority(G1,G2,G3); no baseline access"", ""G5"": ""outputs\\four_datasets\\dqa30_attention\\g7_pure_graph_tight\\answers\\56\\q01.json"", ""baselines"": ""outputs\\four_datasets\\dqa30_frozen_old20_baselines9b\\answers\\56\\q01.json""}"
old20,56,2,detectiveqa_56_AIsup_anno_2,B,A,A,A,A,A,B,B,A,B,False,False,False,False,False,True,True,False,True,4902a3c316e740a0e84dadaa11e6a92290a6d967a443f34a9d79f13b67f40db7,"{""G1_G3"": ""dqa_local_c24_pure9_consensus20 upstream prediction caches"", ""G4"": ""deterministic majority(G1,G2,G3); no baseline access"", ""G5"": ""outputs\\four_datasets\\dqa30_attention\\g7_pure_graph_tight\\answers\\56\\q02.json"", ""baselines"": ""outputs\\four_datasets\\dqa30_frozen_old20_baselines9b\\answers\\56\\q02.json""}"
old20,56,3,detectiveqa_56_AIsup_anno_3,A,B,B,B,B,A,C,C,B,A,False,False,False,False,True,False,False,False,True,4902a3c316e740a0e84dadaa11e6a92290a6d967a443f34a9d79f13b67f40db7,"{""G1_G3"": ""dqa_local_c24_pure9_consensus20 upstream prediction caches"", ""G4"": ""deterministic majority(G1,G2,G3); no baseline access"", ""G5"": ""outputs\\four_datasets\\dqa30_attention\\g7_pure_graph_tight\\answers\\56\\q03.json"", ""baselines"": ""outputs\\four_datasets\\dqa30_frozen_old20_baselines9b\\answers\\56\\q03.json""}"
old20,56,4,detectiveqa_56_AIsup_anno_4,C,C,B,B,B,A,C,C,C,A,True,False,False,False,False,True,True,True,False,4902a3c316e740a0e84dadaa11e6a92290a6d967a443f34a9d79f13b67f40db7,"{""G1_G3"": ""dqa_local_c24_pure9_consensus20 upstream prediction caches"", ""G4"": ""deterministic majority(G1,G2,G3); no baseline access"", ""G5"": ""outputs\\four_datasets\\dqa30_attention\\g7_pure_graph_tight\\answers\\56\\q04.json"", ""baselines"": ""outputs\\four_datasets\\dqa30_frozen_old20_baselines9b\\answers\\56\\q04.json""}"
old20,56,5,detectiveqa_56_AIsup_anno_5,B,B,B,B,B,C,C,B,B,C,True,True,True,True,False,False,True,True,False,4902a3c316e740a0e84dadaa11e6a92290a6d967a443f34a9d79f13b67f40db7,"{""G1_G3"": ""dqa_local_c24_pure9_consensus20 upstream prediction caches"", ""G4"": ""deterministic majority(G1,G2,G3); no baseline access"", ""G5"": ""outputs\\four_datasets\\dqa30_attention\\g7_pure_graph_tight\\answers\\56\\q05.json"", ""baselines"": ""outputs\\four_datasets\\dqa30_frozen_old20_baselines9b\\answers\\56\\q05.json""}"
old20,56,6,detectiveqa_56_AIsup_anno_6,B,C,B,C,C,C,C,C,C,A,False,True,False,False,False,False,False,False,False,4902a3c316e740a0e84dadaa11e6a92290a6d967a443f34a9d79f13b67f40db7,"{""G1_G3"": ""dqa_local_c24_pure9_consensus20 upstream prediction caches"", ""G4"": ""deterministic majority(G1,G2,G3); no baseline access"", ""G5"": ""outputs\\four_datasets\\dqa30_attention\\g7_pure_graph_tight\\answers\\56\\q06.json"", ""baselines"": ""outputs\\four_datasets\\dqa30_frozen_old20_baselines9b\\answers\\56\\q06.json""}"
old20,56,7,detectiveqa_56_AIsup_anno_7,C,C,C,C,C,C,C,B,C,A,True,True,True,True,True,True,False,True,False,4902a3c316e740a0e84dadaa11e6a92290a6d967a443f34a9d79f13b67f40db7,"{""G1_G3"": ""dqa_local_c24_pure9_consensus20 upstream prediction caches"", ""G4"": ""deterministic majority(G1,G2,G3); no baseline access"", ""G5"": ""outputs\\four_datasets\\dqa30_attention\\g7_pure_graph_tight\\answers\\56\\q07.json"", ""baselines"": ""outputs\\four_datasets\\dqa30_frozen_old20_baselines9b\\answers\\56\\q07.json""}"
old20,56,8,detectiveqa_56_AIsup_anno_8,B,A,B,B,B,B,D,A,A,A,False,True,True,True,True,False,False,False,False,4902a3c316e740a0e84dadaa11e6a92290a6d967a443f34a9d79f13b67f40db7,"{""G1_G3"": ""dqa_local_c24_pure9_consensus20 upstream prediction caches"", ""G4"": ""deterministic majority(G1,G2,G3); no baseline access"", ""G5"": ""outputs\\four_datasets\\dqa30_attention\\g7_pure_graph_tight\\answers\\56\\q08.json"", ""baselines"": ""outputs\\four_datasets\\dqa30_frozen_old20_baselines9b\\answers\\56\\q08.json""}"
old20,56,9,detectiveqa_56_AIsup_anno_9,B,C,D,D,D,A,D,B,A,A,False,False,False,False,False,False,True,False,False,4902a3c316e740a0e84dadaa11e6a92290a6d967a443f34a9d79f13b67f40db7,"{""G1_G3"": ""dqa_local_c24_pure9_consensus20 upstream prediction caches"", ""G4"": ""deterministic majority(G1,G2,G3); no baseline access"", ""G5"": ""outputs\\four_datasets\\dqa30_attention\\g7_pure_graph_tight\\answers\\56\\q09.json"", ""baselines"": ""outputs\\four_datasets\\dqa30_frozen_old20_baselines9b\\answers\\56\\q09.json""}"
old20,79,0,detectiveqa_79_AIsup_anno_0,C,A,A,A,A,A,B,C,A,C,False,False,False,False,False,False,True,False,True,de8bf0dc435b5447ff638affc9aa9b73e882eceace7fa11ad359334ae6709c7a,"{""G1_G3"": ""dqa_local_c24_pure9_consensus20 upstream prediction caches"", ""G4"": ""deterministic majority(G1,G2,G3); no baseline access"", ""G5"": ""outputs\\four_datasets\\dqa30_attention\\g7_pure_graph_tight\\answers\\79\\q00.json"", ""baselines"": ""outputs\\four_datasets\\dqa30_frozen_old20_baselines9b\\answers\\79\\q00.json""}"
old20,79,1,detectiveqa_79_AIsup_anno_1,C,A,A,A,A,D,A,C,A,A,False,False,False,False,False,False,True,False,False,de8bf0dc435b5447ff638affc9aa9b73e882eceace7fa11ad359334ae6709c7a,"{""G1_G3"": ""dqa_local_c24_pure9_consensus20 upstream prediction caches"", ""G4"": ""deterministic majority(G1,G2,G3); no baseline access"", ""G5"": ""outputs\\four_datasets\\dqa30_attention\\g7_pure_graph_tight\\answers\\79\\q01.json"", ""baselines"": ""outputs\\four_datasets\\dqa30_frozen_old20_baselines9b\\answers\\79\\q01.json""}"
old20,79,2,detectiveqa_79_AIsup_anno_2,C,C,C,C,C,C,C,C,C,C,True,True,True,True,True,True,True,True,True,de8bf0dc435b5447ff638affc9aa9b73e882eceace7fa11ad359334ae6709c7a,"{""G1_G3"": ""dqa_local_c24_pure9_consensus20 upstream prediction caches"", ""G4"": ""deterministic majority(G1,G2,G3); no baseline access"", ""G5"": ""outputs\\four_datasets\\dqa30_attention\\g7_pure_graph_tight\\answers\\79\\q02.json"", ""baselines"": ""outputs\\four_datasets\\dqa30_frozen_old20_baselines9b\\answers\\79\\q02.json""}"
old20,79,3,detectiveqa_79_AIsup_anno_3,C,C,B,D,C,C,C,C,C,D,True,False,False,True,True,True,True,True,False,de8bf0dc435b5447ff638affc9aa9b73e882eceace7fa11ad359334ae6709c7a,"{""G1_G3"": ""dqa_local_c24_pure9_consensus20 upstream prediction caches"", ""G4"": ""deterministic majority(G1,G2,G3); no baseline access"", ""G5"": ""outputs\\four_datasets\\dqa30_attention\\g7_pure_graph_tight\\answers\\79\\q03.json"", ""baselines"": ""outputs\\four_datasets\\dqa30_frozen_old20_baselines9b\\answers\\79\\q03.json""}"
old20,79,4,detectiveqa_79_AIsup_anno_4,C,D,D,D,D,D,C,C,D,D,False,False,False,False,False,True,True,False,False,de8bf0dc435b5447ff638affc9aa9b73e882eceace7fa11ad359334ae6709c7a,"{""G1_G3"": ""dqa_local_c24_pure9_consensus20 upstream prediction caches"", ""G4"": ""deterministic majority(G1,G2,G3); no baseline access"", ""G5"": ""outputs\\four_datasets\\dqa30_attention\\g7_pure_graph_tight\\answers\\79\\q04.json"", ""baselines"": ""outputs\\four_datasets\\dqa30_frozen_old20_baselines9b\\answers\\79\\q04.json""}"
old20,79,5,detectiveqa_79_AIsup_anno_5,A,C,B,D,C,A,C,B,C,B,False,False,False,False,True,False,False,False,False,de8bf0dc435b5447ff638affc9aa9b73e882eceace7fa11ad359334ae6709c7a,"{""G1_G3"": ""dqa_local_c24_pure9_consensus20 upstream prediction caches"", ""G4"": ""deterministic majority(G1,G2,G3); no baseline access"", ""G5"": ""outputs\\four_datasets\\dqa30_attention\\g7_pure_graph_tight\\answers\\79\\q05.json"", ""baselines"": ""outputs\\four_datasets\\dqa30_frozen_old20_baselines9b\\answers\\79\\q05.json""}"
old20,79,6,detectiveqa_79_human_anno_0,B,B,B,B,B,B,B,B,B,B,True,True,True,True,True,True,True,True,True,de8bf0dc435b5447ff638affc9aa9b73e882eceace7fa11ad359334ae6709c7a,"{""G1_G3"": ""dqa_local_c24_pure9_consensus20 upstream prediction caches"", ""G4"": ""deterministic majority(G1,G2,G3); no baseline access"", ""G5"": ""outputs\\four_datasets\\dqa30_attention\\g7_pure_graph_tight\\answers\\79\\q06.json"", ""baselines"": ""outputs\\four_datasets\\dqa30_frozen_old20_baselines9b\\answers\\79\\q06.json""}"
old20,79,7,detectiveqa_79_human_anno_1,C,A,A,A,A,A,A,A,A,A,False,False,False,False,False,False,False,False,False,de8bf0dc435b5447ff638affc9aa9b73e882eceace7fa11ad359334ae6709c7a,"{""G1_G3"": ""dqa_local_c24_pure9_consensus20 upstream prediction caches"", ""G4"": ""deterministic majority(G1,G2,G3); no baseline access"", ""G5"": ""outputs\\four_datasets\\dqa30_attention\\g7_pure_graph_tight\\answers\\79\\q07.json"", ""baselines"": ""outputs\\four_datasets\\dqa30_frozen_old20_baselines9b\\answers\\79\\q07.json""}"
old20,79,8,detectiveqa_79_human_anno_2,C,A,A,A,A,A,A,A,A,C,False,False,False,False,False,False,False,False,True,de8bf0dc435b5447ff638affc9aa9b73e882eceace7fa11ad359334ae6709c7a,"{""G1_G3"": ""dqa_local_c24_pure9_consensus20 upstream prediction caches"", ""G4"": ""deterministic majority(G1,G2,G3); no baseline access"", ""G5"": ""outputs\\four_datasets\\dqa30_attention\\g7_pure_graph_tight\\answers\\79\\q08.json"", ""baselines"": ""outputs\\four_datasets\\dqa30_frozen_old20_baselines9b\\answers\\79\\q08.json""}"
old20,79,9,detectiveqa_79_human_anno_3,C,A,A,A,A,A,C,A,A,C,False,False,False,False,False,True,False,False,True,de8bf0dc435b5447ff638affc9aa9b73e882eceace7fa11ad359334ae6709c7a,"{""G1_G3"": ""dqa_local_c24_pure9_consensus20 upstream prediction caches"", ""G4"": ""deterministic majority(G1,G2,G3); no baseline access"", ""G5"": ""outputs\\four_datasets\\dqa30_attention\\g7_pure_graph_tight\\answers\\79\\q09.json"", ""baselines"": ""outputs\\four_datasets\\dqa30_frozen_old20_baselines9b\\answers\\79\\q09.json""}"
old20,79,10,detectiveqa_79_human_anno_4,D,C,A,A,A,D,D,D,C,C,False,False,False,False,True,True,True,False,False,de8bf0dc435b5447ff638affc9aa9b73e882eceace7fa11ad359334ae6709c7a,"{""G1_G3"": ""dqa_local_c24_pure9_consensus20 upstream prediction caches"", ""G4"": ""deterministic majority(G1,G2,G3); no baseline access"", ""G5"": ""outputs\\four_datasets\\dqa30_attention\\g7_pure_graph_tight\\answers\\79\\q10.json"", ""baselines"": ""outputs\\four_datasets\\dqa30_frozen_old20_baselines9b\\answers\\79\\q10.json""}"
old20,81,0,detectiveqa_81_AIsup_anno_0,A,C,C,C,C,A,C,C,C,C,False,False,False,False,True,False,False,False,False,cd81a0a5b5ba1a96da13b0f85da6bbc6c2f9451b0cb86e01f124dd98a31cab20,"{""G1_G3"": ""dqa_local_c24_pure9_consensus20 upstream prediction caches"", ""G4"": ""deterministic majority(G1,G2,G3); no baseline access"", ""G5"": ""outputs\\four_datasets\\dqa30_attention\\g7_pure_graph_tight\\answers\\81\\q00.json"", ""baselines"": ""outputs\\four_datasets\\dqa30_frozen_old20_baselines9b\\answers\\81\\q00.json""}"
old20,81,1,detectiveqa_81_AIsup_anno_1,A,A,A,D,A,C,D,A,A,D,True,True,False,True,False,False,True,True,False,cd81a0a5b5ba1a96da13b0f85da6bbc6c2f9451b0cb86e01f124dd98a31cab20,"{""G1_G3"": ""dqa_local_c24_pure9_consensus20 upstream prediction caches"", ""G4"": ""deterministic majority(G1,G2,G3); no baseline access"", ""G5"": ""outputs\\four_datasets\\dqa30_attention\\g7_pure_graph_tight\\answers\\81\\q01.json"", ""baselines"": ""outputs\\four_datasets\\dqa30_frozen_old20_baselines9b\\answers\\81\\q01.json""}"
old20,81,2,detectiveqa_81_AIsup_anno_2,C,D,D,D,D,D,D,C,C,D,False,False,False,False,False,False,True,True,False,cd81a0a5b5ba1a96da13b0f85da6bbc6c2f9451b0cb86e01f124dd98a31cab20,"{""G1_G3"": ""dqa_local_c24_pure9_consensus20 upstream prediction caches"", ""G4"": ""deterministic majority(G1,G2,G3); no baseline access"", ""G5"": ""outputs\\four_datasets\\dqa30_attention\\g7_pure_graph_tight\\answers\\81\\q02.json"", ""baselines"": ""outputs\\four_datasets\\dqa30_frozen_old20_baselines9b\\answers\\81\\q02.json""}"
old20,81,3,detectiveqa_81_AIsup_anno_3,A,B,B,A,B,B,B,B,B,B,False,False,True,False,False,False,False,False,False,cd81a0a5b5ba1a96da13b0f85da6bbc6c2f9451b0cb86e01f124dd98a31cab20,"{""G1_G3"": ""dqa_local_c24_pure9_consensus20 upstream prediction caches"", ""G4"": ""deterministic majority(G1,G2,G3); no baseline access"", ""G5"": ""outputs\\four_datasets\\dqa30_attention\\g7_pure_graph_tight\\answers\\81\\q03.json"", ""baselines"": ""outputs\\four_datasets\\dqa30_frozen_old20_baselines9b\\answers\\81\\q03.json""}"
old20,81,4,detectiveqa_81_AIsup_anno_4,B,B,B,B,B,A,B,B,B,A,True,True,True,True,False,True,True,True,False,cd81a0a5b5ba1a96da13b0f85da6bbc6c2f9451b0cb86e01f124dd98a31cab20,"{""G1_G3"": ""dqa_local_c24_pure9_consensus20 upstream prediction caches"", ""G4"": ""deterministic majority(G1,G2,G3); no baseline access"", ""G5"": ""outputs\\four_datasets\\dqa30_attention\\g7_pure_graph_tight\\answers\\81\\q04.json"", ""baselines"": ""outputs\\four_datasets\\dqa30_frozen_old20_baselines9b\\answers\\81\\q04.json""}"
old20,81,5,detectiveqa_81_AIsup_anno_5,D,D,A,D,D,D,A,A,A,D,True,False,True,True,True,False,False,False,True,cd81a0a5b5ba1a96da13b0f85da6bbc6c2f9451b0cb86e01f124dd98a31cab20,"{""G1_G3"": ""dqa_local_c24_pure9_consensus20 upstream prediction caches"", ""G4"": ""deterministic majority(G1,G2,G3); no baseline access"", ""G5"": ""outputs\\four_datasets\\dqa30_attention\\g7_pure_graph_tight\\answers\\81\\q05.json"", ""baselines"": ""outputs\\four_datasets\\dqa30_frozen_old20_baselines9b\\answers\\81\\q05.json""}"
old20,82,0,detectiveqa_82_AIsup_anno_0,C,C,C,C,C,C,C,C,C,C,True,True,True,True,True,True,True,True,True,b859b28b3d0e2293cd184cf15fabd6f06ebe7bbeb5beda00236658ea76600786,"{""G1_G3"": ""dqa_local_c24_pure9_consensus20 upstream prediction caches"", ""G4"": ""deterministic majority(G1,G2,G3); no baseline access"", ""G5"": ""outputs\\four_datasets\\dqa30_attention\\g7_pure_graph_tight\\answers\\82\\q00.json"", ""baselines"": ""outputs\\four_datasets\\dqa30_frozen_old20_baselines9b\\answers\\82\\q00.json""}"
old20,82,1,detectiveqa_82_AIsup_anno_1,C,A,A,A,A,A,A,A,A,A,False,False,False,False,False,False,False,False,False,b859b28b3d0e2293cd184cf15fabd6f06ebe7bbeb5beda00236658ea76600786,"{""G1_G3"": ""dqa_local_c24_pure9_consensus20 upstream prediction caches"", ""G4"": ""deterministic majority(G1,G2,G3); no baseline access"", ""G5"": ""outputs\\four_datasets\\dqa30_attention\\g7_pure_graph_tight\\answers\\82\\q01.json"", ""baselines"": ""outputs\\four_datasets\\dqa30_frozen_old20_baselines9b\\answers\\82\\q01.json""}"
old20,82,2,detectiveqa_82_AIsup_anno_2,C,C,C,C,C,A,A,C,C,A,True,True,True,True,False,False,True,True,False,b859b28b3d0e2293cd184cf15fabd6f06ebe7bbeb5beda00236658ea76600786,"{""G1_G3"": ""dqa_local_c24_pure9_consensus20 upstream prediction caches"", ""G4"": ""deterministic majority(G1,G2,G3); no baseline access"", ""G5"": ""outputs\\four_datasets\\dqa30_attention\\g7_pure_graph_tight\\answers\\82\\q02.json"", ""baselines"": ""outputs\\four_datasets\\dqa30_frozen_old20_baselines9b\\answers\\82\\q02.json""}"
old20,82,3,detectiveqa_82_AIsup_anno_3,C,C,C,C,C,C,C,C,C,C,True,True,True,True,True,True,True,True,True,b859b28b3d0e2293cd184cf15fabd6f06ebe7bbeb5beda00236658ea76600786,"{""G1_G3"": ""dqa_local_c24_pure9_consensus20 upstream prediction caches"", ""G4"": ""deterministic majority(G1,G2,G3); no baseline access"", ""G5"": ""outputs\\four_datasets\\dqa30_attention\\g7_pure_graph_tight\\answers\\82\\q03.json"", ""baselines"": ""outputs\\four_datasets\\dqa30_frozen_old20_baselines9b\\answers\\82\\q03.json""}"
old20,82,4,detectiveqa_82_AIsup_anno_4,C,B,D,D,D,D,D,D,B,C,False,False,False,False,False,False,False,False,True,b859b28b3d0e2293cd184cf15fabd6f06ebe7bbeb5beda00236658ea76600786,"{""G1_G3"": ""dqa_local_c24_pure9_consensus20 upstream prediction caches"", ""G4"": ""deterministic majority(G1,G2,G3); no baseline access"", ""G5"": ""outputs\\four_datasets\\dqa30_attention\\g7_pure_graph_tight\\answers\\82\\q04.json"", ""baselines"": ""outputs\\four_datasets\\dqa30_frozen_old20_baselines9b\\answers\\82\\q04.json""}"
old20,82,5,detectiveqa_82_AIsup_anno_5,C,C,C,C,C,C,C,D,C,D,True,True,True,True,True,True,False,True,False,b859b28b3d0e2293cd184cf15fabd6f06ebe7bbeb5beda00236658ea76600786,"{""G1_G3"": ""dqa_local_c24_pure9_consensus20 upstream prediction caches"", ""G4"": ""deterministic majority(G1,G2,G3); no baseline access"", ""G5"": ""outputs\\four_datasets\\dqa30_attention\\g7_pure_graph_tight\\answers\\82\\q05.json"", ""baselines"": ""outputs\\four_datasets\\dqa30_frozen_old20_baselines9b\\answers\\82\\q05.json""}"
old20,82,6,detectiveqa_82_AIsup_anno_6,C,D,C,D,D,C,C,C,C,C,False,True,False,False,True,True,True,True,True,b859b28b3d0e2293cd184cf15fabd6f06ebe7bbeb5beda00236658ea76600786,"{""G1_G3"": ""dqa_local_c24_pure9_consensus20 upstream prediction caches"", ""G4"": ""deterministic majority(G1,G2,G3); no baseline access"", ""G5"": ""outputs\\four_datasets\\dqa30_attention\\g7_pure_graph_tight\\answers\\82\\q06.json"", ""baselines"": ""outputs\\four_datasets\\dqa30_frozen_old20_baselines9b\\answers\\82\\q06.json""}"
old20,82,7,detectiveqa_82_AIsup_anno_7,C,C,B,B,B,D,D,C,A,D,True,False,False,False,False,False,True,False,False,b859b28b3d0e2293cd184cf15fabd6f06ebe7bbeb5beda00236658ea76600786,"{""G1_G3"": ""dqa_local_c24_pure9_consensus20 upstream prediction caches"", ""G4"": ""deterministic majority(G1,G2,G3); no baseline access"", ""G5"": ""outputs\\four_datasets\\dqa30_attention\\g7_pure_graph_tight\\answers\\82\\q07.json"", ""baselines"": ""outputs\\four_datasets\\dqa30_frozen_old20_baselines9b\\answers\\82\\q07.json""}"
old20,82,8,detectiveqa_82_AIsup_anno_8,C,C,C,C,C,C,A,A,C,A,True,True,True,True,True,False,False,True,False,b859b28b3d0e2293cd184cf15fabd6f06ebe7bbeb5beda00236658ea76600786,"{""G1_G3"": ""dqa_local_c24_pure9_consensus20 upstream prediction caches"", ""G4"": ""deterministic majority(G1,G2,G3); no baseline access"", ""G5"": ""outputs\\four_datasets\\dqa30_attention\\g7_pure_graph_tight\\answers\\82\\q08.json"", ""baselines"": ""outputs\\four_datasets\\dqa30_frozen_old20_baselines9b\\answers\\82\\q08.json""}"
old20,83,0,detectiveqa_83_AIsup_anno_0,A,A,A,A,A,A,A,A,A,A,True,True,True,True,True,True,True,True,True,0f2ac81cc4951c5f21c161c07eb207bf8e19d5398d0f565ff8d7b80be5082868,"{""G1_G3"": ""dqa_local_c24_pure9_consensus20 upstream prediction caches"", ""G4"": ""deterministic majority(G1,G2,G3); no baseline access"", ""G5"": ""outputs\\four_datasets\\dqa30_attention\\g7_pure_graph_tight\\answers\\83\\q00.json"", ""baselines"": ""outputs\\four_datasets\\dqa30_frozen_old20_baselines9b\\answers\\83\\q00.json""}"
old20,83,1,detectiveqa_83_AIsup_anno_1,A,,A,A,A,A,A,A,A,A,False,True,True,True,True,True,True,True,True,0f2ac81cc4951c5f21c161c07eb207bf8e19d5398d0f565ff8d7b80be5082868,"{""G1_G3"": ""dqa_local_c24_pure9_consensus20 upstream prediction caches"", ""G4"": ""deterministic majority(G1,G2,G3); no baseline access"", ""G5"": ""outputs\\four_datasets\\dqa30_attention\\g7_pure_graph_tight\\answers\\83\\q01.json"", ""baselines"": ""outputs\\four_datasets\\dqa30_frozen_old20_baselines9b\\answers\\83\\q01.json""}"
old20,83,2,detectiveqa_83_AIsup_anno_2,C,D,D,D,D,D,D,D,D,B,False,False,False,False,False,False,False,False,False,0f2ac81cc4951c5f21c161c07eb207bf8e19d5398d0f565ff8d7b80be5082868,"{""G1_G3"": ""dqa_local_c24_pure9_consensus20 upstream prediction caches"", ""G4"": ""deterministic majority(G1,G2,G3); no baseline access"", ""G5"": ""outputs\\four_datasets\\dqa30_attention\\g7_pure_graph_tight\\answers\\83\\q02.json"", ""baselines"": ""outputs\\four_datasets\\dqa30_frozen_old20_baselines9b\\answers\\83\\q02.json""}"
old20,83,3,detectiveqa_83_AIsup_anno_3,D,D,D,D,D,D,C,C,D,C,True,True,True,True,True,False,False,True,False,0f2ac81cc4951c5f21c161c07eb207bf8e19d5398d0f565ff8d7b80be5082868,"{""G1_G3"": ""dqa_local_c24_pure9_consensus20 upstream prediction caches"", ""G4"": ""deterministic majority(G1,G2,G3); no baseline access"", ""G5"": ""outputs\\four_datasets\\dqa30_attention\\g7_pure_graph_tight\\answers\\83\\q03.json"", ""baselines"": ""outputs\\four_datasets\\dqa30_frozen_old20_baselines9b\\answers\\83\\q03.json""}"
old20,83,4,detectiveqa_83_AIsup_anno_4,D,D,D,D,D,D,D,D,D,D,True,True,True,True,True,True,True,True,True,0f2ac81cc4951c5f21c161c07eb207bf8e19d5398d0f565ff8d7b80be5082868,"{""G1_G3"": ""dqa_local_c24_pure9_consensus20 upstream prediction caches"", ""G4"": ""deterministic majority(G1,G2,G3); no baseline access"", ""G5"": ""outputs\\four_datasets\\dqa30_attention\\g7_pure_graph_tight\\answers\\83\\q04.json"", ""baselines"": ""outputs\\four_datasets\\dqa30_frozen_old20_baselines9b\\answers\\83\\q04.json""}"
old20,83,5,detectiveqa_83_AIsup_anno_5,A,C,A,A,A,A,C,A,C,C,False,True,True,True,True,False,True,False,False,0f2ac81cc4951c5f21c161c07eb207bf8e19d5398d0f565ff8d7b80be5082868,"{""G1_G3"": ""dqa_local_c24_pure9_consensus20 upstream prediction caches"", ""G4"": ""deterministic majority(G1,G2,G3); no baseline access"", ""G5"": ""outputs\\four_datasets\\dqa30_attention\\g7_pure_graph_tight\\answers\\83\\q05.json"", ""baselines"": ""outputs\\four_datasets\\dqa30_frozen_old20_baselines9b\\answers\\83\\q05.json""}"
old20,83,6,detectiveqa_83_AIsup_anno_6,B,D,C,B,D,D,B,A,C,C,False,False,True,False,False,True,False,False,False,0f2ac81cc4951c5f21c161c07eb207bf8e19d5398d0f565ff8d7b80be5082868,"{""G1_G3"": ""dqa_local_c24_pure9_consensus20 upstream prediction caches"", ""G4"": ""deterministic majority(G1,G2,G3); no baseline access"", ""G5"": ""outputs\\four_datasets\\dqa30_attention\\g7_pure_graph_tight\\answers\\83\\q06.json"", ""baselines"": ""outputs\\four_datasets\\dqa30_frozen_old20_baselines9b\\answers\\83\\q06.json""}"
old20,83,7,detectiveqa_83_AIsup_anno_7,D,C,A,A,A,A,C,C,C,C,False,False,False,False,False,False,False,False,False,0f2ac81cc4951c5f21c161c07eb207bf8e19d5398d0f565ff8d7b80be5082868,"{""G1_G3"": ""dqa_local_c24_pure9_consensus20 upstream prediction caches"", ""G4"": ""deterministic majority(G1,G2,G3); no baseline access"", ""G5"": ""outputs\\four_datasets\\dqa30_attention\\g7_pure_graph_tight\\answers\\83\\q07.json"", ""baselines"": ""outputs\\four_datasets\\dqa30_frozen_old20_baselines9b\\answers\\83\\q07.json""}"
old20,83,8,detectiveqa_83_AIsup_anno_8,B,D,D,A,D,D,A,A,D,A,False,False,False,False,False,False,False,False,False,0f2ac81cc4951c5f21c161c07eb207bf8e19d5398d0f565ff8d7b80be5082868,"{""G1_G3"": ""dqa_local_c24_pure9_consensus20 upstream prediction caches"", ""G4"": ""deterministic majority(G1,G2,G3); no baseline access"", ""G5"": ""outputs\\four_datasets\\dqa30_attention\\g7_pure_graph_tight\\answers\\83\\q08.json"", ""baselines"": ""outputs\\four_datasets\\dqa30_frozen_old20_baselines9b\\answers\\83\\q08.json""}"
old20,84,0,detectiveqa_84_AIsup_anno_0,A,C,C,C,C,C,C,C,C,C,False,False,False,False,False,False,False,False,False,7df17eb0a8936393cf683cb96857b2784a38ab91222f8e687a409c4a026c93ae,"{""G1_G3"": ""dqa_local_c24_pure9_consensus20 upstream prediction caches"", ""G4"": ""deterministic majority(G1,G2,G3); no baseline access"", ""G5"": ""outputs\\four_datasets\\dqa30_attention\\g7_pure_graph_tight\\answers\\84\\q00.json"", ""baselines"": ""outputs\\four_datasets\\dqa30_frozen_old20_baselines9b\\answers\\84\\q00.json""}"
old20,84,1,detectiveqa_84_AIsup_anno_1,D,C,A,A,A,A,C,C,C,C,False,False,False,False,False,False,False,False,False,7df17eb0a8936393cf683cb96857b2784a38ab91222f8e687a409c4a026c93ae,"{""G1_G3"": ""dqa_local_c24_pure9_consensus20 upstream prediction caches"", ""G4"": ""deterministic majority(G1,G2,G3); no baseline access"", ""G5"": ""outputs\\four_datasets\\dqa30_attention\\g7_pure_graph_tight\\answers\\84\\q01.json"", ""baselines"": ""outputs\\four_datasets\\dqa30_frozen_old20_baselines9b\\answers\\84\\q01.json""}"
old20,84,2,detectiveqa_84_AIsup_anno_2,D,C,C,C,C,C,C,C,C,C,False,False,False,False,False,False,False,False,False,7df17eb0a8936393cf683cb96857b2784a38ab91222f8e687a409c4a026c93ae,"{""G1_G3"": ""dqa_local_c24_pure9_consensus20 upstream prediction caches"", ""G4"": ""deterministic majority(G1,G2,G3); no baseline access"", ""G5"": ""outputs\\four_datasets\\dqa30_attention\\g7_pure_graph_tight\\answers\\84\\q02.json"", ""baselines"": ""outputs\\four_datasets\\dqa30_frozen_old20_baselines9b\\answers\\84\\q02.json""}"
old20,84,3,detectiveqa_84_AIsup_anno_3,A,C,A,A,A,A,B,A,A,A,False,True,True,True,True,False,True,True,True,7df17eb0a8936393cf683cb96857b2784a38ab91222f8e687a409c4a026c93ae,"{""G1_G3"": ""dqa_local_c24_pure9_consensus20 upstream prediction caches"", ""G4"": ""deterministic majority(G1,G2,G3); no baseline access"", ""G5"": ""outputs\\four_datasets\\dqa30_attention\\g7_pure_graph_tight\\answers\\84\\q03.json"", ""baselines"": ""outputs\\four_datasets\\dqa30_frozen_old20_baselines9b\\answers\\84\\q03.json""}"
old20,84,4,detectiveqa_84_AIsup_anno_4,D,D,,D,D,D,D,D,D,D,True,False,True,True,True,True,True,True,True,7df17eb0a8936393cf683cb96857b2784a38ab91222f8e687a409c4a026c93ae,"{""G1_G3"": ""dqa_local_c24_pure9_consensus20 upstream prediction caches"", ""G4"": ""deterministic majority(G1,G2,G3); no baseline access"", ""G5"": ""outputs\\four_datasets\\dqa30_attention\\g7_pure_graph_tight\\answers\\84\\q04.json"", ""baselines"": ""outputs\\four_datasets\\dqa30_frozen_old20_baselines9b\\answers\\84\\q04.json""}"
old20,84,5,detectiveqa_84_AIsup_anno_5,D,D,D,D,D,D,D,D,D,D,True,True,True,True,True,True,True,True,True,7df17eb0a8936393cf683cb96857b2784a38ab91222f8e687a409c4a026c93ae,"{""G1_G3"": ""dqa_local_c24_pure9_consensus20 upstream prediction caches"", ""G4"": ""deterministic majority(G1,G2,G3); no baseline access"", ""G5"": ""outputs\\four_datasets\\dqa30_attention\\g7_pure_graph_tight\\answers\\84\\q05.json"", ""baselines"": ""outputs\\four_datasets\\dqa30_frozen_old20_baselines9b\\answers\\84\\q05.json""}"
old20,84,6,detectiveqa_84_AIsup_anno_6,D,D,B,A,D,D,D,A,D,D,True,False,False,True,True,True,False,True,True,7df17eb0a8936393cf683cb96857b2784a38ab91222f8e687a409c4a026c93ae,"{""G1_G3"": ""dqa_local_c24_pure9_consensus20 upstream prediction caches"", ""G4"": ""deterministic majority(G1,G2,G3); no baseline access"", ""G5"": ""outputs\\four_datasets\\dqa30_attention\\g7_pure_graph_tight\\answers\\84\\q06.json"", ""baselines"": ""outputs\\four_datasets\\dqa30_frozen_old20_baselines9b\\answers\\84\\q06.json""}"
old20,87,0,detectiveqa_87_AIsup_anno_0,C,C,D,D,D,A,C,C,C,C,True,False,False,False,False,True,True,True,True,4fd4fd03903b917ccd356efcd7ff0127617356c8762688a3a3be143d8d1eb5d6,"{""G1_G3"": ""dqa_local_c24_pure9_consensus20 upstream prediction caches"", ""G4"": ""deterministic majority(G1,G2,G3); no baseline access"", ""G5"": ""outputs\\four_datasets\\dqa30_attention\\g7_pure_graph_tight\\answers\\87\\q00.json"", ""baselines"": ""outputs\\four_datasets\\dqa30_frozen_old20_baselines9b\\answers\\87\\q00.json""}"
old20,87,1,detectiveqa_87_AIsup_anno_1,B,B,B,B,B,B,B,A,B,A,True,True,True,True,True,True,False,True,False,4fd4fd03903b917ccd356efcd7ff0127617356c8762688a3a3be143d8d1eb5d6,"{""G1_G3"": ""dqa_local_c24_pure9_consensus20 upstream prediction caches"", ""G4"": ""deterministic majority(G1,G2,G3); no baseline access"", ""G5"": ""outputs\\four_datasets\\dqa30_attention\\g7_pure_graph_tight\\answers\\87\\q01.json"", ""baselines"": ""outputs\\four_datasets\\dqa30_frozen_old20_baselines9b\\answers\\87\\q01.json""}"
old20,87,2,detectiveqa_87_AIsup_anno_2,D,C,D,D,D,D,C,C,C,C,False,True,True,True,True,False,False,False,False,4fd4fd03903b917ccd356efcd7ff0127617356c8762688a3a3be143d8d1eb5d6,"{""G1_G3"": ""dqa_local_c24_pure9_consensus20 upstream prediction caches"", ""G4"": ""deterministic majority(G1,G2,G3); no baseline access"", ""G5"": ""outputs\\four_datasets\\dqa30_attention\\g7_pure_graph_tight\\answers\\87\\q02.json"", ""baselines"": ""outputs\\four_datasets\\dqa30_frozen_old20_baselines9b\\answers\\87\\q02.json""}"
old20,87,3,detectiveqa_87_AIsup_anno_3,D,A,D,B,A,A,C,C,D,C,False,True,False,False,False,False,False,True,False,4fd4fd03903b917ccd356efcd7ff0127617356c8762688a3a3be143d8d1eb5d6,"{""G1_G3"": ""dqa_local_c24_pure9_consensus20 upstream prediction caches"", ""G4"": ""deterministic majority(G1,G2,G3); no baseline access"", ""G5"": ""outputs\\four_datasets\\dqa30_attention\\g7_pure_graph_tight\\answers\\87\\q03.json"", ""baselines"": ""outputs\\four_datasets\\dqa30_frozen_old20_baselines9b\\answers\\87\\q03.json""}"
old20,87,4,detectiveqa_87_AIsup_anno_4,C,C,C,C,C,C,C,C,C,C,True,True,True,True,True,True,True,True,True,4fd4fd03903b917ccd356efcd7ff0127617356c8762688a3a3be143d8d1eb5d6,"{""G1_G3"": ""dqa_local_c24_pure9_consensus20 upstream prediction caches"", ""G4"": ""deterministic majority(G1,G2,G3); no baseline access"", ""G5"": ""outputs\\four_datasets\\dqa30_attention\\g7_pure_graph_tight\\answers\\87\\q04.json"", ""baselines"": ""outputs\\four_datasets\\dqa30_frozen_old20_baselines9b\\answers\\87\\q04.json""}"
old20,87,5,detectiveqa_87_AIsup_anno_5,B,B,B,A,B,B,B,B,A,A,True,True,False,True,True,True,True,False,False,4fd4fd03903b917ccd356efcd7ff0127617356c8762688a3a3be143d8d1eb5d6,"{""G1_G3"": ""dqa_local_c24_pure9_consensus20 upstream prediction caches"", ""G4"": ""deterministic majority(G1,G2,G3); no baseline access"", ""G5"": ""outputs\\four_datasets\\dqa30_attention\\g7_pure_graph_tight\\answers\\87\\q05.json"", ""baselines"": ""outputs\\four_datasets\\dqa30_frozen_old20_baselines9b\\answers\\87\\q05.json""}"
old20,90,0,detectiveqa_90_AIsup_anno_0,A,A,D,C,A,A,A,D,A,A,True,False,False,True,True,True,False,True,True,02aeedf1a70dac7d267dbdf462ba5b117a256fd761d2994541e27ae3fb3f8415,"{""G1_G3"": ""dqa_local_c24_pure9_consensus20 upstream prediction caches"", ""G4"": ""deterministic majority(G1,G2,G3); no baseline access"", ""G5"": ""outputs\\four_datasets\\dqa30_attention\\g7_pure_graph_tight\\answers\\90\\q00.json"", ""baselines"": ""outputs\\four_datasets\\dqa30_frozen_old20_baselines9b\\answers\\90\\q00.json""}"
old20,90,1,detectiveqa_90_AIsup_anno_1,C,A,A,A,A,C,D,A,A,A,False,False,False,False,True,False,False,False,False,02aeedf1a70dac7d267dbdf462ba5b117a256fd761d2994541e27ae3fb3f8415,"{""G1_G3"": ""dqa_local_c24_pure9_consensus20 upstream prediction caches"", ""G4"": ""deterministic majority(G1,G2,G3); no baseline access"", ""G5"": ""outputs\\four_datasets\\dqa30_attention\\g7_pure_graph_tight\\answers\\90\\q01.json"", ""baselines"": ""outputs\\four_datasets\\dqa30_frozen_old20_baselines9b\\answers\\90\\q01.json""}"
old20,90,2,detectiveqa_90_AIsup_anno_2,C,A,A,A,A,C,A,A,A,A,False,False,False,False,True,False,False,False,False,02aeedf1a70dac7d267dbdf462ba5b117a256fd761d2994541e27ae3fb3f8415,"{""G1_G3"": ""dqa_local_c24_pure9_consensus20 upstream prediction caches"", ""G4"": ""deterministic majority(G1,G2,G3); no baseline access"", ""G5"": ""outputs\\four_datasets\\dqa30_attention\\g7_pure_graph_tight\\answers\\90\\q02.json"", ""baselines"": ""outputs\\four_datasets\\dqa30_frozen_old20_baselines9b\\answers\\90\\q02.json""}"
old20,90,3,detectiveqa_90_AIsup_anno_3,D,D,A,A,A,A,D,D,A,B,True,False,False,False,False,True,True,False,False,02aeedf1a70dac7d267dbdf462ba5b117a256fd761d2994541e27ae3fb3f8415,"{""G1_G3"": ""dqa_local_c24_pure9_consensus20 upstream prediction caches"", ""G4"": ""deterministic majority(G1,G2,G3); no baseline access"", ""G5"": ""outputs\\four_datasets\\dqa30_attention\\g7_pure_graph_tight\\answers\\90\\q03.json"", ""baselines"": ""outputs\\four_datasets\\dqa30_frozen_old20_baselines9b\\answers\\90\\q03.json""}"
old20,90,4,detectiveqa_90_AIsup_anno_4,B,A,C,B,A,A,A,A,A,A,False,False,True,False,False,False,False,False,False,02aeedf1a70dac7d267dbdf462ba5b117a256fd761d2994541e27ae3fb3f8415,"{""G1_G3"": ""dqa_local_c24_pure9_consensus20 upstream prediction caches"", ""G4"": ""deterministic majority(G1,G2,G3); no baseline access"", ""G5"": ""outputs\\four_datasets\\dqa30_attention\\g7_pure_graph_tight\\answers\\90\\q04.json"", ""baselines"": ""outputs\\four_datasets\\dqa30_frozen_old20_baselines9b\\answers\\90\\q04.json""}"
old20,90,5,detectiveqa_90_AIsup_anno_5,A,C,D,B,C,D,D,D,D,D,False,False,False,False,False,False,False,False,False,02aeedf1a70dac7d267dbdf462ba5b117a256fd761d2994541e27ae3fb3f8415,"{""G1_G3"": ""dqa_local_c24_pure9_consensus20 upstream prediction caches"", ""G4"": ""deterministic majority(G1,G2,G3); no baseline access"", ""G5"": ""outputs\\four_datasets\\dqa30_attention\\g7_pure_graph_tight\\answers\\90\\q05.json"", ""baselines"": ""outputs\\four_datasets\\dqa30_frozen_old20_baselines9b\\answers\\90\\q05.json""}"
new10,93,0,detectiveqa_93_AIsup_anno_0,A,D,C,D,D,A,D,C,D,C,False,False,False,False,True,False,False,False,False,f1078174b998a8c9612ff1872d3f3444f50941b726f2e6cbfb4a6ea8c79ca8d7,"{""G1_G3_and_baselines"": ""outputs\\four_datasets\\dqa30_attention\\batch03_eval\\answers\\93\\q00.json"", ""G4"": ""deterministic majority(G1,G2,G3); no baseline access"", ""G5"": ""outputs\\four_datasets\\dqa30_attention\\g7_pure_graph_tight\\answers\\93\\q00.json""}"
new10,93,1,detectiveqa_93_AIsup_anno_1,A,B,B,B,B,B,B,D,B,A,False,False,False,False,False,False,False,False,True,f1078174b998a8c9612ff1872d3f3444f50941b726f2e6cbfb4a6ea8c79ca8d7,"{""G1_G3_and_baselines"": ""outputs\\four_datasets\\dqa30_attention\\batch03_eval\\answers\\93\\q01.json"", ""G4"": ""deterministic majority(G1,G2,G3); no baseline access"", ""G5"": ""outputs\\four_datasets\\dqa30_attention\\g7_pure_graph_tight\\answers\\93\\q01.json""}"
new10,93,2,detectiveqa_93_AIsup_anno_2,A,D,D,D,D,C,B,D,D,D,False,False,False,False,False,False,False,False,False,f1078174b998a8c9612ff1872d3f3444f50941b726f2e6cbfb4a6ea8c79ca8d7,"{""G1_G3_and_baselines"": ""outputs\\four_datasets\\dqa30_attention\\batch03_eval\\answers\\93\\q02.json"", ""G4"": ""deterministic majority(G1,G2,G3); no baseline access"", ""G5"": ""outputs\\four_datasets\\dqa30_attention\\g7_pure_graph_tight\\answers\\93\\q02.json""}"
new10,93,3,detectiveqa_93_AIsup_anno_3,C,D,D,D,D,D,C,D,D,B,False,False,False,False,False,True,False,False,False,f1078174b998a8c9612ff1872d3f3444f50941b726f2e6cbfb4a6ea8c79ca8d7,"{""G1_G3_and_baselines"": ""outputs\\four_datasets\\dqa30_attention\\batch03_eval\\answers\\93\\q03.json"", ""G4"": ""deterministic majority(G1,G2,G3); no baseline access"", ""G5"": ""outputs\\four_datasets\\dqa30_attention\\g7_pure_graph_tight\\answers\\93\\q03.json""}"
new10,93,4,detectiveqa_93_AIsup_anno_4,B,C,C,C,C,B,D,A,C,C,False,False,False,False,True,False,False,False,False,f1078174b998a8c9612ff1872d3f3444f50941b726f2e6cbfb4a6ea8c79ca8d7,"{""G1_G3_and_baselines"": ""outputs\\four_datasets\\dqa30_attention\\batch03_eval\\answers\\93\\q04.json"", ""G4"": ""deterministic majority(G1,G2,G3); no baseline access"", ""G5"": ""outputs\\four_datasets\\dqa30_attention\\g7_pure_graph_tight\\answers\\93\\q04.json""}"
new10,93,5,detectiveqa_93_AIsup_anno_5,A,C,C,C,C,A,C,A,C,B,False,False,False,False,True,False,True,False,False,f1078174b998a8c9612ff1872d3f3444f50941b726f2e6cbfb4a6ea8c79ca8d7,"{""G1_G3_and_baselines"": ""outputs\\four_datasets\\dqa30_attention\\batch03_eval\\answers\\93\\q05.json"", ""G4"": ""deterministic majority(G1,G2,G3); no baseline access"", ""G5"": ""outputs\\four_datasets\\dqa30_attention\\g7_pure_graph_tight\\answers\\93\\q05.json""}"
new10,93,6,detectiveqa_93_AIsup_anno_6,D,D,A,D,D,A,D,C,D,D,True,False,True,True,False,True,False,True,True,f1078174b998a8c9612ff1872d3f3444f50941b726f2e6cbfb4a6ea8c79ca8d7,"{""G1_G3_and_baselines"": ""outputs\\four_datasets\\dqa30_attention\\batch03_eval\\answers\\93\\q06.json"", ""G4"": ""deterministic majority(G1,G2,G3); no baseline access"", ""G5"": ""outputs\\four_datasets\\dqa30_attention\\g7_pure_graph_tight\\answers\\93\\q06.json""}"
new10,97,0,detectiveqa_97_AIsup_anno_0,A,D,D,D,D,B,D,A,D,A,False,False,False,False,False,False,True,False,True,53cd849aa96931882feb1414c35e7b25f652537dd0d6526a30f4ff04c7b7e246,"{""G1_G3_and_baselines"": ""outputs\\four_datasets\\dqa30_attention\\batch03_eval\\answers\\97\\q00.json"", ""G4"": ""deterministic majority(G1,G2,G3); no baseline access"", ""G5"": ""outputs\\four_datasets\\dqa30_attention\\g7_pure_graph_tight\\answers\\97\\q00.json""}"
new10,97,1,detectiveqa_97_AIsup_anno_1,B,A,D,D,D,A,D,A,A,A,False,False,False,False,False,False,False,False,False,53cd849aa96931882feb1414c35e7b25f652537dd0d6526a30f4ff04c7b7e246,"{""G1_G3_and_baselines"": ""outputs\\four_datasets\\dqa30_attention\\batch03_eval\\answers\\97\\q01.json"", ""G4"": ""deterministic majority(G1,G2,G3); no baseline access"", ""G5"": ""outputs\\four_datasets\\dqa30_attention\\g7_pure_graph_tight\\answers\\97\\q01.json""}"
new10,97,2,detectiveqa_97_AIsup_anno_2,B,B,B,B,B,B,C,B,B,B,True,True,True,True,True,False,True,True,True,53cd849aa96931882feb1414c35e7b25f652537dd0d6526a30f4ff04c7b7e246,"{""G1_G3_and_baselines"": ""outputs\\four_datasets\\dqa30_attention\\batch03_eval\\answers\\97\\q02.json"", ""G4"": ""deterministic majority(G1,G2,G3); no baseline access"", ""G5"": ""outputs\\four_datasets\\dqa30_attention\\g7_pure_graph_tight\\answers\\97\\q02.json""}"
new10,97,3,detectiveqa_97_AIsup_anno_3,A,A,A,A,A,A,D,C,A,C,True,True,True,True,True,False,False,True,False,53cd849aa96931882feb1414c35e7b25f652537dd0d6526a30f4ff04c7b7e246,"{""G1_G3_and_baselines"": ""outputs\\four_datasets\\dqa30_attention\\batch03_eval\\answers\\97\\q03.json"", ""G4"": ""deterministic majority(G1,G2,G3); no baseline access"", ""G5"": ""outputs\\four_datasets\\dqa30_attention\\g7_pure_graph_tight\\answers\\97\\q03.json""}"
new10,97,4,detectiveqa_97_AIsup_anno_4,C,C,B,A,C,A,D,A,C,C,True,False,False,True,False,False,False,True,True,53cd849aa96931882feb1414c35e7b25f652537dd0d6526a30f4ff04c7b7e246,"{""G1_G3_and_baselines"": ""outputs\\four_datasets\\dqa30_attention\\batch03_eval\\answers\\97\\q04.json"", ""G4"": ""deterministic majority(G1,G2,G3); no baseline access"", ""G5"": ""outputs\\four_datasets\\dqa30_attention\\g7_pure_graph_tight\\answers\\97\\q04.json""}"
new10,99,0,detectiveqa_99_AIsup_anno_0,A,A,A,A,A,B,A,A,A,A,True,True,True,True,False,True,True,True,True,e5654af97a483b6c9085645c14e2e519890d862bbca125284146c55affb6da31,"{""G1_G3_and_baselines"": ""outputs\\four_datasets\\dqa30_attention\\batch03_eval\\answers\\99\\q00.json"", ""G4"": ""deterministic majority(G1,G2,G3); no baseline access"", ""G5"": ""outputs\\four_datasets\\dqa30_attention\\g7_pure_graph_tight\\answers\\99\\q00.json""}"
new10,99,1,detectiveqa_99_AIsup_anno_1,A,A,A,A,A,A,C,A,A,C,True,True,True,True,True,False,True,True,False,e5654af97a483b6c9085645c14e2e519890d862bbca125284146c55affb6da31,"{""G1_G3_and_baselines"": ""outputs\\four_datasets\\dqa30_attention\\batch03_eval\\answers\\99\\q01.json"", ""G4"": ""deterministic majority(G1,G2,G3); no baseline access"", ""G5"": ""outputs\\four_datasets\\dqa30_attention\\g7_pure_graph_tight\\answers\\99\\q01.json""}"
new10,99,2,detectiveqa_99_AIsup_anno_2,B,D,A,B,D,A,B,B,D,B,False,False,True,False,False,True,True,False,True,e5654af97a483b6c9085645c14e2e519890d862bbca125284146c55affb6da31,"{""G1_G3_and_baselines"": ""outputs\\four_datasets\\dqa30_attention\\batch03_eval\\answers\\99\\q02.json"", ""G4"": ""deterministic majority(G1,G2,G3); no baseline access"", ""G5"": ""outputs\\four_datasets\\dqa30_attention\\g7_pure_graph_tight\\answers\\99\\q02.json""}"
new10,99,3,detectiveqa_99_AIsup_anno_3,D,B,D,A,B,D,B,D,B,B,False,True,False,False,True,False,True,False,False,e5654af97a483b6c9085645c14e2e519890d862bbca125284146c55affb6da31,"{""G1_G3_and_baselines"": ""outputs\\four_datasets\\dqa30_attention\\batch03_eval\\answers\\99\\q03.json"", ""G4"": ""deterministic majority(G1,G2,G3); no baseline access"", ""G5"": ""outputs\\four_datasets\\dqa30_attention\\g7_pure_graph_tight\\answers\\99\\q03.json""}"
new10,99,4,detectiveqa_99_AIsup_anno_4,D,D,A,D,D,A,D,C,D,A,True,False,True,True,False,True,False,True,False,e5654af97a483b6c9085645c14e2e519890d862bbca125284146c55affb6da31,"{""G1_G3_and_baselines"": ""outputs\\four_datasets\\dqa30_attention\\batch03_eval\\answers\\99\\q04.json"", ""G4"": ""deterministic majority(G1,G2,G3); no baseline access"", ""G5"": ""outputs\\four_datasets\\dqa30_attention\\g7_pure_graph_tight\\answers\\99\\q04.json""}"
new10,99,5,detectiveqa_99_AIsup_anno_5,C,D,B,B,B,D,D,B,B,B,False,False,False,False,False,False,False,False,False,e5654af97a483b6c9085645c14e2e519890d862bbca125284146c55affb6da31,"{""G1_G3_and_baselines"": ""outputs\\four_datasets\\dqa30_attention\\batch03_eval\\answers\\99\\q05.json"", ""G4"": ""deterministic majority(G1,G2,G3); no baseline access"", ""G5"": ""outputs\\four_datasets\\dqa30_attention\\g7_pure_graph_tight\\answers\\99\\q05.json""}"
new10,100,0,detectiveqa_100_AIsup_anno_0,D,D,D,D,D,A,C,C,D,C,True,True,True,True,False,False,False,True,False,334cc5620303bc2fa5cd1f6243eb7477d65fa2e701db42ccc55423f3336459e3,"{""G1_G3_and_baselines"": ""outputs\\four_datasets\\dqa30_attention\\batch03_eval\\answers\\100\\q00.json"", ""G4"": ""deterministic majority(G1,G2,G3); no baseline access"", ""G5"": ""outputs\\four_datasets\\dqa30_attention\\g7_pure_graph_tight\\answers\\100\\q00.json""}"
new10,100,1,detectiveqa_100_AIsup_anno_1,A,A,A,A,A,A,A,A,A,A,True,True,True,True,True,True,True,True,True,334cc5620303bc2fa5cd1f6243eb7477d65fa2e701db42ccc55423f3336459e3,"{""G1_G3_and_baselines"": ""outputs\\four_datasets\\dqa30_attention\\batch03_eval\\answers\\100\\q01.json"", ""G4"": ""deterministic majority(G1,G2,G3); no baseline access"", ""G5"": ""outputs\\four_datasets\\dqa30_attention\\g7_pure_graph_tight\\answers\\100\\q01.json""}"
new10,100,2,detectiveqa_100_AIsup_anno_2,C,C,C,C,C,C,C,C,C,C,True,True,True,True,True,True,True,True,True,334cc5620303bc2fa5cd1f6243eb7477d65fa2e701db42ccc55423f3336459e3,"{""G1_G3_and_baselines"": ""outputs\\four_datasets\\dqa30_attention\\batch03_eval\\answers\\100\\q02.json"", ""G4"": ""deterministic majority(G1,G2,G3); no baseline access"", ""G5"": ""outputs\\four_datasets\\dqa30_attention\\g7_pure_graph_tight\\answers\\100\\q02.json""}"
new10,100,3,detectiveqa_100_AIsup_anno_3,C,C,C,D,C,D,D,D,C,C,True,True,False,True,False,False,False,True,True,334cc5620303bc2fa5cd1f6243eb7477d65fa2e701db42ccc55423f3336459e3,"{""G1_G3_and_baselines"": ""outputs\\four_datasets\\dqa30_attention\\batch03_eval\\answers\\100\\q03.json"", ""G4"": ""deterministic majority(G1,G2,G3); no baseline access"", ""G5"": ""outputs\\four_datasets\\dqa30_attention\\g7_pure_graph_tight\\answers\\100\\q03.json""}"
new10,100,4,detectiveqa_100_AIsup_anno_4,C,C,C,C,C,C,C,C,C,C,True,True,True,True,True,True,True,True,True,334cc5620303bc2fa5cd1f6243eb7477d65fa2e701db42ccc55423f3336459e3,"{""G1_G3_and_baselines"": ""outputs\\four_datasets\\dqa30_attention\\batch03_eval\\answers\\100\\q04.json"", ""G4"": ""deterministic majority(G1,G2,G3); no baseline access"", ""G5"": ""outputs\\four_datasets\\dqa30_attention\\g7_pure_graph_tight\\answers\\100\\q04.json""}"
new10,100,5,detectiveqa_100_AIsup_anno_5,D,A,A,A,A,C,D,A,C,B,False,False,False,False,False,True,False,False,False,334cc5620303bc2fa5cd1f6243eb7477d65fa2e701db42ccc55423f3336459e3,"{""G1_G3_and_baselines"": ""outputs\\four_datasets\\dqa30_attention\\batch03_eval\\answers\\100\\q05.json"", ""G4"": ""deterministic majority(G1,G2,G3); no baseline access"", ""G5"": ""outputs\\four_datasets\\dqa30_attention\\g7_pure_graph_tight\\answers\\100\\q05.json""}"
new10,100,6,detectiveqa_100_AIsup_anno_6,C,D,D,D,D,A,D,D,D,C,False,False,False,False,False,False,False,False,True,334cc5620303bc2fa5cd1f6243eb7477d65fa2e701db42ccc55423f3336459e3,"{""G1_G3_and_baselines"": ""outputs\\four_datasets\\dqa30_attention\\batch03_eval\\answers\\100\\q06.json"", ""G4"": ""deterministic majority(G1,G2,G3); no baseline access"", ""G5"": ""outputs\\four_datasets\\dqa30_attention\\g7_pure_graph_tight\\answers\\100\\q06.json""}"
new10,100,7,detectiveqa_100_AIsup_anno_7,D,D,A,A,A,D,D,D,D,A,True,False,False,False,True,True,True,True,False,334cc5620303bc2fa5cd1f6243eb7477d65fa2e701db42ccc55423f3336459e3,"{""G1_G3_and_baselines"": ""outputs\\four_datasets\\dqa30_attention\\batch03_eval\\answers\\100\\q07.json"", ""G4"": ""deterministic majority(G1,G2,G3); no baseline access"", ""G5"": ""outputs\\four_datasets\\dqa30_attention\\g7_pure_graph_tight\\answers\\100\\q07.json""}"
new10,103,0,detectiveqa_103_AIsup_anno_0,C,C,C,C,C,C,B,B,C,C,True,True,True,True,True,False,False,True,True,9ad5560631ebe2b7fecbe2ae4134ef54c090b472605fca0117978ccf4338fa2d,"{""G1_G3_and_baselines"": ""outputs\\four_datasets\\dqa30_attention\\batch03_eval\\answers\\103\\q00.json"", ""G4"": ""deterministic majority(G1,G2,G3); no baseline access"", ""G5"": ""outputs\\four_datasets\\dqa30_attention\\g7_pure_graph_tight\\answers\\103\\q00.json""}"
new10,103,1,detectiveqa_103_AIsup_anno_1,A,B,B,A,B,A,B,B,B,B,False,False,True,False,True,False,False,False,False,9ad5560631ebe2b7fecbe2ae4134ef54c090b472605fca0117978ccf4338fa2d,"{""G1_G3_and_baselines"": ""outputs\\four_datasets\\dqa30_attention\\batch03_eval\\answers\\103\\q01.json"", ""G4"": ""deterministic majority(G1,G2,G3); no baseline access"", ""G5"": ""outputs\\four_datasets\\dqa30_attention\\g7_pure_graph_tight\\answers\\103\\q01.json""}"
new10,103,2,detectiveqa_103_AIsup_anno_2,A,A,A,A,A,A,A,A,B,A,True,True,True,True,True,True,True,False,True,9ad5560631ebe2b7fecbe2ae4134ef54c090b472605fca0117978ccf4338fa2d,"{""G1_G3_and_baselines"": ""outputs\\four_datasets\\dqa30_attention\\batch03_eval\\answers\\103\\q02.json"", ""G4"": ""deterministic majority(G1,G2,G3); no baseline access"", ""G5"": ""outputs\\four_datasets\\dqa30_attention\\g7_pure_graph_tight\\answers\\103\\q02.json""}"
new10,103,3,detectiveqa_103_AIsup_anno_3,B,D,D,D,D,D,C,B,D,C,False,False,False,False,False,False,True,False,False,9ad5560631ebe2b7fecbe2ae4134ef54c090b472605fca0117978ccf4338fa2d,"{""G1_G3_and_baselines"": ""outputs\\four_datasets\\dqa30_attention\\batch03_eval\\answers\\103\\q03.json"", ""G4"": ""deterministic majority(G1,G2,G3); no baseline access"", ""G5"": ""outputs\\four_datasets\\dqa30_attention\\g7_pure_graph_tight\\answers\\103\\q03.json""}"
new10,103,4,detectiveqa_103_AIsup_anno_4,A,A,A,A,A,A,C,A,A,B,True,True,True,True,True,False,True,True,False,9ad5560631ebe2b7fecbe2ae4134ef54c090b472605fca0117978ccf4338fa2d,"{""G1_G3_and_baselines"": ""outputs\\four_datasets\\dqa30_attention\\batch03_eval\\answers\\103\\q04.json"", ""G4"": ""deterministic majority(G1,G2,G3); no baseline access"", ""G5"": ""outputs\\four_datasets\\dqa30_attention\\g7_pure_graph_tight\\answers\\103\\q04.json""}"
new10,103,5,detectiveqa_103_AIsup_anno_5,B,C,B,C,C,B,B,B,C,B,False,True,False,False,True,True,True,False,True,9ad5560631ebe2b7fecbe2ae4134ef54c090b472605fca0117978ccf4338fa2d,"{""G1_G3_and_baselines"": ""outputs\\four_datasets\\dqa30_attention\\batch03_eval\\answers\\103\\q05.json"", ""G4"": ""deterministic majority(G1,G2,G3); no baseline access"", ""G5"": ""outputs\\four_datasets\\dqa30_attention\\g7_pure_graph_tight\\answers\\103\\q05.json""}"
new10,104,0,detectiveqa_104_AIsup_anno_0,D,D,A,D,D,D,A,A,D,A,True,False,True,True,True,False,False,True,False,31b7c5666cf8831426c2e1d3b7838a52edc44cf8cd4164f5c64dafab744a1700,"{""G1_G3_and_baselines"": ""outputs\\four_datasets\\dqa30_attention\\batch03_eval\\answers\\104\\q00.json"", ""G4"": ""deterministic majority(G1,G2,G3); no baseline access"", ""G5"": ""outputs\\four_datasets\\dqa30_attention\\g7_pure_graph_tight\\answers\\104\\q00.json""}"
new10,104,1,detectiveqa_104_AIsup_anno_1,A,D,B,D,D,A,D,D,D,A,False,False,False,False,True,False,False,False,True,31b7c5666cf8831426c2e1d3b7838a52edc44cf8cd4164f5c64dafab744a1700,"{""G1_G3_and_baselines"": ""outputs\\four_datasets\\dqa30_attention\\batch03_eval\\answers\\104\\q01.json"", ""G4"": ""deterministic majority(G1,G2,G3); no baseline access"", ""G5"": ""outputs\\four_datasets\\dqa30_attention\\g7_pure_graph_tight\\answers\\104\\q01.json""}"
new10,104,2,detectiveqa_104_AIsup_anno_2,D,D,D,D,D,D,B,D,D,D,True,True,True,True,True,False,True,True,True,31b7c5666cf8831426c2e1d3b7838a52edc44cf8cd4164f5c64dafab744a1700,"{""G1_G3_and_baselines"": ""outputs\\four_datasets\\dqa30_attention\\batch03_eval\\answers\\104\\q02.json"", ""G4"": ""deterministic majority(G1,G2,G3); no baseline access"", ""G5"": ""outputs\\four_datasets\\dqa30_attention\\g7_pure_graph_tight\\answers\\104\\q02.json""}"
new10,104,3,detectiveqa_104_AIsup_anno_3,C,A,A,A,A,A,A,A,A,B,False,False,False,False,False,False,False,False,False,31b7c5666cf8831426c2e1d3b7838a52edc44cf8cd4164f5c64dafab744a1700,"{""G1_G3_and_baselines"": ""outputs\\four_datasets\\dqa30_attention\\batch03_eval\\answers\\104\\q03.json"", ""G4"": ""deterministic majority(G1,G2,G3); no baseline access"", ""G5"": ""outputs\\four_datasets\\dqa30_attention\\g7_pure_graph_tight\\answers\\104\\q03.json""}"
new10,104,4,detectiveqa_104_AIsup_anno_4,D,C,C,C,C,D,C,D,C,C,False,False,False,False,True,False,True,False,False,31b7c5666cf8831426c2e1d3b7838a52edc44cf8cd4164f5c64dafab744a1700,"{""G1_G3_and_baselines"": ""outputs\\four_datasets\\dqa30_attention\\batch03_eval\\answers\\104\\q04.json"", ""G4"": ""deterministic majority(G1,G2,G3); no baseline access"", ""G5"": ""outputs\\four_datasets\\dqa30_attention\\g7_pure_graph_tight\\answers\\104\\q04.json""}"
new10,104,5,detectiveqa_104_AIsup_anno_5,D,C,C,C,C,C,C,C,C,C,False,False,False,False,False,False,False,False,False,31b7c5666cf8831426c2e1d3b7838a52edc44cf8cd4164f5c64dafab744a1700,"{""G1_G3_and_baselines"": ""outputs\\four_datasets\\dqa30_attention\\batch03_eval\\answers\\104\\q05.json"", ""G4"": ""deterministic majority(G1,G2,G3); no baseline access"", ""G5"": ""outputs\\four_datasets\\dqa30_attention\\g7_pure_graph_tight\\answers\\104\\q05.json""}"
new10,104,6,detectiveqa_104_AIsup_anno_6,C,C,C,C,C,C,C,C,C,C,True,True,True,True,True,True,True,True,True,31b7c5666cf8831426c2e1d3b7838a52edc44cf8cd4164f5c64dafab744a1700,"{""G1_G3_and_baselines"": ""outputs\\four_datasets\\dqa30_attention\\batch03_eval\\answers\\104\\q06.json"", ""G4"": ""deterministic majority(G1,G2,G3); no baseline access"", ""G5"": ""outputs\\four_datasets\\dqa30_attention\\g7_pure_graph_tight\\answers\\104\\q06.json""}"
new10,104,7,detectiveqa_104_AIsup_anno_7,D,D,B,D,D,C,B,D,D,A,True,False,True,True,False,False,True,True,False,31b7c5666cf8831426c2e1d3b7838a52edc44cf8cd4164f5c64dafab744a1700,"{""G1_G3_and_baselines"": ""outputs\\four_datasets\\dqa30_attention\\batch03_eval\\answers\\104\\q07.json"", ""G4"": ""deterministic majority(G1,G2,G3); no baseline access"", ""G5"": ""outputs\\four_datasets\\dqa30_attention\\g7_pure_graph_tight\\answers\\104\\q07.json""}"
new10,105,0,detectiveqa_105_AIsup_anno_0,D,C,D,A,C,C,C,D,C,A,False,True,False,False,False,False,True,False,False,bda1cb24b753cb6b96493d8feaac94abfc1d23b941d0c8acba620864345ee248,"{""G1_G3_and_baselines"": ""outputs\\four_datasets\\dqa30_attention\\batch03_eval\\answers\\105\\q00.json"", ""G4"": ""deterministic majority(G1,G2,G3); no baseline access"", ""G5"": ""outputs\\four_datasets\\dqa30_attention\\g7_pure_graph_tight\\answers\\105\\q00.json""}"
new10,105,1,detectiveqa_105_AIsup_anno_1,D,D,D,D,D,D,D,A,D,D,True,True,True,True,True,True,False,True,True,bda1cb24b753cb6b96493d8feaac94abfc1d23b941d0c8acba620864345ee248,"{""G1_G3_and_baselines"": ""outputs\\four_datasets\\dqa30_attention\\batch03_eval\\answers\\105\\q01.json"", ""G4"": ""deterministic majority(G1,G2,G3); no baseline access"", ""G5"": ""outputs\\four_datasets\\dqa30_attention\\g7_pure_graph_tight\\answers\\105\\q01.json""}"
new10,105,2,detectiveqa_105_AIsup_anno_2,D,B,A,A,A,B,B,B,A,B,False,False,False,False,False,False,False,False,False,bda1cb24b753cb6b96493d8feaac94abfc1d23b941d0c8acba620864345ee248,"{""G1_G3_and_baselines"": ""outputs\\four_datasets\\dqa30_attention\\batch03_eval\\answers\\105\\q02.json"", ""G4"": ""deterministic majority(G1,G2,G3); no baseline access"", ""G5"": ""outputs\\four_datasets\\dqa30_attention\\g7_pure_graph_tight\\answers\\105\\q02.json""}"
new10,105,3,detectiveqa_105_AIsup_anno_3,A,A,B,A,A,A,A,A,A,A,True,False,True,True,True,True,True,True,True,bda1cb24b753cb6b96493d8feaac94abfc1d23b941d0c8acba620864345ee248,"{""G1_G3_and_baselines"": ""outputs\\four_datasets\\dqa30_attention\\batch03_eval\\answers\\105\\q03.json"", ""G4"": ""deterministic majority(G1,G2,G3); no baseline access"", ""G5"": ""outputs\\four_datasets\\dqa30_attention\\g7_pure_graph_tight\\answers\\105\\q03.json""}"
new10,105,4,detectiveqa_105_AIsup_anno_4,D,A,A,A,A,C,D,D,D,A,False,False,False,False,False,True,True,True,False,bda1cb24b753cb6b96493d8feaac94abfc1d23b941d0c8acba620864345ee248,"{""G1_G3_and_baselines"": ""outputs\\four_datasets\\dqa30_attention\\batch03_eval\\answers\\105\\q04.json"", ""G4"": ""deterministic majority(G1,G2,G3); no baseline access"", ""G5"": ""outputs\\four_datasets\\dqa30_attention\\g7_pure_graph_tight\\answers\\105\\q04.json""}"
new10,105,5,detectiveqa_105_AIsup_anno_5,D,D,D,D,D,D,D,D,D,D,True,True,True,True,True,True,True,True,True,bda1cb24b753cb6b96493d8feaac94abfc1d23b941d0c8acba620864345ee248,"{""G1_G3_and_baselines"": ""outputs\\four_datasets\\dqa30_attention\\batch03_eval\\answers\\105\\q05.json"", ""G4"": ""deterministic majority(G1,G2,G3); no baseline access"", ""G5"": ""outputs\\four_datasets\\dqa30_attention\\g7_pure_graph_tight\\answers\\105\\q05.json""}"
new10,105,6,detectiveqa_105_AIsup_anno_6,D,B,B,B,B,B,A,A,B,C,False,False,False,False,False,False,False,False,False,bda1cb24b753cb6b96493d8feaac94abfc1d23b941d0c8acba620864345ee248,"{""G1_G3_and_baselines"": ""outputs\\four_datasets\\dqa30_attention\\batch03_eval\\answers\\105\\q06.json"", ""G4"": ""deterministic majority(G1,G2,G3); no baseline access"", ""G5"": ""outputs\\four_datasets\\dqa30_attention\\g7_pure_graph_tight\\answers\\105\\q06.json""}"
new10,106,0,detectiveqa_106_AIsup_anno_0,C,B,B,B,B,B,C,C,C,C,False,False,False,False,False,True,True,True,True,e216162d4f96815cca217c38d2e78d733c956dcb8c50ad7c38663cd767939d8a,"{""G1_G3_and_baselines"": ""outputs\\four_datasets\\dqa30_attention\\batch03_eval\\answers\\106\\q00.json"", ""G4"": ""deterministic majority(G1,G2,G3); no baseline access"", ""G5"": ""outputs\\four_datasets\\dqa30_attention\\g7_pure_graph_tight\\answers\\106\\q00.json""}"
new10,106,1,detectiveqa_106_AIsup_anno_1,A,A,A,A,A,A,A,A,A,A,True,True,True,True,True,True,True,True,True,e216162d4f96815cca217c38d2e78d733c956dcb8c50ad7c38663cd767939d8a,"{""G1_G3_and_baselines"": ""outputs\\four_datasets\\dqa30_attention\\batch03_eval\\answers\\106\\q01.json"", ""G4"": ""deterministic majority(G1,G2,G3); no baseline access"", ""G5"": ""outputs\\four_datasets\\dqa30_attention\\g7_pure_graph_tight\\answers\\106\\q01.json""}"
new10,106,2,detectiveqa_106_AIsup_anno_2,C,C,C,B,C,B,B,C,C,C,True,True,False,True,False,False,True,True,True,e216162d4f96815cca217c38d2e78d733c956dcb8c50ad7c38663cd767939d8a,"{""G1_G3_and_baselines"": ""outputs\\four_datasets\\dqa30_attention\\batch03_eval\\answers\\106\\q02.json"", ""G4"": ""deterministic majority(G1,G2,G3); no baseline access"", ""G5"": ""outputs\\four_datasets\\dqa30_attention\\g7_pure_graph_tight\\answers\\106\\q02.json""}"
new10,106,3,detectiveqa_106_AIsup_anno_3,A,A,B,A,A,A,D,D,A,A,True,False,True,True,True,False,False,True,True,e216162d4f96815cca217c38d2e78d733c956dcb8c50ad7c38663cd767939d8a,"{""G1_G3_and_baselines"": ""outputs\\four_datasets\\dqa30_attention\\batch03_eval\\answers\\106\\q03.json"", ""G4"": ""deterministic majority(G1,G2,G3); no baseline access"", ""G5"": ""outputs\\four_datasets\\dqa30_attention\\g7_pure_graph_tight\\answers\\106\\q03.json""}"
new10,106,4,detectiveqa_106_AIsup_anno_4,D,B,D,D,D,D,D,C,B,C,False,True,True,True,True,True,False,False,False,e216162d4f96815cca217c38d2e78d733c956dcb8c50ad7c38663cd767939d8a,"{""G1_G3_and_baselines"": ""outputs\\four_datasets\\dqa30_attention\\batch03_eval\\answers\\106\\q04.json"", ""G4"": ""deterministic majority(G1,G2,G3); no baseline access"", ""G5"": ""outputs\\four_datasets\\dqa30_attention\\g7_pure_graph_tight\\answers\\106\\q04.json""}"
new10,106,5,detectiveqa_106_AIsup_anno_5,C,C,C,C,C,C,C,C,C,C,True,True,True,True,True,True,True,True,True,e216162d4f96815cca217c38d2e78d733c956dcb8c50ad7c38663cd767939d8a,"{""G1_G3_and_baselines"": ""outputs\\four_datasets\\dqa30_attention\\batch03_eval\\answers\\106\\q05.json"", ""G4"": ""deterministic majority(G1,G2,G3); no baseline access"", ""G5"": ""outputs\\four_datasets\\dqa30_attention\\g7_pure_graph_tight\\answers\\106\\q05.json""}"
new10,106,6,detectiveqa_106_AIsup_anno_6,D,D,B,D,D,D,D,D,D,B,True,False,True,True,True,True,True,True,False,e216162d4f96815cca217c38d2e78d733c956dcb8c50ad7c38663cd767939d8a,"{""G1_G3_and_baselines"": ""outputs\\four_datasets\\dqa30_attention\\batch03_eval\\answers\\106\\q06.json"", ""G4"": ""deterministic majority(G1,G2,G3); no baseline access"", ""G5"": ""outputs\\four_datasets\\dqa30_attention\\g7_pure_graph_tight\\answers\\106\\q06.json""}"
new10,107,0,detectiveqa_107_AIsup_anno_0,C,D,D,D,D,C,C,C,D,D,False,False,False,False,True,True,True,False,False,fddceb857be5715c3808ed73a3f3a7f5a308e21ec7d2f7a76946074d551b0753,"{""G1_G3_and_baselines"": ""outputs\\four_datasets\\dqa30_attention\\batch03_eval\\answers\\107\\q00.json"", ""G4"": ""deterministic majority(G1,G2,G3); no baseline access"", ""G5"": ""outputs\\four_datasets\\dqa30_attention\\g7_pure_graph_tight\\answers\\107\\q00.json""}"
new10,107,1,detectiveqa_107_AIsup_anno_1,A,D,B,D,D,A,D,D,D,B,False,False,False,False,True,False,False,False,False,fddceb857be5715c3808ed73a3f3a7f5a308e21ec7d2f7a76946074d551b0753,"{""G1_G3_and_baselines"": ""outputs\\four_datasets\\dqa30_attention\\batch03_eval\\answers\\107\\q01.json"", ""G4"": ""deterministic majority(G1,G2,G3); no baseline access"", ""G5"": ""outputs\\four_datasets\\dqa30_attention\\g7_pure_graph_tight\\answers\\107\\q01.json""}"
new10,107,2,detectiveqa_107_AIsup_anno_2,B,B,B,D,B,C,D,C,C,C,True,True,False,True,False,False,False,False,False,fddceb857be5715c3808ed73a3f3a7f5a308e21ec7d2f7a76946074d551b0753,"{""G1_G3_and_baselines"": ""outputs\\four_datasets\\dqa30_attention\\batch03_eval\\answers\\107\\q02.json"", ""G4"": ""deterministic majority(G1,G2,G3); no baseline access"", ""G5"": ""outputs\\four_datasets\\dqa30_attention\\g7_pure_graph_tight\\answers\\107\\q02.json""}"
new10,107,3,detectiveqa_107_AIsup_anno_3,B,D,D,D,D,D,D,B,D,A,False,False,False,False,False,False,True,False,False,fddceb857be5715c3808ed73a3f3a7f5a308e21ec7d2f7a76946074d551b0753,"{""G1_G3_and_baselines"": ""outputs\\four_datasets\\dqa30_attention\\batch03_eval\\answers\\107\\q03.json"", ""G4"": ""deterministic majority(G1,G2,G3); no baseline access"", ""G5"": ""outputs\\four_datasets\\dqa30_attention\\g7_pure_graph_tight\\answers\\107\\q03.json""}"
new10,107,4,detectiveqa_107_AIsup_anno_4,C,A,B,A,A,A,A,A,A,A,False,False,False,False,False,False,False,False,False,fddceb857be5715c3808ed73a3f3a7f5a308e21ec7d2f7a76946074d551b0753,"{""G1_G3_and_baselines"": ""outputs\\four_datasets\\dqa30_attention\\batch03_eval\\answers\\107\\q04.json"", ""G4"": ""deterministic majority(G1,G2,G3); no baseline access"", ""G5"": ""outputs\\four_datasets\\dqa30_attention\\g7_pure_graph_tight\\answers\\107\\q04.json""}"
new10,107,5,detectiveqa_107_AIsup_anno_5,C,C,C,C,C,C,C,C,C,C,True,True,True,True,True,True,True,True,True,fddceb857be5715c3808ed73a3f3a7f5a308e21ec7d2f7a76946074d551b0753,"{""G1_G3_and_baselines"": ""outputs\\four_datasets\\dqa30_attention\\batch03_eval\\answers\\107\\q05.json"", ""G4"": ""deterministic majority(G1,G2,G3); no baseline access"", ""G5"": ""outputs\\four_datasets\\dqa30_attention\\g7_pure_graph_tight\\answers\\107\\q05.json""}"
new10,107,6,detectiveqa_107_AIsup_anno_6,B,B,B,B,B,B,B,B,B,B,True,True,True,True,True,True,True,True,True,fddceb857be5715c3808ed73a3f3a7f5a308e21ec7d2f7a76946074d551b0753,"{""G1_G3_and_baselines"": ""outputs\\four_datasets\\dqa30_attention\\batch03_eval\\answers\\107\\q06.json"", ""G4"": ""deterministic majority(G1,G2,G3); no baseline access"", ""G5"": ""outputs\\four_datasets\\dqa30_attention\\g7_pure_graph_tight\\answers\\107\\q06.json""}"
new10,107,7,detectiveqa_107_AIsup_anno_7,B,D,D,A,D,C,D,B,D,B,False,False,False,False,False,False,True,False,True,fddceb857be5715c3808ed73a3f3a7f5a308e21ec7d2f7a76946074d551b0753,"{""G1_G3_and_baselines"": ""outputs\\four_datasets\\dqa30_attention\\batch03_eval\\answers\\107\\q07.json"", ""G4"": ""deterministic majority(G1,G2,G3); no baseline access"", ""G5"": ""outputs\\four_datasets\\dqa30_attention\\g7_pure_graph_tight\\answers\\107\\q07.json""}"
new10,107,8,detectiveqa_107_AIsup_anno_8,A,D,D,D,D,A,A,A,D,D,False,False,False,False,True,True,True,False,False,fddceb857be5715c3808ed73a3f3a7f5a308e21ec7d2f7a76946074d551b0753,"{""G1_G3_and_baselines"": ""outputs\\four_datasets\\dqa30_attention\\batch03_eval\\answers\\107\\q08.json"", ""G4"": ""deterministic majority(G1,G2,G3); no baseline access"", ""G5"": ""outputs\\four_datasets\\dqa30_attention\\g7_pure_graph_tight\\answers\\107\\q08.json""}"
new10,107,9,detectiveqa_107_AIsup_anno_9,B,D,B,B,B,C,D,D,D,D,False,True,True,True,False,False,False,False,False,fddceb857be5715c3808ed73a3f3a7f5a308e21ec7d2f7a76946074d551b0753,"{""G1_G3_and_baselines"": ""outputs\\four_datasets\\dqa30_attention\\batch03_eval\\answers\\107\\q09.json"", ""G4"": ""deterministic majority(G1,G2,G3); no baseline access"", ""G5"": ""outputs\\four_datasets\\dqa30_attention\\g7_pure_graph_tight\\answers\\107\\q09.json""}"
new10,108,0,detectiveqa_108_AIsup_anno_0,C,A,A,A,A,A,A,A,A,C,False,False,False,False,False,False,False,False,True,55651dd1cc5bd24862e64dcb4096efbb80b077baff5ca9a2862e71dd73802e86,"{""G1_G3_and_baselines"": ""outputs\\four_datasets\\dqa30_attention\\batch03_eval\\answers\\108\\q00.json"", ""G4"": ""deterministic majority(G1,G2,G3); no baseline access"", ""G5"": ""outputs\\four_datasets\\dqa30_attention\\g7_pure_graph_tight\\answers\\108\\q00.json""}"
new10,108,1,detectiveqa_108_AIsup_anno_1,B,B,B,B,B,B,B,B,B,B,True,True,True,True,True,True,True,True,True,55651dd1cc5bd24862e64dcb4096efbb80b077baff5ca9a2862e71dd73802e86,"{""G1_G3_and_baselines"": ""outputs\\four_datasets\\dqa30_attention\\batch03_eval\\answers\\108\\q01.json"", ""G4"": ""deterministic majority(G1,G2,G3); no baseline access"", ""G5"": ""outputs\\four_datasets\\dqa30_attention\\g7_pure_graph_tight\\answers\\108\\q01.json""}"
new10,108,2,detectiveqa_108_AIsup_anno_2,A,A,A,A,A,A,A,A,C,A,True,True,True,True,True,True,True,False,True,55651dd1cc5bd24862e64dcb4096efbb80b077baff5ca9a2862e71dd73802e86,"{""G1_G3_and_baselines"": ""outputs\\four_datasets\\dqa30_attention\\batch03_eval\\answers\\108\\q02.json"", ""G4"": ""deterministic majority(G1,G2,G3); no baseline access"", ""G5"": ""outputs\\four_datasets\\dqa30_attention\\g7_pure_graph_tight\\answers\\108\\q02.json""}"
new10,108,3,detectiveqa_108_AIsup_anno_3,A,A,D,D,D,D,D,C,A,A,True,False,False,False,False,False,False,True,True,55651dd1cc5bd24862e64dcb4096efbb80b077baff5ca9a2862e71dd73802e86,"{""G1_G3_and_baselines"": ""outputs\\four_datasets\\dqa30_attention\\batch03_eval\\answers\\108\\q03.json"", ""G4"": ""deterministic majority(G1,G2,G3); no baseline access"", ""G5"": ""outputs\\four_datasets\\dqa30_attention\\g7_pure_graph_tight\\answers\\108\\q03.json""}"
new10,108,4,detectiveqa_108_AIsup_anno_4,A,A,A,A,A,D,B,B,A,B,True,True,True,True,False,False,False,True,False,55651dd1cc5bd24862e64dcb4096efbb80b077baff5ca9a2862e71dd73802e86,"{""G1_G3_and_baselines"": ""outputs\\four_datasets\\dqa30_attention\\batch03_eval\\answers\\108\\q04.json"", ""G4"": ""deterministic majority(G1,G2,G3); no baseline access"", ""G5"": ""outputs\\four_datasets\\dqa30_attention\\g7_pure_graph_tight\\answers\\108\\q04.json""}"
new10,108,5,detectiveqa_108_AIsup_anno_5,A,A,A,A,A,A,A,C,A,C,True,True,True,True,True,True,False,True,False,55651dd1cc5bd24862e64dcb4096efbb80b077baff5ca9a2862e71dd73802e86,"{""G1_G3_and_baselines"": ""outputs\\four_datasets\\dqa30_attention\\batch03_eval\\answers\\108\\q05.json"", ""G4"": ""deterministic majority(G1,G2,G3); no baseline access"", ""G5"": ""outputs\\four_datasets\\dqa30_attention\\g7_pure_graph_tight\\answers\\108\\q05.json""}"
