novel,cohort,node_id,name,type,degree,gold_overlap,answer_overlap,gold_positions,answer_positions,core2,visual_dense
26,old20,n1,Kaiser,person,0,False,False,,,False,False
26,old20,n2,elderly man,person,1,False,False,,,False,False
26,old20,n3,New Yorkers,person,0,False,False,,,False,False
26,old20,n4,church,location,5,False,False,,,False,True
26,old20,n5,Fifth Avenue,location,1,False,False,,,False,False
26,old20,n6,Madison Avenue,location,1,False,False,,,False,False
26,old20,n7,Fifty-fifth Street,location,1,False,False,,,False,False
26,old20,n8,Fifty-fourth Street,location,1,False,False,,,False,False
26,old20,n9,cemetery,location,6,False,False,,,True,True
26,old20,n10,Carstairs' house,location,1,False,False,,,False,False
26,old20,n11,Mrs. Sims,person,3,False,False,,,False,True
26,old20,n12,Joan Blythe,person,1,False,False,,,False,False
26,old20,n13,diocesan newspaper,clue_object,0,False,False,,,False,False
26,old20,n14,female intuition,clue_object,0,False,False,,,False,False
26,old20,n15,icca,person,1,False,False,,,False,False
26,old20,n17,Stuart,person,0,False,False,,,False,False
26,old20,n18,Allen,person,4,False,False,,,True,True
26,old20,n19,Dammy,person,0,False,False,,,False,False
26,old20,n20,Sloan,person,27,True,False,1898,,True,True
26,old20,n21,Suicca,person,0,False,False,,,False,False
26,old20,n22,Ada the priest,person,0,False,False,,,False,False
26,old20,n23,journalists and photographers,person,0,False,False,,,False,False
26,old20,n24,fifth-fourth street,location,0,False,False,,,False,False
26,old20,n25,long courtyard,location,0,False,False,,,False,False
26,old20,n26,spiked fence,clue_object,0,False,False,,,False,False
26,old20,n27,small cemetery,location,0,False,False,,,False,False
26,old20,n28,Sir,person,1,False,False,,,False,False
26,old20,n29,Weggis,person,1,False,False,,,False,False
26,old20,n30,Vogel,person,0,False,False,,,False,False
26,old20,n32,Shiloan,person,1,False,False,,,False,False
26,old20,n33,Aren,person,0,False,False,,,False,False
26,old20,n34,Wutherspoon,person,0,False,False,,,False,False
26,old20,n35,Mr. Pepper,person,9,False,False,,,True,True
26,old20,n36,Mr. Kagisu,person,0,False,False,,,False,False
26,old20,n37,young Alan Chene,person,4,False,False,,,True,True
26,old20,n38,Mr. Wu Zhuo,person,0,False,False,,,False,False
26,old20,n39,the key to the box,clue_object,1,False,False,,,False,False
26,old20,n40,the safe,clue_object,3,False,False,,,True,True
26,old20,n41,the will,clue_object,7,False,False,,,True,True
26,old20,n42,the box,clue_object,1,False,False,,,False,False
26,old20,n43,Ellery,person,30,True,False,1897,,True,True
26,old20,n44,Mr. Quine,person,0,False,False,,,False,False
26,old20,n45,Quincannon,person,2,False,False,,,True,True
26,old20,n46,Mr. Cadgist,person,4,False,False,,,True,True
26,old20,n47,The mute,person,0,False,False,,,False,False
26,old20,n48,The prosecutor,person,0,False,False,,,False,False
26,old20,n49,Police,clue_object,0,False,False,,,False,False
26,old20,n50,Backyard,location,4,False,False,,,True,True
26,old20,n51,Filter pot,clue_object,1,False,False,,,False,False
26,old20,n52,Tea bags,clue_object,2,False,False,,,True,True
26,old20,n53,Mr. Arpège Greene,person,2,False,False,,,False,True
26,old20,n54,the abdomen,clue_object,1,False,False,,,False,False
26,old20,n55,the coffin,clue_object,2,False,False,,,False,True
26,old20,n56,the desk,clue_object,3,False,False,,,True,True
26,old20,n57,Thomas,person,1,False,False,,,False,False
26,old20,n58,Pigget,person,3,False,False,,,False,False
26,old20,n59,Bailey's,location,0,False,False,,,False,False
26,old20,n60,the railway personnel,person,0,False,False,,,False,False
26,old20,n61,Willi,person,1,False,False,,,False,False
26,old20,n62,Katsis,person,1,False,False,,,False,False
26,old20,n63,Miss Bryant,person,1,False,False,,,False,False
26,old20,n64,Cardiff,person,4,False,False,,,False,True
26,old20,n65,Baily's,clue_object,1,False,False,,,False,False
26,old20,n66,red checkered ties,clue_object,1,False,False,,,False,False
26,old20,n67,filter,clue_object,3,False,False,,,False,False
26,old20,n68,five cups of water,clue_object,0,False,False,,,False,False
26,old20,n69,fresh water,clue_object,0,False,False,,,False,False
26,old20,n70,three teacups,clue_object,2,False,False,,,False,False
26,old20,n71,three people,person,1,False,False,,,False,False
26,old20,n72,tea ring,clue_object,1,False,False,,,False,False
26,old20,n73,chemical analysis,event,1,False,False,,,False,False
26,old20,n74,the water in the filter,clue_object,0,False,False,,,False,False
26,old20,n75,signs on the teacups,clue_object,0,False,False,,,False,False
26,old20,n76,the tea set,clue_object,0,False,False,,,False,False
26,old20,n77,Simpson,person,3,False,False,,,False,True
26,old20,n78,Greenshaw,person,12,True,True,401;1651;1898;2288;2415;2698;2714;2805;2833;2851,2288;2698;2714;2805;2833;2851,True,True
26,old20,n80,the study,location,13,True,True,53;76;104;401;2833,2833,True,True
26,old20,n81,Mr. Knox,person,14,True,True,2698,2698,True,True
26,old20,n82,Leonardo painting,clue_object,6,False,False,,,False,True
26,old20,n83,Kagist's house,location,5,False,False,,,True,True
26,old20,n84,Leonardo da Vinci,person,0,False,False,,,False,False
26,old20,n85,expert,person,0,False,False,,,False,False
26,old20,n86,Wegsch,person,1,False,False,,,False,False
26,old20,n87,Quaglia,person,2,False,False,,,False,True
26,old20,n88,Dumpty,person,1,False,False,,,False,False
26,old20,n89,Pepper,person,22,False,False,,,True,True
26,old20,n91,Willy,person,1,False,False,,,False,False
26,old20,n92,central post office,location,0,False,False,,,False,False
26,old20,n93,Lied,person,1,False,False,,,False,False
26,old20,n94,Villette,person,1,False,False,,,False,False
26,old20,n96,staircase,location,0,False,False,,,False,False
26,old20,n97,large room,location,0,False,False,,,False,False
26,old20,n98,furnace,clue_object,5,False,False,,,True,True
26,old20,n99,rusty box,clue_object,2,False,False,,,True,True
26,old20,n100,armchair,clue_object,1,False,False,,,False,False
26,old20,n101,blotter,clue_object,0,False,False,,,False,False
26,old20,n104,Christie Collection,clue_object,1,False,False,,,False,False
26,old20,n105,small box,clue_object,2,False,False,,,True,True
26,old20,n106,Leonardo's work,clue_object,2,False,False,,,False,False
26,old20,n107,Suichi,person,2,False,False,,,True,True
26,old20,n108,Sloan's office,location,1,False,False,,,False,False
26,old20,n109,door,clue_object,3,True,True,10;401;1662;1853;2253;2288;2833,2288;2833,True,True
26,old20,n110,Cadist,person,0,False,False,,,False,False
26,old20,n111,Sloan's new name,clue_object,0,False,False,,,False,False
26,old20,n112,Bignot Hotel,location,1,False,False,,,False,False
26,old20,n113,police authorities,location,0,False,False,,,False,False
26,old20,n114,new will,clue_object,0,False,False,,,False,False
26,old20,n115,suicide,event,0,False,False,,,False,False
26,old20,n117,Mrs. Sloane,person,1,False,False,,,False,False
26,old20,n118,James Knox,person,5,False,False,,,True,True
26,old20,n119,New York Police Department,person,1,False,False,,,False,False
26,old20,n120,New York and London,location,1,False,False,,,False,False
26,old20,n121,the prosecutor's office,location,1,False,False,,,False,False
26,old20,n122,October 26th,time_anchor,1,False,False,,,False,False
26,old20,n123,Leonardo,person,1,False,False,,,False,False
26,old20,n124,copyist,person,1,False,False,,,False,False
26,old20,n125,figure standing near the flag,clue_object,1,False,False,,,False,False
26,old20,n126,skin tone of the figure standing near the flag,clue_object,1,False,False,,,False,False
26,old20,n127,Leonardo's painting,clue_object,0,False,False,,,False,False
26,old20,n128,copyist's painting,clue_object,0,False,False,,,False,False
26,old20,n129,Ellery Emerges,event,1,False,False,,,False,False
26,old20,n130,the stolen painting,clue_object,0,False,False,,,False,False
26,old20,n131,Mrs. Sloan,person,4,False,False,,,True,True
26,old20,n132,the Remington typewriter,clue_object,2,False,False,,,True,True
26,old20,n133,the key that had been exchanged,clue_object,0,False,False,,,False,False
26,old20,n134,the British pound sterling (£) symbol,clue_object,0,False,False,,,False,False
26,old20,n135,the '#' symbol,clue_object,0,False,False,,,False,False
26,old20,n136,the second threat letter,clue_object,0,False,False,,,False,False
26,old20,n137,the blackboard,clue_object,0,False,False,,,False,False
26,old20,n138,key,clue_object,2,False,False,,,False,True
26,old20,n139,pound sterling (£),clue_object,1,False,False,,,False,False
26,old20,n140,first threatening letter,clue_object,0,False,False,,,False,False
26,old20,n141,Miss Blewett,person,1,False,False,,,False,False
26,old20,n142,Miss Blythe,person,2,True,True,2698,2698,False,True
26,old20,n143,Carstairs',location,2,False,False,,,False,True
26,old20,n144,servants,person,0,True,True,2698,2698,False,False
26,old20,n145,Bideau Hotel,location,1,False,False,,,False,False
26,old20,n146,Cardiff's coffin,clue_object,1,False,False,,,False,False
26,old20,n147,Sloan's cigarette case,clue_object,0,False,False,,,False,False
26,old20,n148,Greenshaw's watch,clue_object,1,False,False,,,False,False
26,old20,n149,second victim,person,1,False,False,,,False,False
26,old20,n150,teacup,clue_object,1,False,False,,,False,False
26,old20,n151,third-person theory,event,0,False,False,,,False,False
26,old20,n152,teaching painting,clue_object,1,False,False,,,False,False
26,old20,n154,Quin father and son,person,7,False,False,,,True,True
26,old20,n155,Henry Simpson,person,0,False,False,,,False,False
26,old20,n156,Officer,person,15,False,False,,,True,True
26,old20,n157,Hässe,person,1,False,False,,,False,False
26,old20,n158,Piggott,person,1,False,False,,,False,False
26,old20,n159,Rett,person,1,False,False,,,False,False
26,old20,n160,Inspector Willi,person,1,False,False,,,False,False
26,old20,n161,Greenway case,event,0,False,False,,,False,False
26,old20,n162,Locked room,location,1,False,False,,,False,False
26,old20,n163,Detective Veli,person,6,False,False,,,True,True
26,old20,n164,Detective Piggott,person,1,False,False,,,False,False
26,old20,n165,Detective Ritter,person,1,False,False,,,False,False
26,old20,n166,Mrs. Freeland,person,1,False,False,,,False,False
26,old20,n167,the revolver,clue_object,1,False,False,,,False,False
26,old20,n168,Kagiso,person,7,False,False,,,True,True
26,old20,n169,Cardigan,person,2,False,False,,,True,True
26,old20,n170,Greenway,person,7,False,False,,,True,True
26,old20,n171,Miss Blight,person,3,False,False,,,True,True
26,old20,n172,Poirot,person,5,False,False,,,True,True
26,old20,n173,I (the narrator),person,1,False,False,,,False,False
26,old20,n174,Mr. Knox's personal experiences,clue_object,0,False,False,,,False,False
26,old20,n175,the iron box,clue_object,2,False,False,,,False,True
26,old20,n176,the Benson box,clue_object,0,False,False,,,False,False
26,old20,n178,Collection Library,location,1,False,False,,,False,False
26,old20,n179,Times Building,location,1,False,False,,,False,False
26,old20,n180,Eretria,person,1,False,False,,,False,False
26,old20,n181,alarm system,clue_object,0,False,False,,,False,False
26,old20,n182,Victoria Museum,location,0,False,False,,,False,False
26,old20,n183,Toby Johnson,person,0,False,False,,,False,False
26,old20,n184,Mr. Knox's replica,clue_object,0,False,False,,,False,False
26,old20,n185,the plan,event,0,False,False,,,False,False
26,old20,n186,Friday afternoon,time_anchor,0,False,False,,,False,False
26,old20,n187,the criminal,person,0,False,False,,,False,False
26,old20,n188,an accomplice,person,0,False,False,,,False,False
26,old20,n189,another accomplice,person,0,False,False,,,False,False
26,old20,n190,Cagliostro,person,0,False,False,,,False,False
26,old20,n191,"Mrs. Frielan, Ellery",person,1,False,False,,,False,False
26,old20,n192,Shloer,person,0,False,False,,,False,False
26,old20,n193,the Beneath hotel,location,0,False,False,,,False,False
26,old20,n194,the Kagist estate collection,clue_object,0,False,False,,,False,False
26,old20,n195,Sergeant,person,0,False,False,,,False,False
26,old20,n196,Willie,person,0,False,False,,,False,False
26,old20,n197,Henry Wilson,person,0,False,False,,,False,False
26,old20,n198,vicar,person,0,False,False,,,False,False
26,old20,n199,Dampier,person,0,False,False,,,False,False
26,old20,n200,Kirchak,person,0,False,False,,,False,False
26,old20,n203,The envelope,clue_object,2,False,False,,,False,False
26,old20,n204,Knox's address,clue_object,1,False,False,,,False,False
26,old20,n205,"A circle on the left, dragging a curve to the right",clue_object,0,False,False,,,False,False
26,old20,n206,Joan,person,3,False,False,,,True,True
26,old20,n208,"Knox, James",person,0,False,False,,,False,False
26,old20,n209,Lee,person,0,False,False,,,False,False
26,old20,n210,Piper,person,1,False,False,,,False,False
26,old20,n211,"Joan Blight, Miss",person,0,False,False,,,False,False
26,old20,n212,"Revolver, Sholto's",clue_object,0,False,False,,,False,False
26,old20,n213,"Will, Greenshaw's",clue_object,0,False,False,,,False,False
26,old20,n214,"Kagist's house, in Kagist",location,0,False,False,,,False,False
26,old20,n215,envelope containing the note,clue_object,0,False,False,,,False,False
26,old20,n216,note inside the envelope,clue_object,1,False,False,,,False,False
26,old20,n217,Knox empty house,location,3,False,False,,,False,True
26,old20,n218,Greenshaw body,clue_object,2,False,False,,,False,True
26,old20,n219,old box,clue_object,0,False,False,,,False,False
26,old20,n220,dark backyard,location,2,False,False,,,False,True
26,old20,n221,darker cemetery,location,1,False,False,,,False,False
26,old20,n222,iron door of the underground tomb,clue_object,0,False,False,,,False,False
26,old20,n223,Karsch's house,location,2,False,False,,,False,True
26,old20,n224,Greeneaux,person,0,False,False,,,False,False
26,old20,n225,Crowning,person,0,False,False,,,False,False
26,old20,n226,Detective Richard Queen,person,0,False,False,,,False,False
26,old20,n227,Weigand,person,1,False,False,,,False,False
26,old20,n228,the funeral,event,0,False,False,,,False,False
26,old20,n230,policeman,person,4,False,False,,,True,True
26,old20,n231,Cronin,person,1,False,False,,,False,False
26,old20,n232,grave,location,1,False,False,,,False,False
26,old20,n233,iron door,clue_object,0,False,False,,,False,False
26,old20,n234,Woolf,person,0,False,False,,,False,False
26,old20,n235,Jan Freeland,person,0,False,False,,,False,False
26,old20,n236,Dr. Burrad,person,1,False,False,,,False,False
26,old20,n237,Inspector Queequeg,person,1,False,False,,,False,False
26,old20,n238,Veli,person,1,False,False,,,False,False
26,old20,n239,Liddy,person,1,False,False,,,False,False
26,old20,n240,his father,person,0,False,False,,,False,False
26,old20,n241,Inspector Quinn,person,1,False,False,,,False,False
26,old20,n242,the covered man,person,1,False,False,,,False,False
26,old20,n243,the Karkoff coffin,clue_object,0,False,False,,,False,False
26,old20,n244,the back door,location,1,False,False,,,False,False
26,old20,n245,fifth-fourth street entrance of the cemetery,location,1,False,False,,,False,False
26,old20,n246,the living room,location,0,False,False,,,False,False
26,old20,n247,the covered man's statement,evidence_sentence,0,False,False,,,False,False
26,old20,n248,Jont,person,3,False,False,,,False,False
26,old20,n249,Alan Cheneau,person,0,False,False,,,False,False
26,old20,n250,Mrs. Sleuth,person,0,False,False,,,False,False
26,old20,n251,Narcissus Suyche,person,1,False,False,,,False,False
26,old20,n252,Gilbert Sleuth,person,1,False,False,,,False,False
26,old20,n253,Mrs. Furril,person,0,False,False,,,False,False
26,old20,n254,Dr. Wozz,person,2,False,False,,,False,False
26,old20,n255,Mr. Wu,person,1,False,False,,,False,False
26,old20,n256,Dr. Broude,person,1,False,False,,,False,False
26,old20,n257,another man,person,2,False,False,,,False,False
26,old20,n258,Dr. Duncan Fuchs,person,1,False,False,,,False,False
26,old20,n259,Greenshaw's corpse,clue_object,1,False,False,,,False,False
26,old20,n260,car,clue_object,0,False,False,,,False,False
26,old20,n261,Dapi,person,1,False,False,,,False,False
26,old20,n262,Dumbbell,person,1,False,False,,,False,False
26,old20,n263,Dr. Bealus,person,0,False,False,,,False,False
26,old20,n264,Mr. Casper,person,3,False,False,,,False,True
26,old20,n265,Mr. Suichra,person,0,False,False,,,False,False
26,old20,n266,Miss Boom,person,0,False,False,,,False,False
26,old20,n268,Mr. Shloan,person,0,False,False,,,False,False
26,old20,n269,Miss Bret,person,1,False,False,,,False,False
26,old20,n270,Mr. Kestle,person,0,False,False,,,False,False
26,old20,n271,mysterious man,person,2,False,False,,,False,False
26,old20,n272,letter,clue_object,1,False,False,,,False,False
26,old20,n273,Mrs. Simms,person,2,False,False,,,False,True
26,old20,n274,Mr. Garth,person,1,False,False,,,False,False
26,old20,n275,letter to Dr. Fulthorpe,clue_object,0,False,False,,,False,False
26,old20,n276,Dr. Fulthorpe,person,0,False,False,,,False,False
26,old20,n277,Mr. Weigert,person,0,False,False,,,False,False
26,old20,n278,Dr. Wozniak,person,0,False,False,,,False,False
26,old20,n279,Jane,person,0,False,False,,,False,False
26,old20,n280,Chinni,person,0,False,False,,,False,False
26,old20,n281,Cheneau,person,0,False,False,,,False,False
26,old20,n282,Detective Villy,person,0,False,False,,,False,False
26,old20,n283,Alan,person,0,False,False,,,False,False
26,old20,n284,Jon,person,1,False,False,,,False,False
26,old20,n285,contracts,clue_object,2,False,False,,,True,True
26,old20,n286,Tuesday night,time_anchor,3,False,False,,,True,True
26,old20,n287,Wegsche,person,2,False,False,,,True,True
26,old20,n288,Lily,person,1,False,False,,,False,False
26,old20,n289,White,person,0,False,False,,,False,False
26,old20,n290,Detective Quine,person,0,False,False,,,False,False
26,old20,n291,Mrs. Shloan,person,0,False,False,,,False,False
26,old20,n292,Room 314,location,2,False,False,,,False,True
26,old20,n293,Elevator,location,1,False,False,,,False,False
26,old20,n294,Dr. Woz,person,1,False,False,,,False,False
26,old20,n295,Dr. Voss,person,0,False,False,,,False,False
26,old20,n296,Beyer,person,0,False,False,,,False,False
26,old20,n297,the two gentlemen,clue_object,1,False,False,,,False,False
26,old20,n298,"the tall gentleman, almost a giant",person,1,False,False,,,False,False
26,old20,n299,the Nordic-looking detective,person,0,False,False,,,False,False
26,old20,n300,Hassman,person,1,False,False,,,False,False
26,old20,n301,the woman,person,0,False,False,,,False,False
26,old20,n303,The Battle of the Flag,clue_object,0,False,False,,,False,False
26,old20,n304,Casper Kasper,person,0,False,False,,,False,False
26,old20,n306,Victoria and Albert Museum,location,0,False,False,,,False,False
26,old20,n307,last Friday,time_anchor,0,False,False,,,False,False
26,old20,n308,Eliot,person,2,False,False,,,True,True
26,old20,n309,Natchio Suichu,person,0,False,False,,,False,False
26,old20,n310,Myers Wucu,person,0,False,False,,,False,False
26,old20,n311,Duncan Fulcher,person,0,False,False,,,False,False
26,old20,n312,Henry,person,0,False,False,,,False,False
26,old20,n313,Aida,person,0,False,False,,,False,False
26,old20,n314,Susan Mose,person,0,False,False,,,False,False
26,old20,n315,Robert Petrie,person,0,False,False,,,False,False
26,old20,n316,Mrs. Duke,person,0,False,False,,,False,False
26,old20,n317,Mr. Loban Goldberg,person,0,False,False,,,False,False
26,old20,n318,Mrs. Timothy Walker,person,0,False,False,,,False,False
26,old20,n319,Robert Eden,person,0,False,False,,,False,False
26,old20,n320,Simeon Brucken,person,1,False,False,,,False,False
26,old20,n321,Rony Bohn,person,1,False,False,,,False,False
26,old20,n322,Bag Engle,person,1,False,False,,,False,False
26,old20,n323,Cardwell,person,0,False,False,,,False,False
26,old20,n324,Chicago,location,0,False,False,,,False,False
26,old20,n325,Detective Halsey,person,0,False,False,,,False,False
26,old20,n326,Allan Chaine,person,0,False,False,,,False,False
26,old20,n327,The Quinns,person,0,False,False,,,False,False
26,old20,n328,Simpson prosecutor,person,0,False,False,,,False,False
26,old20,n329,Pepper deputy prosecutor,person,0,False,False,,,False,False
26,old20,n330,The note,clue_object,0,False,False,,,False,False
26,old20,n331,The drawer,location,0,False,False,,,False,False
26,old20,n332,Baiet,person,0,False,False,,,False,False
26,old20,n333,Hotel Exeter,location,0,False,False,,,False,False
26,old20,n334,Chanel,person,0,False,False,,,False,False
26,old20,n335,Hasekamp,person,0,False,False,,,False,False
26,old20,n336,New New Prison,location,0,False,False,,,False,False
26,old20,n337,Mrs. Frieland,person,3,False,False,,,True,True
26,old20,n338,Jimmy,person,1,False,False,,,False,False
26,old20,n340,promissory note,clue_object,2,False,False,,,False,True
26,old20,n341,Child,person,0,False,False,,,False,False
26,old20,n342,Collection,location,3,False,False,,,False,True
26,old20,n343,stove,location,1,False,False,,,False,False
26,old20,n344,will (fragment),clue_object,1,False,False,,,False,False
26,old20,n345,Greenschaw and Sloan are brothers,clue_object,4,False,False,,,True,True
26,old20,n346,Eleanor,person,3,False,False,,,True,True
26,old20,n347,display room,location,1,False,False,,,False,False
26,old20,n348,hallway,location,0,False,False,,,False,False
26,old20,n349,Persian rug,clue_object,0,False,False,,,False,False
26,old20,n351,Théophane Sloan,person,1,False,False,,,False,False
26,old20,n352,Dr. Broudy,person,0,False,False,,,False,False
26,old20,n353,newspaper,clue_object,0,False,False,,,False,False
26,old20,n354,police headquarters,location,0,False,False,,,False,False
26,old20,n355,medical examiner's office,location,0,False,False,,,False,False
26,old20,n356,fog,clue_object,0,False,False,,,False,False
26,old20,n357,"October 19th, Tuesday",time_anchor,0,False,False,,,False,False
26,old20,n358,Dad,person,2,False,False,,,True,True
26,old20,n359,Slocum,person,1,False,False,,,False,False
26,old20,n360,Casgur household,location,3,False,False,,,True,True
26,old20,n361,adjoining room,location,0,False,False,,,False,False
26,old20,n362,hostess,person,0,False,False,,,False,False
26,old20,n363,Allen Chena,person,1,False,False,,,False,False
26,old20,n364,Mr. Chene,person,0,False,False,,,False,False
26,old20,n365,dily,person,0,False,False,,,False,False
26,old20,n366,a taxi,clue_object,0,False,False,,,False,False
26,old20,n367,mansion,location,0,False,False,,,False,False
26,old20,n368,Medici Palace,location,0,False,False,,,False,False
26,old20,n369,Shick,person,2,False,False,,,True,True
26,old20,n370,Diquan,person,1,False,False,,,False,False
26,old20,n371,logic,clue_object,0,False,False,,,False,False
26,old20,n372,Knox's study,location,2,False,False,,,False,True
26,old20,n373,River Avenue,location,1,False,False,,,False,False
26,old20,n374,Miss Bright,person,0,False,False,,,False,False
26,old20,n375,Perp,person,0,False,False,,,False,False
26,old20,n376,Carson,person,0,False,False,,,False,False
26,old20,n377,Ellery's headquarters,location,0,False,False,,,False,False
26,old20,n378,watch case,clue_object,0,False,False,,,False,False
26,old20,n379,the basement entrance,location,1,False,False,,,False,False
26,old20,n380,the empty Knox house next door,location,0,False,False,,,False,False
26,old20,n381,Greenway's watch,clue_object,0,False,False,,,False,False
26,old20,n382,basement,location,0,False,False,,,False,False
26,old20,n383,Mr. Casper's burial,event,0,False,False,,,False,False
26,old20,n384,Mr. Wuthof,person,0,False,False,,,False,False
26,old20,n385,four thousand two hundred dollars,clue_object,0,False,False,,,False,False
26,old20,n386,new-looking suitcase,clue_object,0,False,False,,,False,False
26,old20,n387,National Commercial Bank,location,0,False,False,,,False,False
26,old20,n388,New York State,location,0,False,False,,,False,False
26,old20,n389,Cheneau's house,location,0,False,False,,,False,False
26,old20,n390,detective's office,location,0,False,False,,,False,False
26,old20,n391,The Odel couple,person,0,False,False,,,False,False
26,old20,n392,Detective,person,0,False,False,,,False,False
26,old20,n393,The house of Knox,location,0,False,False,,,False,False
26,old20,n394,Yesterday morning,time_anchor,0,False,False,,,False,False
26,old20,n395,The next morning,time_anchor,0,False,False,,,False,False
26,old20,n396,Wiley,person,4,False,False,,,False,True
26,old20,n397,Hesse,person,1,False,False,,,False,False
26,old20,n398,Flint,person,1,False,False,,,False,False
26,old20,n399,Ritter,person,0,False,False,,,False,False
26,old20,n400,Chigwick,person,0,False,False,,,False,False
26,old20,n401,Pepper (report),person,0,False,False,,,False,False
26,old20,n402,Hesse (report),person,0,False,False,,,False,False
26,old20,n403,Carkus,person,0,False,False,,,False,False
26,old20,n404,Funeral procession,event,0,False,False,,,False,False
26,old20,n405,Will (document),clue_object,1,False,False,,,False,False
26,old20,n406,House (Chigwick's),location,1,False,False,,,False,False
26,old20,n407,Room (Wiley's current location),location,0,False,False,,,False,False
26,old20,n408,Study (Chigwick's),location,0,False,False,,,False,False
26,old20,n409,Bedroom (Chigwick's),location,0,False,False,,,False,False
26,old20,n410,Bathroom (Chigwick's),location,0,False,False,,,False,False
26,old20,n411,Maid's bedroom (Chigwick's),location,0,False,False,,,False,False
26,old20,n412,stranger,person,4,False,False,,,True,True
26,old20,n413,Mrs. Simms' cat,clue_object,3,False,False,,,True,True
26,old20,n414,Rabbit,clue_object,0,False,False,,,False,False
26,old20,n415,carpet,clue_object,1,False,False,,,False,False
26,old20,n416,Baiter,person,0,False,False,,,False,False
26,old20,n417,Crowd,location,0,False,False,,,False,False
26,old20,n418,Gilbert Slough,person,0,False,False,,,False,False
26,old20,n419,Willy patrolman,person,0,False,False,,,False,False
26,old20,n421,Caspar Goodwood,person,0,False,False,,,False,False
26,old20,n422,Miss Brett,person,0,False,False,,,False,False
26,old20,n423,Thursday night,time_anchor,0,False,False,,,False,False
26,old20,n424,Odell,person,1,False,False,,,False,False
26,old20,n425,rusty door,clue_object,1,False,False,,,False,False
26,old20,n426,small pile of ash,clue_object,0,False,False,,,False,False
26,old20,n427,"small piece of thick, white paper",clue_object,1,False,False,,,False,False
26,old20,n428,gold watch,clue_object,1,False,False,,,False,False
26,old20,n429,Yarpo Greenway,person,1,False,False,,,False,False
26,old20,n430,Casper,person,0,False,False,,,False,False
26,old20,n431,Quine,person,1,False,False,,,False,False
26,old20,n432,diary,clue_object,2,True,False,1898,,True,True
26,old20,n433,affair,clue_object,1,True,False,1898,,False,False
26,old20,n434,Cagney,person,1,False,False,,,False,False
26,old20,n435,Packman,person,1,False,False,,,False,False
26,old20,n436,Knox (1205),clue_object,2,False,False,,,False,True
26,old20,n437,"Canvas (2594, 2768)",clue_object,0,False,False,,,False,False
26,old20,n438,Remington standard model typewriter,clue_object,0,False,False,,,False,False
26,old20,n439,London Police Department Confidential Inspector Blom,person,0,False,False,,,False,False
26,old20,n441,telegraph office,location,2,False,False,,,True,True
26,old20,n442,document,clue_object,1,False,False,,,False,False
26,old20,n443,Schultz,person,1,False,False,,,False,False
26,old20,n444,maids,clue_object,0,False,False,,,False,False
26,old20,n445,domains,clue_object,0,False,False,,,False,False
26,old20,n446,employees,clue_object,0,False,False,,,False,False
26,old20,n447,radiator,clue_object,1,False,False,,,False,False
26,old20,n448,pipes,clue_object,1,False,False,,,False,False
27,old20,n1,Aroo,location,1,False,False,,,False,False
27,old20,n2,New Kensington,location,0,False,False,,,False,False
27,old20,n3,Pietown,location,0,False,False,,,False,False
27,old20,n4,crossroads,location,0,False,False,,,False,False
27,old20,n5,sign,clue_object,1,False,False,,,False,False
27,old20,n6,victim,person,6,False,False,,,False,False
27,old20,n7,District Attorney Crummett,person,2,False,False,,,True,True
27,old20,n8,Ellery,person,59,False,False,,,True,True
27,old20,n9,Inspector Queen,person,0,False,False,,,False,False
27,old20,n10,Sheriff,person,2,False,False,,,True,True
27,old20,n11,Coroner,person,0,False,False,,,False,False
27,old20,n12,Marshal,person,6,False,False,,,True,False
27,old20,n13,Professor,person,7,False,False,,,True,True
27,old20,n14,New York,location,1,False,False,,,False,False
27,old20,n15,District Attorney's reception room,location,1,False,False,,,False,False
27,old20,n16,Veranda's stairs,location,0,False,False,,,False,False
27,old20,n17,Gravel path,location,0,False,False,,,False,False
27,old20,n18,Main house,location,1,False,False,,,False,False
27,old20,n19,Bay,location,3,False,False,,,True,True
27,old20,n20,Dusenberg's private driveway,location,0,False,False,,,False,False
27,old20,n21,Dr. Temple,person,14,False,False,,,True,True
27,old20,n22,Chatham Bay,location,1,False,False,,,False,False
27,old20,n23,Bradwood,location,3,False,False,,,True,True
27,old20,n24,Gazebo and totem pole,clue_object,0,False,False,,,False,False
27,old20,n25,High wire fence enclosing the tennis court,clue_object,0,False,False,,,False,False
27,old20,n26,Central walkway leading to Bradwood's wharf,clue_object,0,False,False,,,False,False
27,old20,n27,Fox cottage,location,0,False,False,,,False,False
27,old20,n28,Westward road that separated Bradwood from the Lein residence,clue_object,0,False,False,,,False,False
27,old20,n29,"Dark, looming house",location,0,False,False,,,False,False
27,old20,n30,Breda's body,clue_object,1,False,False,,,False,False
27,old20,n31,the morning after the discovery of the mutilated body of Breda,time_anchor,0,False,False,,,False,False
27,old20,n32,Escham,person,6,False,False,,,True,True
27,old20,n33,Vane,person,1,False,False,,,False,False
27,old20,n34,Megala,person,4,False,False,,,True,True
27,old20,n35,Professor Yadle,person,1,False,False,,,False,False
27,old20,n36,Captain Swift,person,3,False,False,,,True,True
27,old20,n37,Breda's mother and daughter,person,0,False,False,,,False,False
27,old20,n38,Lincoln,person,1,False,False,,,False,False
27,old20,n39,the room,location,7,False,False,,,True,True
27,old20,n40,the desk,clue_object,3,False,False,,,True,True
27,old20,n41,the carpet,clue_object,0,False,False,,,False,False
27,old20,n42,the mark on the carpet,clue_object,3,False,False,,,True,True
27,old20,n43,Brad,person,11,False,False,,,True,True
27,old20,n44,chandelier,clue_object,0,False,False,,,False,False
27,old20,n45,sheet of paper,clue_object,0,False,False,,,False,False
27,old20,n46,curtains,clue_object,0,False,False,,,False,False
27,old20,n47,table lamps,clue_object,0,False,False,,,False,False
27,old20,n48,books on built-in shelves,clue_object,0,False,False,,,False,False
27,old20,n49,Professor Yadley,person,2,False,False,,,True,True
27,old20,n50,Megalos,person,0,False,False,,,False,False
27,old20,n51,Brad's room,location,0,False,False,,,False,False
27,old20,n52,key,clue_object,0,False,False,,,False,False
27,old20,n53,small set of tools,clue_object,0,False,False,,,False,False
27,old20,n54,needle,clue_object,0,False,False,,,False,False
27,old20,n55,tiny edge of a piece of paper,clue_object,0,False,False,,,False,False
27,old20,n56,Ereli,person,3,False,False,,,True,True
27,old20,n57,small piece of paper,clue_object,2,False,False,,,True,True
27,old20,n58,study,location,6,False,False,,,True,True
27,old20,n60,Pittsburgh,location,1,False,False,,,False,False
27,old20,n61,chimney hole,clue_object,1,False,False,,,False,False
27,old20,n62,door,clue_object,3,False,False,,,True,True
27,old20,n63,desk or drawer,clue_object,0,False,False,,,False,False
27,old20,n64,man in uniform,person,1,False,False,,,False,False
27,old20,n65,Isam,person,0,False,False,,,False,False
27,old20,n67,Stephen Megala,person,4,False,False,,,True,True
27,old20,n68,Kekem the old man,person,1,False,False,,,False,False
27,old20,n69,South Pennsylvania,location,0,False,False,,,False,False
27,old20,n70,Arroyo,location,9,False,False,,,True,True
27,old20,n71,Bredwood,location,4,False,False,,,True,True
27,old20,n72,Inspector Vance,person,31,True,True,93;308;452;1554;1579;1876;1896;2856,1896;2856,True,True
27,old20,n73,Meagal,person,3,False,False,,,True,True
27,old20,n74,Helen,location,3,False,False,,,True,True
27,old20,n75,Arroyo (the yacht),clue_object,0,False,False,,,False,False
27,old20,n76,Inspector Vance's men,person,1,False,False,,,False,False
27,old20,n77,Johnny,person,1,False,False,,,False,False
27,old20,n78,Fox (the gardener),person,1,False,False,,,False,False
27,old20,n79,The small house,location,1,False,False,,,False,False
27,old20,n80,Pendleton,person,0,False,False,,,False,False
27,old20,n81,Fox,person,12,False,False,,,True,True
27,old20,n82,Patsy Malone,person,0,False,False,,,False,False
27,old20,n83,Professor Yradley,person,0,False,False,,,False,False
27,old20,n84,Officer Vane,person,3,False,False,,,True,True
27,old20,n85,Officers,clue_object,3,False,False,,,False,True
27,old20,n86,Patrol Boat,clue_object,3,False,False,,,True,True
27,old20,n87,Yradley's Outer House,location,0,False,False,,,False,False
27,old20,n88,Dock,location,4,False,False,,,True,False
27,old20,n89,Captain,person,2,False,False,,,True,True
27,old20,n92,ken figure behind him,person,2,False,False,,,True,True
27,old20,n94,Vaughn,person,0,False,False,,,False,False
27,old20,n95,Crozack,person,2,False,False,,,False,True
27,old20,n97,Professor Yardeley,person,0,False,False,,,False,False
27,old20,n98,Crosetti,person,9,False,False,,,True,True
27,old20,n99,Dr. Yadley,person,1,False,False,,,False,False
27,old20,n100,the board,clue_object,0,False,False,,,False,False
27,old20,n101,the chair,location,0,False,False,,,False,False
27,old20,n102,the visitor and opponent,person,0,False,False,,,False,False
27,old20,n103,the first row of black,clue_object,0,False,False,,,False,False
27,old20,n104,the kingline,clue_object,0,False,False,,,False,False
27,old20,n105,Disraeli,person,0,False,False,,,False,False
27,old20,n106,Philip,person,0,False,False,,,False,False
27,old20,n107,Red pawn,clue_object,4,False,False,,,True,True
27,old20,n108,Black king's line,clue_object,1,False,False,,,False,False
27,old20,n109,Totem pole,location,1,False,False,,,False,False
27,old20,n110,Crocetta,person,5,False,False,,,True,True
27,old20,n112,Andrew,person,2,False,False,,,True,True
27,old20,n113,Clinton,person,5,False,False,,,True,True
27,old20,n114,Megalas,person,1,False,False,,,False,False
27,old20,n115,caretaker,person,2,False,False,,,True,True
27,old20,n116,telegram,clue_object,2,False,False,,,True,True
27,old20,n117,Aroon Street,location,2,False,False,,,True,True
27,old20,n118,Duesenberg,clue_object,7,False,False,,,True,True
27,old20,n119,county prosecutor,person,1,False,False,,,False,False
27,old20,n120,Royo,person,1,False,False,,,False,False
27,old20,n121,small shrubs and grass,clue_object,2,False,False,,,True,True
27,old20,n122,forest,location,1,False,False,,,False,False
27,old20,n123,clearing,location,1,False,False,,,False,False
27,old20,n124,fence,clue_object,1,False,False,,,False,False
27,old20,n125,Pitt,person,1,False,False,,,False,False
27,old20,n126,footprints,clue_object,6,False,False,,,True,True
27,old20,n127,Crocker,person,2,False,False,,,True,True
27,old20,n128,Crosetti's inheritance,clue_object,0,False,False,,,False,False
27,old20,n129,Indianapolis Airport,location,2,False,False,,,True,True
27,old20,n130,Breda,person,1,False,False,,,False,False
27,old20,n133,shabby house,location,3,False,False,,,True,True
27,old20,n134,corpse,person,3,False,False,,,True,True
27,old20,n135,shabby hut,location,2,False,False,,,True,False
27,old20,n136,blood-stained and iodine-stained bandage roll,clue_object,2,False,False,,,True,False
27,old20,n137,large blue glass bottle of iodine,clue_object,2,False,False,,,True,False
27,old20,n138,wrist wound,clue_object,2,False,False,,,True,False
27,old20,n139,the perpetrator,person,1,False,False,,,False,False
27,old20,n140,the wound,clue_object,3,False,False,,,True,False
27,old20,n141,iodine bottle,clue_object,2,False,False,,,True,False
27,old20,n142,iodine,clue_object,2,False,False,,,True,False
27,old20,n143,bandage,clue_object,0,False,False,,,False,False
27,old20,n144,Wilga Crocass,person,0,False,False,,,False,False
27,old20,n145,Van's servant,person,0,False,False,,,False,False
27,old20,n146,Mrs. Brad,person,0,False,False,,,False,False
27,old20,n147,Croscutt,person,0,False,False,,,False,False
27,old20,n148,Kline,person,0,False,False,,,False,False
27,old20,n149,Wilton Auto Repair shop owner Crocker,person,0,False,False,,,False,False
27,old20,n150,Arroyo elementary school principal,person,0,False,False,,,False,False
27,old20,n151,Croaker,person,1,False,False,,,False,False
27,old20,n152,Black Mountain man,person,0,False,False,,,False,False
27,old20,n153,Van der Veer,person,9,False,False,,,False,True
27,old20,n154,Klein,person,1,False,False,,,False,False
27,old20,n155,T-junction concept,clue_object,0,False,False,,,False,False
27,old20,n156,shack,location,1,False,False,,,False,False
27,old20,n157,cave,location,0,False,False,,,False,False
27,old20,n158,pipe,clue_object,1,False,False,,,False,False
27,old20,n159,blood-stained carpet,clue_object,1,False,False,,,False,False
27,old20,n160,Bradley's note,clue_object,1,False,False,,,False,False
27,old20,n161,Fang,person,4,False,False,,,False,True
27,old20,n163,Tewell family,person,1,False,False,,,False,False
27,old20,n164,"$5,000",clue_object,1,False,False,,,False,False
27,old20,n165,Chicago,location,2,False,False,,,False,True
27,old20,n166,West Virginia,location,1,True,True,1896;2607,1896,False,False
27,old20,n167,Christmas morning,time_anchor,1,True,False,1895,,False,False
27,old20,n168,"Friday morning, December 25th",time_anchor,0,False,False,,,False,False
27,old20,n169,money,clue_object,1,True,False,178,,False,False
27,old20,n170,murderer,person,1,False,False,,,False,False
27,old20,n171,strawberry-shaped birthmark,clue_object,1,False,False,,,False,False
27,old20,n172,wharf,location,1,False,False,,,False,False
27,old20,n173,motorboat,clue_object,4,False,False,,,False,True
27,old20,n174,iron ladder,clue_object,1,False,False,,,False,False
27,old20,n175,piano,clue_object,1,False,False,,,False,False
27,old20,n176,District Attorney Escham,person,1,False,False,,,False,False
27,old20,n177,Jonah,person,3,False,False,,,True,True
27,old20,n178,Paul Roman,person,1,False,False,,,False,False
27,old20,n179,Strick,person,1,False,False,,,False,False
27,old20,n180,Ra-Harakhti,clue_object,1,False,False,,,False,False
27,old20,n181,police boat,clue_object,4,False,False,,,True,False
27,old20,n182,Dorsenbeg,clue_object,1,False,False,,,False,False
27,old20,n183,"town hall in Aroo Village, West Virginia",location,1,False,False,,,False,False
27,old20,n184,"Aroo Village, West Virginia",location,1,False,False,,,False,False
27,old20,n185,Stapletonville,location,0,False,False,,,False,False
27,old20,n186,Cheswick,location,0,False,False,,,False,False
27,old20,n187,Croscott,person,1,False,False,,,False,False
27,old20,n188,Wain,person,2,False,False,,,True,True
27,old20,n189,Sheriff Rudden,person,0,False,False,,,False,False
27,old20,n190,Clayton Inn waiter,person,1,False,False,,,False,False
27,old20,n191,motorcycle cop,person,1,False,False,,,False,False
27,old20,n192,Arroyo's grocery store,location,1,False,False,,,False,False
27,old20,n193,town hall,location,1,False,False,,,False,False
27,old20,n194,Columbus,location,3,False,False,,,True,True
27,old20,n195,Inspector,person,2,False,False,,,True,True
27,old20,n196,Toledo,location,1,False,False,,,False,False
27,old20,n197,Sandusky,location,0,False,False,,,False,False
27,old20,n198,Cleveland,location,0,False,False,,,False,False
27,old20,n199,Lorain,location,0,False,False,,,False,False
27,old20,n200,Licking,location,0,False,False,,,False,False
27,old20,n201,Chester,location,0,False,False,,,False,False
27,old20,n202,Aroo Road,clue_object,1,False,False,,,False,False
27,old20,n203,New Kensington-Pietown Road,clue_object,0,False,False,,,False,False
27,old20,n204,Oyster Island,location,6,False,False,,,True,True
27,old20,n205,Andrew Ga Tveril,person,0,False,False,,,False,False
27,old20,n206,Stolinsky,person,1,False,False,,,False,False
27,old20,n207,Crocq,person,3,False,False,,,True,True
27,old20,n208,Duesenberg car,clue_object,1,False,False,,,False,False
27,old20,n209,flannel nightgown,clue_object,0,False,False,,,False,False
27,old20,n210,chess table,clue_object,1,False,False,,,False,False
27,old20,n211,District Attorney Isam,person,3,False,False,,,True,True
27,old20,n212,Yardley,location,0,False,False,,,False,False
27,old20,n213,Minola,location,1,False,False,,,False,False
27,old20,n214,Weldon,location,2,False,False,,,False,True
27,old20,n215,Christmas trees of holly and metal,clue_object,1,False,False,,,False,False
27,old20,n216,Arroyo Village Board,person,1,False,False,,,False,False
27,old20,n217,Stapleton,person,5,False,False,,,True,True
27,old20,n218,Michael O'Keefe,person,1,False,False,,,False,False
27,old20,n219,Ellery Queen,person,1,False,False,,,False,False
27,old20,n220,Mr. Burnheim,person,1,False,False,,,False,False
27,old20,n221,Mayor Hollis,person,3,False,False,,,True,True
27,old20,n222,Arroyo Street,location,1,False,False,,,False,False
27,old20,n223,caviar,clue_object,4,False,False,,,False,True
27,old20,n224,sturgeon caviar,clue_object,1,False,False,,,False,False
27,old20,n225,salmon caviar,clue_object,1,False,False,,,False,False
27,old20,n226,blackfish caviar,clue_object,1,False,False,,,False,False
27,old20,n227,village school,location,2,False,False,,,False,True
27,old20,n228,Bernheim,person,2,False,False,,,True,True
27,old20,n229,Eleanor,person,1,False,False,,,False,False
27,old20,n230,Mayor Hollar,person,0,False,False,,,False,False
27,old20,n232,Hollis,location,1,False,False,,,False,False
27,old20,n233,the mayor,person,1,False,False,,,False,False
27,old20,n235,strange books,clue_object,2,False,False,,,False,True
27,old20,n236,the bank (Arroyo Bank),location,0,False,False,,,False,False
27,old20,n237,Mrs. Rebecca Traub,person,0,False,False,,,False,False
27,old20,n238,William,person,0,False,False,,,False,False
27,old20,n239,Timothy Trainer,person,0,False,False,,,False,False
27,old20,n240,Colonel Pickert,person,2,False,False,,,True,True
27,old20,n241,Colonel,person,0,False,False,,,False,False
27,old20,n242,Timothy Trainer (farmer),location,0,False,False,,,False,False
27,old20,n243,Pudding,location,0,False,False,,,False,False
27,old20,n244,Colonel Pickert (back of courtroom),person,0,False,False,,,False,False
27,old20,n245,tall police officer,person,0,False,False,,,False,False
27,old20,n246,"short, elderly man",person,0,False,False,,,False,False
27,old20,n247,young man with an oily face and wearing overalls,person,0,False,False,,,False,False
27,old20,n248,"short, fat man",person,2,False,False,,,False,True
27,old20,n249,audience,location,2,False,False,,,False,True
27,old20,n250,courtroom,location,2,False,False,,,False,True
27,old20,n251,New Kensington-Bridgeton Road intersection,location,1,False,False,,,False,False
27,old20,n252,Greek cross,clue_object,1,False,False,,,False,False
27,old20,n253,Tau cross,clue_object,1,False,False,,,False,False
27,old20,n254,phallus,clue_object,1,False,False,,,False,False
27,old20,n255,Egyptian cross,clue_object,1,False,False,,,False,False
27,old20,n256,Andrew Ryan,person,1,False,False,,,False,False
27,old20,n257,Jack the Ripper,person,1,False,False,,,False,False
27,old20,n258,Germany,location,0,False,False,,,False,False
27,old20,n259,Cologne,location,1,False,False,,,False,False
27,old20,n260,mountainous region,location,0,False,False,,,False,False
27,old20,n261,bushel,clue_object,0,False,False,,,False,False
27,old20,n262,Horus,clue_object,0,False,False,,,False,False
27,old20,n263,Ra,clue_object,0,False,False,,,False,False
27,old20,n264,Manzit,clue_object,0,False,False,,,False,False
27,old20,n265,Mesent,clue_object,0,False,False,,,False,False
27,old20,n266,the goddess of the sky,person,0,False,False,,,False,False
27,old20,n267,the god of the earth and fertility,person,0,False,False,,,False,False
27,old20,n268,the goddess of motherhood and fertility,person,0,False,False,,,False,False
27,old20,n269,Erlie,person,1,False,False,,,False,False
27,old20,n270,Danilo Rieka,person,2,False,False,,,False,False
27,old20,n271,the jury,person,0,False,False,,,False,False
27,old20,n272,the residents of Weldon,person,0,False,False,,,False,False
27,old20,n273,journalists,person,1,False,False,,,False,False
27,old20,n274,UESenberg,location,2,False,False,,,True,True
27,old20,n275,Inspector QUINN,person,0,False,False,,,False,False
27,old20,n276,Chief Inspector WOHN,person,0,False,False,,,False,False
27,old20,n277,Prosecutor ESSAM,person,0,False,False,,,False,False
27,old20,n278,tobacco leaves,clue_object,2,False,False,,,True,True
27,old20,n279,cigar box,location,2,False,False,,,True,True
27,old20,n280,Stirling,location,1,False,False,,,False,False
27,old20,n281,Mrs. Buckster,person,0,False,False,,,False,False
27,old20,n282,Long Island Sound,location,0,False,False,,,False,False
27,old20,n283,Reins' dock,location,3,False,False,,,True,True
27,old20,n284,The woman,person,2,False,False,,,True,False
27,old20,n285,The boat,clue_object,2,False,False,,,True,False
27,old20,n286,The island,location,3,False,False,,,True,False
27,old20,n287,The woods,location,0,False,False,,,False,False
27,old20,n288,The police siren,clue_object,5,False,False,,,True,False
27,old20,n289,Jonah Lincoln,person,1,False,False,,,False,False
27,old20,n290,Hester,person,1,False,False,,,False,False
27,old20,n291,Easum,person,0,False,False,,,False,False
27,old20,n292,officer,person,4,False,False,,,True,True
27,old20,n293,Ely,person,0,False,False,,,False,False
27,old20,n294,Officer Vorn,person,1,False,False,,,False,False
27,old20,n295,Rome,person,1,False,False,,,False,False
27,old20,n296,The group,person,1,False,False,,,False,False
27,old20,n297,Braid,person,0,False,False,,,False,False
27,old20,n298,Quetcham,person,0,False,False,,,False,False
27,old20,n299,Harakat,person,0,False,False,,,False,False
27,old20,n300,Roman,person,2,False,False,,,True,True
27,old20,n301,Reins couple,person,2,False,False,,,False,True
27,old20,n302,Pekin Post Office,location,2,False,False,,,False,True
27,old20,n303,"Peoria, Illinois",location,0,False,False,,,False,False
27,old20,n304,Jonathan Lincoln,person,3,False,False,,,True,True
27,old20,n305,future mother-in-law,person,1,False,False,,,False,False
27,old20,n306,stack of papers,clue_object,1,False,False,,,False,False
27,old20,n307,Crooks,person,1,False,False,,,False,False
27,old20,n308,Quine,person,2,False,False,,,False,False
27,old20,n309,Ankh,clue_object,2,False,False,,,False,False
27,old20,n310,Encyclopaedia Britannica,clue_object,1,False,False,,,False,False
27,old20,n311,T-shaped symbol,clue_object,1,False,False,,,False,False
27,old20,n312,T cross,clue_object,1,False,False,,,False,False
27,old20,n313,Jamaica,location,0,False,False,,,False,False
27,old20,n314,Montenegro,location,0,False,False,,,False,False
27,old20,n315,Sarcophagus,clue_object,0,False,False,,,False,False
27,old20,n316,Nashville,location,0,False,False,,,False,False
27,old20,n317,Saint Anthony,person,1,False,False,,,False,False
27,old20,n318,Felix Brounage,person,0,False,False,,,False,False
27,old20,n319,Bahamas archipelago,location,0,False,False,,,False,False
27,old20,n320,New Providence Island,location,0,False,False,,,False,False
27,old20,n321,Nassau,location,0,False,False,,,False,False
27,old20,n322,Werger Croscak,person,1,False,False,,,False,False
27,old20,n323,Fox's eyes,clue_object,1,False,False,,,False,False
27,old20,n324,the note,clue_object,3,True,True,1583,1583,True,True
27,old20,n325,Mrs. Baxter,person,0,False,False,,,False,False
27,old20,n326,Croscok,person,2,False,False,,,True,True
27,old20,n327,Megalus,person,0,False,False,,,False,False
27,old20,n328,Officer Vaughn,person,0,False,False,,,False,False
27,old20,n329,Stephen Megal,person,0,False,False,,,False,False
27,old20,n330,Professor Yale's house,location,0,False,False,,,False,False
27,old20,n331,Broadwood property,location,2,False,False,,,True,True
27,old20,n332,Crostach,person,1,False,False,,,False,False
27,old20,n333,Tewell brothers,person,0,False,False,,,False,False
27,old20,n334,a (Crostach),person,1,False,False,,,False,False
27,old20,n335,Andrew (Megala),person,0,False,False,,,False,False
27,old20,n337,Queene,person,1,False,False,,,False,False
27,old20,n338,Steve (Vane),person,1,False,False,,,False,False
27,old20,n339,Yacht owner,person,0,False,False,,,False,False
27,old20,n340,Fane,person,0,False,False,,,False,False
27,old20,n341,the two brothers,person,0,False,False,,,False,False
27,old20,n342,Professor Yoder,person,0,False,False,,,False,False
27,old20,n343,Mrs. Bradley,person,1,False,False,,,False,False
27,old20,n344,Jonathan,person,0,False,False,,,False,False
27,old20,n345,Striker,person,0,False,False,,,False,False
27,old20,n346,Professor Addley,person,0,False,False,,,False,False
27,old20,n347,Officer Wain,person,0,False,False,,,False,False
27,old20,n348,David (1040-970 BC),person,0,False,False,,,False,False
27,old20,n350,the tennis court,location,0,False,False,,,False,False
27,old20,n351,the totem pole and gazebo,location,0,False,False,,,False,False
27,old20,n352,Detective Wainwright,person,3,False,False,,,True,True
27,old20,n353,Scotland Yard,location,1,False,False,,,False,False
27,old20,n354,Percy and Elizabeth Rein,person,1,False,False,,,False,False
27,old20,n355,Rein residence,location,1,False,False,,,False,False
27,old20,n356,Doctor,person,2,False,False,,,True,True
27,old20,n357,Detective Vorn,person,1,False,False,,,False,False
27,old20,n358,Detective Vance,person,0,False,False,,,False,False
27,old20,n359,Reinke,person,3,False,False,,,True,True
27,old20,n360,Reine's residence,location,0,False,False,,,False,False
27,old20,n361,First Aid Kit,clue_object,0,False,False,,,False,False
27,old20,n362,Captain Swift (body),clue_object,3,False,False,,,True,True
27,old20,n363,Limping Man,person,4,False,False,,,True,True
27,old20,n364,"Package or Small, Inexpensive Suitcase",clue_object,0,False,False,,,False,False
27,old20,n365,Deck,location,5,False,False,,,True,True
27,old20,n366,Mooring Area,location,2,False,False,,,True,True
27,old20,n367,Radio room roof,location,0,False,False,,,False,False
27,old20,n368,Large police launch,clue_object,1,False,False,,,False,False
27,old20,n369,Sea Hawk,location,2,False,False,,,False,False
27,old20,n370,Kaukau Bay,location,1,False,False,,,False,False
27,old20,n371,Yellow Bay,location,1,False,False,,,False,False
27,old20,n372,Arogo Road,location,1,False,False,,,False,False
27,old20,n373,professor's letter,clue_object,1,False,False,,,False,False
27,old20,n374,Professor Adler,person,0,False,False,,,False,False
27,old20,n375,Esam,person,1,False,False,,,False,False
27,old20,n376,district attorney,person,0,False,False,,,False,False
27,old20,n377,powerful three-engine plane,clue_object,1,False,False,,,False,False
27,old20,n378,Quin,person,2,False,False,,,False,True
27,old20,n379,doorman,location,1,False,False,,,False,False
27,old20,n380,shed,clue_object,2,False,False,,,False,True
27,old20,n381,"stowbenville, ohio",location,3,False,False,,,False,True
27,old20,n382,colonial house,location,1,False,False,,,False,False
27,old20,n383,Conqueror Caesar,person,0,False,False,,,False,False
27,old20,n384,The Rein couple,person,0,False,False,,,False,False
27,old20,n385,Old Pete,person,0,False,False,,,False,False
27,old20,n386,Dr. Temple's small dock,location,0,False,False,,,False,False
27,old20,n387,The Rein couple's boat,clue_object,0,False,False,,,False,False
27,old20,n388,Oyster Island's dock,location,0,False,False,,,False,False
27,old20,n389,Oyster Island's green spreading foreground,location,0,False,False,,,False,False
27,old20,n390,Grocer Bernheim,clue_object,0,False,False,,,False,False
27,old20,n391,Intersection of main road and Arroyo Street,location,0,False,False,,,False,False
27,old20,n392,Corpses nailed to a cross,clue_object,0,False,False,,,False,False
27,old20,n393,Old Nani,person,0,False,False,,,False,False
27,old20,n394,Miami Airport,location,0,False,False,,,False,False
27,old20,n395,Minola's airport,location,0,False,False,,,False,False
27,old20,n396,house's right wing,location,0,False,False,,,False,False
27,old20,n397,library,location,0,False,False,,,False,False
27,old20,n398,Sofa chair,clue_object,0,False,False,,,False,False
27,old20,n399,Ink bottles (red and black),clue_object,1,False,False,,,False,False
27,old20,n400,Ford Stowberville Hotel,location,0,False,False,,,False,False
27,old20,n401,Arroyo Town Hall,location,1,False,False,,,False,False
27,old20,n402,Stowberville,location,0,False,False,,,False,False
27,old20,n403,Long Island coastline,location,2,False,False,,,False,False
27,old20,n404,Coroner (Dr. Strong),person,0,False,False,,,False,False
27,old20,n405,Deceased's body,person,0,False,False,,,False,False
27,old20,n406,Fireworks,clue_object,1,False,False,,,False,False
27,old20,n407,Dr. Strong,person,1,False,False,,,False,False
27,old20,n408,Professor Yardley,person,1,False,False,,,False,False
28,old20,n1,servant,person,3,False,False,,,True,True
28,old20,n2,ancient-looking hunchbacked man,person,1,False,False,,,False,False
28,old20,n3,Hamlet Manor,location,13,False,False,,,True,True
28,old20,n4,Quasi,person,2,False,False,,,True,True
28,old20,n6,Morkowski,person,1,False,False,,,False,False
28,old20,n7,Bruno,person,23,False,False,,,True,True
28,old20,n8,Rein,person,3,False,False,,,True,True
28,old20,n9,Mordicci,person,0,False,False,,,False,False
28,old20,n10,Edwin Booth,person,0,False,False,,,False,False
28,old20,n11,Ada Rehan,person,0,False,False,,,False,False
28,old20,n12,Grant Hotel Suite,location,0,False,False,,,False,False
28,old20,n13,"September 4, Friday",time_anchor,0,False,False,,,False,False
28,old20,n14,3:30 PM,time_anchor,0,False,False,,,False,False
28,old20,n16,Lorrie,person,0,False,False,,,False,False
28,old20,n17,Inspector Sam,person,3,True,False,126;1139,,True,True
28,old20,n18,District Attorney Bruno,person,0,False,False,,,False,False
28,old20,n19,Bollocks,person,1,False,False,,,False,False
28,old20,n20,DeWitt,person,34,False,False,,,True,True
28,old20,n21,Grant Hotel,location,3,False,False,,,False,False
28,old20,n22,Living room,location,1,False,False,,,False,False
28,old20,n23,Suite,location,1,False,False,,,False,False
28,old20,n25,Lengstritter,person,1,False,False,,,False,False
28,old20,n26,Inspector Duffy,person,4,False,False,,,True,True
28,old20,n27,Langstroth,person,7,False,False,,,True,True
28,old20,n28,Sam,person,49,True,False,694,,True,True
28,old20,n29,bus driver,person,4,False,False,,,True,True
28,old20,n30,Langstroth's body,clue_object,2,False,False,,,True,True
28,old20,n31,dynamite package,clue_object,0,False,False,,,False,False
28,old20,n32,back door of the bus,location,2,False,False,,,False,True
28,old20,n33,garage's second-floor reception room,location,1,False,False,,,False,False
28,old20,n35,Detectives,person,0,False,False,,,False,False
28,old20,n36,Deceased,clue_object,2,False,False,,,True,True
28,old20,n37,Dr. Shilling,person,3,False,False,,,True,True
28,old20,n38,Detective Pollock,person,0,False,False,,,False,False
28,old20,n39,Ambulance,clue_object,0,False,False,,,False,False
28,old20,n40,Two young men in white clothes,person,0,False,False,,,False,False
28,old20,n41,"Short, plump man with outdated glasses and cap",person,0,False,False,,,False,False
28,old20,n42,Cheryl,person,8,False,False,,,True,True
28,old20,n43,Jenny DeWitt,person,4,False,False,,,True,True
28,old20,n44,Finkelstein,person,1,False,False,,,False,False
28,old20,n45,Ehring,person,1,False,False,,,False,False
28,old20,n46,Collins,person,18,False,False,,,True,True
28,old20,n47,Pollock,person,1,False,False,,,False,False
28,old20,n49,Robert Clarke,person,0,False,False,,,False,False
28,old20,n50,Garage's restroom,location,0,False,False,,,False,False
28,old20,n51,Clarke,person,2,False,False,,,False,True
28,old20,n52,Antonio Fontana,person,1,False,False,,,False,False
28,old20,n53,Charles Wood,person,30,True,False,265;705,,True,True
28,old20,n54,Victim,person,19,True,False,265,,True,True
28,old20,n55,"Short, gray-haired man",person,1,False,False,,,False,False
28,old20,n56,Guinness,person,4,True,False,840;841,,False,True
28,old20,n57,Jonas,person,3,False,False,,,False,True
28,old20,n58,Lieutenant Pibody,person,1,False,False,,,False,False
28,old20,n59,Detective Duffy,person,1,True,False,282,,False,False
28,old20,n60,Eighth Avenue corner,location,0,False,False,,,False,False
28,old20,n61,New Jersey,location,1,True,False,282,,False,False
28,old20,n62,ferry,clue_object,1,True,False,282,,False,False
28,old20,n63,companies,location,1,True,False,282,,False,False
28,old20,n64,Jonathan,person,0,False,False,,,False,False
28,old20,n65,Pibody,person,0,False,False,,,False,False
28,old20,n66,Reen,person,5,False,False,,,True,True
28,old20,n67,man in old coat,person,0,False,False,,,False,False
28,old20,n68,burlap sack,clue_object,0,False,False,,,False,False
28,old20,n69,garbage pile,clue_object,0,False,False,,,False,False
28,old20,n70,Raine,person,6,False,False,,,True,True
28,old20,n71,Dewey,person,0,False,False,,,False,False
28,old20,n73,Miss Brown,person,0,False,False,,,False,False
28,old20,n74,Dewey's wife,person,1,False,False,,,False,False
28,old20,n75,Pibody sub-chief,person,1,False,False,,,False,False
28,old20,n76,lounge,location,4,False,False,,,True,True
28,old20,n77,garage,location,1,False,False,,,False,False
28,old20,n78,Harry Lestrade,person,5,False,False,,,True,True
28,old20,n79,Lunsford,person,1,False,False,,,False,False
28,old20,n80,Anna,person,1,False,False,,,False,False
28,old20,n82,brokerage firm,clue_object,1,False,False,,,False,False
28,old20,n83,South America,location,1,False,False,,,False,False
28,old20,n84,United States,location,0,False,False,,,False,False
28,old20,n85,quay,location,0,False,False,,,False,False
28,old20,n86,body,clue_object,4,False,False,,,True,True
28,old20,n87,black hat with a brim,clue_object,2,False,False,,,True,True
28,old20,n88,detective,person,2,True,False,694,,True,True
28,old20,n89,red-haired man,person,2,True,False,694,,True,True
28,old20,n90,dark blue coat,clue_object,2,True,False,694,,True,True
28,old20,n91,New Jersey police,person,1,False,False,,,False,False
28,old20,n92,passengers,person,1,False,False,,,False,False
28,old20,n93,Sam and Bruno,person,2,False,False,,,False,False
28,old20,n94,Hudson County Prosecutor Reilly,person,1,False,False,,,False,False
28,old20,n95,Reilly,person,1,False,False,,,False,False
28,old20,n97,Lunsford murder case,event,0,False,False,,,False,False
28,old20,n98,Wood's murder,event,0,False,False,,,False,False
28,old20,n100,Haffmeyer,person,2,False,False,,,True,True
28,old20,n101,Giuseppe Salvatore (Ship's shoe shiner),person,2,False,False,,,False,True
28,old20,n102,client with shoes,clue_object,1,False,False,,,False,False
28,old20,n103,Martha Wilson,person,1,False,False,,,False,False
28,old20,n104,Henry Nickerson,person,1,False,False,,,False,False
28,old20,n105,Mae Cohn,person,2,False,False,,,True,True
28,old20,n106,Ruth Tobias,person,2,False,False,,,True,True
28,old20,n107,Rene,person,3,False,False,,,True,True
28,old20,n108,Lane,person,2,False,False,,,True,True
28,old20,n109,Ferry terminal,location,0,False,False,,,False,False
28,old20,n110,42nd Street,location,0,False,False,,,False,False
28,old20,n111,Weehawken,location,0,False,False,,,False,False
28,old20,n112,Royal Bengal brand cigar box,clue_object,1,False,False,,,False,False
28,old20,n113,Crem brand cigar butt,clue_object,0,False,False,,,False,False
28,old20,n114,alarm clock,clue_object,1,False,False,,,False,False
28,old20,n115,black malt whiskey bottle,clue_object,1,False,False,,,False,False
28,old20,n116,glass,clue_object,1,False,False,,,False,False
28,old20,n117,toothbrush,clue_object,1,False,False,,,False,False
28,old20,n118,rusty metal shaving box,clue_object,1,False,False,,,False,False
28,old20,n119,small bottle of aspirin,clue_object,1,False,False,,,False,False
28,old20,n120,old copper ashtray,clue_object,1,False,False,,,False,False
28,old20,n121,raised board under the carpet,clue_object,2,False,False,,,True,True
28,old20,n122,board under the bed,clue_object,2,False,False,,,True,True
28,old20,n123,New York Police Department headquarters,location,0,False,False,,,False,False
28,old20,n124,Number 137 ten-story building,location,0,False,False,,,False,False
28,old20,n125,Bruno prosecutor's outer office,location,0,False,False,,,False,False
28,old20,n126,Mr. Reen,person,4,False,False,,,False,True
28,old20,n127,Mr. Ehring,person,1,False,False,,,False,False
28,old20,n128,Mrs. Murphy,person,0,False,False,,,False,False
28,old20,n129,Wood's house,location,0,False,False,,,False,False
28,old20,n130,Whipken,location,1,False,False,,,False,False
28,old20,n131,Central Avenue,location,1,False,False,,,False,False
28,old20,n132,Securities Exchange Club,location,1,False,False,,,False,False
28,old20,n134,Jan DeWitt,person,1,False,False,,,False,False
28,old20,n135,Ritz Hotel,location,0,False,False,,,False,False
28,old20,n136,Lermin,person,1,False,False,,,False,False
28,old20,n138,everyone in Seinegelwood,location,0,False,False,,,False,False
28,old20,n139,Seinegelwood,location,1,False,False,,,False,False
28,old20,n140,Brooks,person,5,False,False,,,True,True
28,old20,n141,Fred,person,0,False,False,,,False,False
28,old20,n142,Jules Renet,person,0,False,False,,,False,False
28,old20,n143,murderer,person,0,False,False,,,False,False
28,old20,n144,Richard III,person,0,False,False,,,False,False
28,old20,n145,luggage room,location,0,False,False,,,False,False
28,old20,n146,snack bar,location,0,False,False,,,False,False
28,old20,n147,waiting benches,location,0,False,False,,,False,False
28,old20,n148,Lord,person,5,False,False,,,True,True
28,old20,n149,Periara,person,4,False,False,,,True,True
28,old20,n150,"Lyman, the lawyer",person,0,False,False,,,False,False
28,old20,n151,ticket counter,location,1,False,False,,,False,False
28,old20,n152,Ehren,person,0,False,False,,,False,False
28,old20,n153,front wall of the car and the back of the front seat,location,1,False,False,,,False,False
28,old20,n154,back of the front seat,location,1,False,False,,,False,False
28,old20,n155,front wall of the car,location,0,False,False,,,False,False
28,old20,n156,back seat,location,0,False,False,,,False,False
28,old20,n157,two-person seats facing each other,clue_object,0,False,False,,,False,False
28,old20,n160,Martin Stops,location,1,False,False,,,False,False
28,old20,n161,Uruguayan court,location,0,False,False,,,False,False
28,old20,n162,Montevideo,location,1,False,False,,,False,False
28,old20,n163,convent in Montevideo,location,0,False,False,,,False,False
28,old20,n164,Stoppes,person,4,True,False,2327;2330,,True,True
28,old20,n167,Lunsdorf,person,0,False,False,,,False,False
28,old20,n168,New York,location,1,True,False,2349,,False,False
28,old20,n169,Machado's investigation,event,0,False,False,,,False,False
28,old20,n170,July this year,time_anchor,0,False,False,,,False,False
28,old20,n171,archives,clue_object,0,False,False,,,False,False
28,old20,n172,New York letter,clue_object,1,False,False,,,False,False
28,old20,n173,main tower,location,1,False,False,,,False,False
28,old20,n174,square platform,location,1,False,False,,,False,False
28,old20,n175,ancient stone staircase,clue_object,1,False,False,,,False,False
28,old20,n176,winding stairs,clue_object,1,False,False,,,False,False
28,old20,n177,oak door,clue_object,2,False,False,,,False,False
28,old20,n178,iron latch,clue_object,0,False,False,,,False,False
28,old20,n179,stone battlements,location,1,False,False,,,False,False
28,old20,n180,Inspector,person,3,False,False,,,True,True
28,old20,n181,"$50,000",clue_object,0,False,False,,,False,False
28,old20,n182,IRS,clue_object,0,False,False,,,False,False
28,old20,n183,embezzlement,clue_object,0,False,False,,,False,False
28,old20,n184,forged documents,clue_object,0,False,False,,,False,False
28,old20,n185,political figures,clue_object,0,False,False,,,False,False
28,old20,n186,circumstantial evidence,clue_object,0,False,False,,,False,False
28,old20,n187,Crocker,person,2,False,False,,,True,True
28,old20,n188,Mohegan ferry,location,1,False,False,,,False,False
28,old20,n192,Bogotá station,location,1,False,False,,,False,False
28,old20,n193,Richfield Park Station,location,1,False,False,,,False,False
28,old20,n194,New York City,location,1,False,False,,,False,False
28,old20,n195,Revolver,clue_object,2,False,False,,,False,True
28,old20,n196,Richfield Park Station Riverbank,location,1,False,False,,,False,False
28,old20,n197,Hamlet House Library,location,0,False,False,,,False,False
28,old20,n198,World Map (1501),clue_object,0,False,False,,,False,False
28,old20,n199,Rain,person,14,False,False,,,True,True
28,old20,n200,"tall, sturdy, red-faced man",person,1,False,False,,,False,False
28,old20,n201,library,location,6,False,False,,,True,True
28,old20,n202,Reine,person,6,False,False,,,True,True
28,old20,n203,North Bergen station,location,3,False,False,,,True,True
28,old20,n204,train,clue_object,2,False,False,,,False,True
28,old20,n205,watch,clue_object,1,False,False,,,False,False
28,old20,n206,signal lamp,clue_object,1,False,False,,,False,False
28,old20,n207,door,clue_object,2,False,False,,,True,True
28,old20,n208,tweed coat,clue_object,2,False,False,,,True,True
28,old20,n209,silver eyeglass case,clue_object,2,False,False,,,True,True
28,old20,n210,glasses,clue_object,2,False,False,,,True,True
28,old20,n211,castle,location,0,False,False,,,False,False
28,old20,n212,ancient-looking bridge,location,3,False,False,,,False,True
28,old20,n213,small hut with a thatched roof,location,1,False,False,,,False,False
28,old20,n214,wooden sign hanging on the door,clue_object,0,False,False,,,False,False
28,old20,n215,iron bridge,location,1,False,False,,,False,False
28,old20,n216,grand hall,location,9,False,False,,,True,True
28,old20,n217,massive beams,clue_object,1,False,False,,,False,False
28,old20,n218,armored knights,clue_object,1,False,False,,,False,False
28,old20,n219,ancient artifacts,clue_object,1,False,False,,,False,False
28,old20,n220,"giant, grotesque comic mask",clue_object,1,False,False,,,False,False
28,old20,n221,similarly sized tragic mask,clue_object,1,False,False,,,False,False
28,old20,n222,"colossal, intricately crafted iron chandelier",clue_object,2,False,False,,,False,True
28,old20,n223,giant candles,clue_object,1,False,False,,,False,False
28,old20,n224,round-bellied servant,person,1,False,False,,,False,False
28,old20,n225,Lestrange,person,1,False,False,,,False,False
28,old20,n228,Lentz,person,1,False,False,,,False,False
28,old20,n229,Italian man,person,0,False,False,,,False,False
28,old20,n230,Anna Pratt,person,1,False,False,,,False,False
28,old20,n231,police officers,person,0,False,False,,,False,False
28,old20,n232,Leaman,person,0,False,False,,,False,False
28,old20,n233,Ren,person,2,False,False,,,True,True
28,old20,n234,Ren's eyes,clue_object,0,False,False,,,False,False
28,old20,n235,match,clue_object,2,False,False,,,True,True
28,old20,n236,cigar,clue_object,3,False,False,,,True,True
28,old20,n237,Polux,person,2,False,False,,,True,True
28,old20,n238,Polux's wink,clue_object,0,False,False,,,False,False
28,old20,n239,Lansdorf,person,0,False,False,,,False,False
28,old20,n240,Anna Platt,person,0,False,False,,,False,False
28,old20,n241,Webber,person,0,False,False,,,False,False
28,old20,n242,Jenny,person,1,False,False,,,False,False
28,old20,n243,Mr. Impraliai,person,0,False,False,,,False,False
28,old20,n244,Mr. Longstreth,person,0,False,False,,,False,False
28,old20,n245,Swiss Precision Mechanics Company,clue_object,0,False,False,,,False,False
28,old20,n246,muddy envelope,clue_object,0,False,False,,,False,False
28,old20,n247,Rayn,person,1,False,False,,,False,False
28,old20,n248,Dr. Schiller,person,0,False,False,,,False,False
28,old20,n249,cork with the needle inserted,clue_object,2,False,False,,,True,True
28,old20,n250,car,location,2,False,False,,,True,True
28,old20,n251,passenger,person,0,False,False,,,False,False
28,old20,n252,butler,person,2,False,False,,,True,True
28,old20,n253,Rine,person,4,False,False,,,True,True
28,old20,n254,District Attorney's Office,location,4,False,False,,,True,True
28,old20,n255,ehawken Pier,location,1,False,False,,,False,False
28,old20,n256,Prosecutor,person,2,False,False,,,True,True
28,old20,n257,letter,clue_object,3,False,False,,,True,True
28,old20,n258,New Jersey ferry terminal,location,1,False,False,,,False,False
28,old20,n259,Vance,person,1,False,False,,,False,False
28,old20,n260,Quincannon,person,2,False,False,,,False,True
28,old20,n261,Quixi,person,1,False,False,,,False,False
28,old20,n262,pigments,clue_object,0,False,False,,,False,False
28,old20,n263,wig,clue_object,1,False,False,,,False,False
28,old20,n264,mirror,clue_object,1,False,False,,,False,False
28,old20,n265,Quix,person,2,False,False,,,False,True
28,old20,n266,towel,clue_object,1,False,False,,,False,False
28,old20,n267,oil,clue_object,1,False,False,,,False,False
28,old20,n268,Felipe Machado,person,7,False,False,,,True,True
28,old20,n269,study,location,2,False,False,,,True,True
28,old20,n270,Quixley,person,2,False,False,,,True,True
28,old20,n271,South American consulate staff,location,1,False,False,,,False,False
28,old20,n272,Sam the Cop,person,1,False,False,,,False,False
28,old20,n273,Bruno the Prosecutor,person,0,False,False,,,False,False
28,old20,n274,Sam the police officer,person,0,False,False,,,False,False
28,old20,n275,head waiter,person,0,False,False,,,False,False
28,old20,n276,club members,person,0,False,False,,,False,False
28,old20,n277,black uniformed servant,person,0,False,False,,,False,False
28,old20,n278,manager,person,3,False,False,,,True,True
28,old20,n279,dining room,location,2,False,False,,,True,True
28,old20,n280,lunch,event,2,False,False,,,True,True
28,old20,n281,meat,clue_object,0,False,False,,,False,False
28,old20,n282,roast beef,clue_object,1,False,False,,,False,False
28,old20,n283,Prosecutor Bruno,person,0,False,False,,,False,False
28,old20,n284,Mrs. DeWitt,person,4,False,False,,,True,True
28,old20,n285,Quixy,person,1,False,False,,,False,False
28,old20,n286,chief,person,2,False,False,,,False,True
28,old20,n287,DeWitt (legal proceedings),time_anchor,4,False,False,,,True,True
28,old20,n288,Caliban,person,1,False,False,,,False,False
28,old20,n289,Fritz,person,0,False,False,,,False,False
28,old20,n290,Mr. Juan Ayochez,person,0,False,False,,,False,False
28,old20,n291,"Lehman, Brooks & Chadwick",location,1,False,False,,,False,False
28,old20,n292,attitude towards confinement,clue_object,0,False,False,,,False,False
28,old20,n293,Quincy,person,11,False,False,,,True,True
28,old20,n294,elevator attendant,person,1,False,False,,,False,False
28,old20,n295,elevator,clue_object,1,False,False,,,False,False
28,old20,n296,bench,clue_object,1,False,False,,,False,False
28,old20,n297,tree,location,1,False,False,,,False,False
28,old20,n298,apartment,location,1,False,False,,,False,False
28,old20,n299,Leonel Brooks,person,0,False,False,,,False,False
28,old20,n300,Mr. Lynam,person,1,False,False,,,False,False
28,old20,n301,Mr. Lyme,person,0,False,False,,,False,False
28,old20,n302,Dwyte,person,0,False,False,,,False,False
28,old20,n303,Leiman,person,3,False,False,,,True,True
28,old20,n304,Erhen,person,1,False,False,,,False,False
28,old20,n305,Impriale,person,1,False,False,,,False,False
28,old20,n306,Jorgens,person,1,False,False,,,False,False
28,old20,n308,Fern DeWitt,person,1,False,False,,,False,False
28,old20,n309,Longstrie,clue_object,0,False,False,,,False,False
28,old20,n310,black wax cylinder,clue_object,0,False,False,,,False,False
28,old20,n311,recorder,clue_object,0,False,False,,,False,False
28,old20,n312,phone,clue_object,0,False,False,,,False,False
28,old20,n313,Perriera,person,0,False,False,,,False,False
28,old20,n315,DeWitt's corpse,clue_object,0,False,False,,,False,False
28,old20,n316,light switch on the wall,clue_object,0,False,False,,,False,False
28,old20,n317,gold watch,clue_object,0,False,False,,,False,False
28,old20,n318,Bouden,person,4,False,False,,,True,True
28,old20,n319,Dr. Sheldon,person,0,False,False,,,False,False
28,old20,n320,Dr. Schilling,person,7,False,False,,,True,True
28,old20,n321,Reynolds,person,0,False,False,,,False,False
28,old20,n323,Occasional passengers,person,0,False,False,,,False,False
28,old20,n324,The gun,clue_object,1,False,False,,,False,False
28,old20,n325,downtown New York,location,0,False,False,,,False,False
28,old20,n326,taxi driver,person,0,False,False,,,False,False
28,old20,n327,Dafty,person,0,False,False,,,False,False
28,old20,n328,train station,location,0,False,False,,,False,False
28,old20,n329,Jan,person,0,False,False,,,False,False
28,old20,n330,Jurgens,person,0,False,False,,,False,False
28,old20,n331,Janie DeWitt,person,1,False,False,,,False,False
28,old20,n332,"Cole, the prosecutor",person,0,False,False,,,False,False
28,old20,n333,safe,clue_object,0,False,False,,,False,False
28,old20,n334,safe in the bedroom upstairs,clue_object,0,False,False,,,False,False
28,old20,n335,bedroom upstairs,location,0,False,False,,,False,False
28,old20,n336,Mr. Rayne,person,0,False,False,,,False,False
28,old20,n337,envelope,clue_object,0,False,False,,,False,False
28,old20,n338,New York City Central Post Office,location,0,False,False,,,False,False
28,old20,n339,general post office,location,0,False,False,,,False,False
28,old20,n340,note paper,clue_object,0,False,False,,,False,False
28,old20,n341,security guard,person,0,False,False,,,False,False
28,old20,n342,Theresa Brown,person,5,False,False,,,True,True
28,old20,n343,Broulux,person,3,False,False,,,True,True
28,old20,n344,light switch,clue_object,0,False,False,,,False,False
28,old20,n345,door gap,clue_object,0,False,False,,,False,False
28,old20,n346,search warrant,clue_object,1,False,False,,,False,False
28,old20,n347,silk dressing gown,clue_object,0,False,False,,,False,False
28,old20,n349,West 78th Street,location,1,False,False,,,False,False
28,old20,n350,Elderly uniformed attendant,person,0,False,False,,,False,False
28,old20,n351,Eighth floor door,location,0,False,False,,,False,False
28,old20,n354,Sir Foustaf,person,0,False,False,,,False,False
28,old20,n356,Crockett,person,1,False,False,,,False,False
28,old20,n357,Lentrist,person,0,False,False,,,False,False
28,old20,n358,manganese mine,clue_object,2,False,False,,,True,True
28,old20,n359,tram,clue_object,0,False,False,,,False,False
28,old20,n360,cork stopper filled with needles,clue_object,2,False,False,,,True,True
28,old20,n361,gloves,clue_object,4,False,False,,,False,True
28,old20,n362,handkerchief,clue_object,1,False,False,,,False,False
28,old20,n363,pliers,clue_object,1,False,False,,,False,False
28,old20,n364,cork,clue_object,1,False,False,,,False,False
28,old20,n365,glove,clue_object,3,False,False,,,True,True
28,old20,n366,Officer Moore,person,0,False,False,,,False,False
28,old20,n367,body search,event,0,False,False,,,False,False
28,old20,n369,protective tool,clue_object,1,False,False,,,False,False
28,old20,n370,handkerchiefs,clue_object,1,False,False,,,False,False
28,old20,n371,poison needle,clue_object,0,False,False,,,False,False
28,old20,n372,fair-weather day,location,1,False,False,,,False,False
28,old20,n374,Stopp,person,2,False,False,,,True,True
28,old20,n376,Murder weapon,clue_object,1,False,False,,,False,False
28,old20,n377,Train tickets,clue_object,0,False,False,,,False,False
28,old20,n378,accomplice,person,2,False,False,,,False,True
28,old20,n379,Longstreet case,event,1,False,False,,,False,False
28,old20,n380,Longestriet,person,0,False,False,,,False,False
28,old20,n381,electric car company,location,0,False,False,,,False,False
28,old20,n382,personnel manager,person,0,False,False,,,False,False
28,old20,n383,innis,person,0,False,False,,,False,False
28,old20,n384,Dumbarton Ferry,location,1,False,False,,,False,False
28,old20,n385,Wood's plan,event,2,False,False,,,False,True
28,old20,n386,Lunsford murder,event,1,False,False,,,False,False
28,old20,n387,Nickson,person,2,False,False,,,False,True
28,old20,n388,cheap briefcase,clue_object,1,False,False,,,False,False
28,old20,n389,wandering salesman,person,4,False,False,,,False,True
28,old20,n390,Longstreth case,event,1,False,False,,,False,False
28,old20,n391,order form,clue_object,0,False,False,,,False,False
28,old20,n392,rented room,location,1,False,False,,,False,False
28,old20,n393,cheap jewelry items,clue_object,1,False,False,,,False,False
28,old20,n394,Dexter,person,1,False,False,,,False,False
28,old20,n395,Ryan,person,0,False,False,,,False,False
28,old20,n396,South American visitor,person,0,False,False,,,False,False
28,old20,n397,Stopp's confession,clue_object,1,False,False,,,False,False
28,old20,n398,Dwyte house,location,3,False,False,,,True,True
28,old20,n399,Lenoir,person,0,False,False,,,False,False
28,old20,n400,South American visitor (Uruguayan consul Mr. Ayoce),person,0,True,False,2332,,False,False
28,old20,n402,Whipken terminus,location,1,False,False,,,False,False
28,old20,n403,round-trip ticket,clue_object,0,False,False,,,False,False
28,old20,n404,six single tickets,clue_object,0,True,False,1683,,False,False
28,old20,n405,vest,clue_object,0,False,False,,,False,False
28,old20,n406,left chest pocket,clue_object,0,True,False,1808,,False,False
28,old20,n407,left middle finger,clue_object,0,False,False,,,False,False
28,old20,n408,pathologist,person,0,False,False,,,False,False
28,old20,n409,right hand,clue_object,1,False,False,,,False,False
28,old20,n410,superstition,clue_object,0,False,False,,,False,False
28,old20,n411,exorcism,clue_object,0,False,False,,,False,False
28,old20,n412,ticket,clue_object,0,False,False,,,False,False
28,old20,n413,train attendant,person,1,False,False,,,False,False
28,old20,n414,the driver,person,1,False,False,,,False,False
28,old20,n415,maintenance worker,person,1,False,False,,,False,False
28,old20,n416,the small riverbed,location,1,False,False,,,False,False
28,old20,n417,Crockett's clothes,clue_object,0,False,False,,,False,False
28,old20,n418,Nicholas' clothes,clue_object,0,False,False,,,False,False
28,old20,n419,briefcase,clue_object,0,False,False,,,False,False
28,old20,n420,New York Times,location,0,False,False,,,False,False
28,old20,n421,Whipken Pier,location,0,False,False,,,False,False
28,old20,n422,Whiskey Point pier,location,0,False,False,,,False,False
28,old20,n423,Thompson,person,0,False,False,,,False,False
28,old20,n424,Sergeant,person,0,False,False,,,False,False
28,old20,n425,Consul of Ayoos,person,0,False,False,,,False,False
28,old20,n426,Uruguayan government authorities,location,0,False,False,,,False,False
28,old20,n427,fingerprints of Stoppes,clue_object,0,False,False,,,False,False
28,old20,n428,handwriting samples,clue_object,0,False,False,,,False,False
28,old20,n429,Fawn,person,1,False,False,,,False,False
28,old20,n430,Lister,person,0,False,False,,,False,False
28,old20,n431,Mr. Reins,person,1,False,False,,,False,False
28,old20,n432,Wood's body,clue_object,3,False,False,,,True,True
28,old20,n433,Möhawk,location,1,False,False,,,False,False
28,old20,n434,pier,location,1,False,False,,,False,False
28,old20,n435,top deck,location,0,False,False,,,False,False
28,old20,n436,Mohawk ferry,location,1,False,False,,,False,False
28,old20,n437,local police officer,person,4,False,False,,,True,True
28,old20,n438,stationmaster of Trenic,person,4,False,False,,,True,True
28,old20,n439,young railwayman,person,4,False,False,,,True,True
28,old20,n440,New Jersey hospital ambulance,clue_object,1,False,False,,,False,False
28,old20,n441,two intern doctors,person,1,False,False,,,False,False
28,old20,n442,Borden,person,1,False,False,,,False,False
28,old20,n443,unknown man on the ferry,person,1,False,False,,,False,False
30,old20,n1,Allen Darrow,person,8,False,False,,,True,True
30,old20,n2,John Smith,person,1,False,False,,,False,False
30,old20,n3,Knut Sorenson,person,1,False,False,,,False,False
30,old20,n4,the narrator,person,12,False,False,,,True,True
30,old20,n5,father,person,16,False,False,,,True,True
30,old20,n6,Droome,person,0,False,False,,,False,False
30,old20,n7,Mr. Rain,person,0,False,False,,,False,False
30,old20,n8,Father Mulry,person,0,False,False,,,False,False
30,old20,n9,the small town,location,1,False,False,,,False,False
30,old20,n10,"large, ugly gray prison",location,1,False,False,,,False,False
30,old20,n11,small house covered in ivy,location,0,False,False,,,False,False
30,old20,n12,Clay family's house,location,0,False,False,,,False,False
30,old20,n13,Allen Deere,person,4,False,False,,,True,True
30,old20,n14,old gentleman,person,3,True,False,1312;1513;1826,,True,True
30,old20,n15,Mr. Collier,person,0,False,False,,,False,False
30,old20,n16,Sirwit,person,1,False,False,,,False,False
30,old20,n17,journalists,person,1,False,False,,,False,False
30,old20,n18,jury,person,1,False,False,,,False,False
30,old20,n19,trial,event,3,False,False,,,False,False
30,old20,n20,prison cell,location,1,False,False,,,False,False
30,old20,n21,visiting room,location,0,False,False,,,False,False
30,old20,n22,Mr. Carmichael,person,0,False,False,,,False,False
30,old20,n23,Alan Deauville,person,10,True,False,1826,,True,True
30,old20,n25,Elias Clay,person,2,False,False,,,True,True
30,old20,n26,Hume,person,2,False,False,,,True,True
30,old20,n27,Dr. Vesite's father,person,0,False,False,,,False,False
30,old20,n28,the note,clue_object,4,False,False,,,True,True
30,old20,n29,the window,location,0,False,False,,,False,False
30,old20,n32,Percy,person,1,False,False,,,False,False
30,old20,n33,Driver,person,0,False,False,,,False,False
30,old20,n34,Man,person,0,False,False,,,False,False
30,old20,n35,Small wooden box,clue_object,0,False,False,,,False,False
30,old20,n36,Electric chair,clue_object,0,False,False,,,False,False
30,old20,n37,Mansion,location,0,False,False,,,False,False
30,old20,n38,small door on one side of the room,location,0,False,False,,,False,False
30,old20,n39,small door on opposite side of long bench,location,0,False,False,,,False,False
30,old20,n40,morgue,location,0,False,False,,,False,False
30,old20,n41,corridor,location,0,False,False,,,False,False
30,old20,n42,black suitcases,clue_object,0,True,False,1312,,False,False
30,old20,n43,court officials,person,0,True,False,1312,,False,False
30,old20,n44,prison guards,person,0,True,False,1312,,False,False
30,old20,n45,recessed alcove in the corner of the room,location,0,True,False,1312,,False,False
30,old20,n46,executioner,person,4,True,False,1312,,True,True
30,old20,n48,Deo,person,1,False,False,,,False,False
30,old20,n49,Jeremy,person,2,False,False,,,True,True
30,old20,n50,Mr. Renn,person,0,False,False,,,False,False
30,old20,n51,the detention center,location,0,False,False,,,False,False
30,old20,n52,the shed,location,0,True,False,1544,,False,False
30,old20,n53,the door,clue_object,0,False,False,,,False,False
30,old20,n54,the Bible,clue_object,0,False,False,,,False,False
30,old20,n55,the revolver,clue_object,0,False,False,,,False,False
30,old20,n57,Allen O'Farrell,person,1,False,False,,,False,False
30,old20,n58,Fanny Kates,person,7,False,False,,,True,True
30,old20,n59,Mr. Lane,person,3,False,False,,,True,True
30,old20,n60,Chief,person,0,False,False,,,False,False
30,old20,n62,judge,person,0,False,False,,,False,False
30,old20,n63,a large house in a remote area of the city,location,1,False,False,,,False,False
30,old20,n64,large number of enthusiastic but dubiously artistic nude paintings,clue_object,1,False,False,,,False,False
30,old20,n65,Katherine,person,5,False,False,,,True,True
30,old20,n66,the elderly gentleman,person,0,False,False,,,False,False
30,old20,n67,John Hume,person,8,False,False,,,True,True
30,old20,n69,Warden Magnus,person,0,False,False,,,False,False
30,old20,n70,Fanny Kittredge,person,1,False,False,,,False,False
30,old20,n71,Leeds underworld,location,0,False,False,,,False,False
30,old20,n73,Senator Baskerville,person,8,True,False,937;943,,True,True
30,old20,n74,O',person,2,False,False,,,True,True
30,old20,n75,Alcatraz,location,1,False,False,,,False,False
30,old20,n76,envelope,clue_object,3,False,False,,,True,True
30,old20,n77,the Senator,person,5,False,False,,,True,True
30,old20,n78,the visitor,person,0,False,False,,,False,False
30,old20,n79,Mr. Cummings,person,0,False,False,,,False,False
30,old20,n80,the ashes,clue_object,0,False,False,,,False,False
30,old20,n81,the copy of the letter,clue_object,0,False,False,,,False,False
30,old20,n82,the prison,location,1,False,False,,,False,False
30,old20,n83,Aylesbury Prison,location,0,False,False,,,False,False
30,old20,n84,the snitch,person,0,False,False,,,False,False
30,old20,n85,the murderer,person,3,False,False,,,True,True
30,old20,n86,co-conspirator,person,9,False,False,,,True,True
30,old20,n87,Scacchi,person,4,False,False,,,True,True
30,old20,n88,Fosdick brothers,person,2,False,False,,,True,True
30,old20,n90,the Hijaz Star,clue_object,1,False,False,,,False,False
30,old20,n91,the paper knife,clue_object,2,False,False,,,True,True
30,old20,n92,the stack of letters,clue_object,1,False,False,,,False,False
30,old20,n93,Senator Fulton,person,0,False,False,,,False,False
30,old20,n94,Magnus,person,0,False,False,,,False,False
30,old20,n95,Dr. Baxter,person,0,False,False,,,False,False
30,old20,n96,Elijah,person,0,False,False,,,False,False
30,old20,n97,Derouche,person,0,False,False,,,False,False
30,old20,n98,Mr. Vance,person,0,False,False,,,False,False
30,old20,n99,Vance's conclusion,event,0,False,False,,,False,False
30,old20,n100,Derouche's fate,event,0,False,False,,,False,False
30,old20,n101,Cameron,person,0,False,False,,,False,False
30,old20,n102,Governor Bruno,person,7,False,False,,,True,True
30,old20,n104,Magus Warden,person,0,False,False,,,False,False
30,old20,n105,Father Mule,person,0,False,False,,,False,False
30,old20,n106,Mr. Rine,person,4,False,False,,,True,True
30,old20,n108,the detective,person,4,False,False,,,True,True
30,old20,n109,Dr. Ella Fustic,person,3,False,False,,,True,True
30,old20,n110,the miniature suitcase,clue_object,1,False,False,,,False,False
30,old20,n111,the wooden box,clue_object,0,False,False,,,False,False
30,old20,n112,the car,clue_object,0,False,False,,,False,False
30,old20,n113,the asphalt road,location,0,False,False,,,False,False
30,old20,n114,a black tree,location,1,False,False,,,False,False
30,old20,n115,Father Mulrooney's house,location,2,False,False,,,False,True
30,old20,n116,black limousine,clue_object,0,False,False,,,False,False
30,old20,n117,four motorcycle state troopers,clue_object,1,False,False,,,False,False
30,old20,n118,porch,location,0,False,False,,,False,False
30,old20,n119,two dim bulbs,clue_object,0,False,False,,,False,False
30,old20,n120,Tuesday night,time_anchor,1,False,False,,,False,False
30,old20,n121,death chamber,location,2,False,False,,,False,True
30,old20,n122,Heidelberg University Preparatory School,location,1,False,False,,,False,False
30,old20,n123,Antibes,location,1,False,False,,,False,False
30,old20,n124,"Tunisia, North Africa",location,0,False,False,,,False,False
30,old20,n125,"Lyon, France",location,0,False,False,,,False,False
30,old20,n126,"Lisbon, Portugal",location,0,False,False,,,False,False
30,old20,n127,"the charming old companion in Algiers, North Africa",person,1,False,False,,,False,False
30,old20,n128,Mr. Leigh,person,0,False,False,,,False,False
30,old20,n129,Percy Sam,person,3,False,False,,,True,True
30,old20,n130,Friar Tuck,person,0,False,False,,,False,False
30,old20,n131,Mr. Philip Leroy,person,0,False,False,,,False,False
30,old20,n132,Hamlet Manor,location,0,False,False,,,False,False
30,old20,n133,Mr. Reen,person,1,False,False,,,False,False
30,old20,n134,Quincey (Caliban),person,0,False,False,,,False,False
30,old20,n135,Dr. Fawcett,person,0,False,False,,,False,False
30,old20,n136,Fawcett brothers,person,0,False,False,,,False,False
30,old20,n137,Mr. Philip Leroy's castle,location,0,False,False,,,False,False
30,old20,n139,Elijah Clay,person,2,False,False,,,False,True
30,old20,n140,Dr. Fosdick,person,0,False,False,,,False,False
30,old20,n141,the home of Elijah Clay,location,0,False,False,,,False,False
30,old20,n142,Richmond,location,0,False,False,,,False,False
30,old20,n143,Chief Inspector Cain,person,0,False,False,,,False,False
30,old20,n145,"Father, the prosecutor",person,0,False,False,,,False,False
30,old20,n146,Commissioner Keneen,person,3,False,False,,,False,False
30,old20,n147,McMichael,person,0,False,False,,,False,False
30,old20,n148,the desk in the corner of the room,clue_object,2,False,False,,,False,False
30,old20,n149,items on the desk,clue_object,1,False,False,,,False,False
30,old20,n150,the green blotter,clue_object,2,False,False,,,True,True
30,old20,n151,note cards,clue_object,2,False,False,,,True,True
30,old20,n152,the room,location,0,False,False,,,False,False
30,old20,n153,box of toys,clue_object,1,False,False,,,False,False
30,old20,n154,little box,clue_object,2,False,False,,,False,False
30,old20,n155,dirty piece of paper,clue_object,0,False,False,,,False,False
30,old20,n156,piano,clue_object,0,False,False,,,False,False
30,old20,n157,ad,clue_object,1,False,False,,,False,False
30,old20,n158,state troopers and police officers,person,1,False,False,,,False,False
30,old20,n159,Jeremy Clay,person,1,False,False,,,False,False
30,old20,n160,the old lady,person,1,False,False,,,False,False
30,old20,n161,Carmichael,person,0,False,False,,,False,False
30,old20,n162,Tirelin County,location,0,False,False,,,False,False
30,old20,n163,old courthouse,location,1,False,False,,,False,False
30,old20,n164,Joel Bates,person,0,False,False,,,False,False
30,old20,n165,new courthouse,location,1,False,False,,,False,False
30,old20,n166,finest marble,clue_object,1,False,False,,,False,False
30,old20,n167,budget proposal,event,1,False,False,,,False,False
30,old20,n168,pot,clue_object,0,False,False,,,False,False
30,old20,n169,Indian holy man,person,0,False,False,,,False,False
30,old20,n170,investigation,event,0,False,False,,,False,False
30,old20,n172,Kane,person,2,False,False,,,True,True
30,old20,n173,Cotton,person,1,False,False,,,False,False
30,old20,n174,letter from the senator,clue_object,1,False,False,,,False,False
30,old20,n175,Cain,person,1,False,False,,,False,False
30,old20,n176,Mountaintop Prison,location,1,False,False,,,False,False
30,old20,n177,Apgar's Prison,location,2,False,False,,,False,True
30,old20,n178,Algernon House Prison,location,1,False,False,,,False,False
30,old20,n179,blue-uniformed guard,person,2,False,False,,,False,True
30,old20,n180,heavy steel door,clue_object,2,False,False,,,False,True
30,old20,n181,administrative building,location,4,False,False,,,True,True
30,old20,n182,reception room,location,2,False,False,,,False,True
30,old20,n183,outer office,location,1,False,False,,,False,False
30,old20,n184,sharp-eyed clerk,person,2,False,False,,,True,True
30,old20,n185,Warden,person,4,False,False,,,True,True
30,old20,n186,Arlen,person,2,False,False,,,False,False
30,old20,n187,DeOtis,person,2,False,False,,,False,False
30,old20,n188,New York Harbor Hotel,location,2,False,False,,,False,False
30,old20,n189,New York criminal court,location,1,False,False,,,False,False
30,old20,n190,Magus,person,1,False,False,,,False,False
30,old20,n191,Detectives,person,0,False,False,,,False,False
30,old20,n192,Saturday morning,time_anchor,1,False,False,,,False,False
30,old20,n193,Kenyon,person,1,False,False,,,False,False
30,old20,n194,Joel Fuchs,person,8,False,False,,,True,True
30,old20,n195,Mr. Deo,person,2,False,False,,,True,True
30,old20,n196,Allen's case,event,2,False,False,,,True,True
30,old20,n197,Mr. Campbell,person,1,False,False,,,False,False
30,old20,n198,the study,location,2,False,False,,,False,True
30,old20,n199,the small inn,location,1,False,False,,,False,False
30,old20,n200,private dining room,location,0,False,False,,,False,False
30,old20,n201,the highway,location,1,False,False,,,False,False
30,old20,n202,the carpet and the fireplace,clue_object,0,False,False,,,False,False
30,old20,n203,Philo Rine,person,6,False,False,,,True,True
30,old20,n204,Quixi,clue_object,1,False,False,,,False,False
30,old20,n205,syrup,clue_object,1,False,False,,,False,False
30,old20,n206,Perkins,person,1,False,False,,,False,False
30,old20,n207,Dr. Vespucci,person,3,False,False,,,True,True
30,old20,n208,knife wound,clue_object,0,False,False,,,False,False
30,old20,n209,desk,location,1,False,False,,,False,False
30,old20,n210,killer,person,0,True,True,953;980;1826;1847,953;980;1847,False,False
30,old20,n211,right arm,location,1,False,False,,,False,False
30,old20,n212,right foot,location,0,False,False,,,False,False
30,old20,n213,ashpan,location,0,False,False,,,False,False
30,old20,n214,fireplace,location,0,False,False,,,False,False
30,old20,n215,the person in front of the fireplace,person,1,False,False,,,False,False
30,old20,n216,left-footed footprint,clue_object,0,False,False,,,False,False
30,old20,n217,right-footed footprint,clue_object,0,False,False,,,False,False
30,old20,n219,left-handed person,person,0,False,False,,,False,False
30,old20,n220,right-handed person,person,2,False,False,,,False,False
30,old20,n222,paper at the top,clue_object,1,False,False,,,False,False
30,old20,n223,clean paper,clue_object,2,False,False,,,False,False
30,old20,n224,note card,clue_object,3,False,False,,,False,False
30,old20,n225,envelope addressed to Fanny Katherine,clue_object,1,False,False,,,False,False
30,old20,n226,stack on the table,clue_object,1,False,False,,,False,False
30,old20,n227,footprints on the carpet,clue_object,1,False,False,,,False,False
30,old20,n228,remaining flame,clue_object,1,False,False,,,False,False
30,old20,n229,Deaw,person,0,False,False,,,False,False
30,old20,n230,Fanny Katherine,person,0,False,False,,,False,False
30,old20,n231,Leeds,location,0,False,False,,,False,False
30,old20,n232,Dr. Bustard,person,0,False,False,,,False,False
30,old20,n233,the front door of Dr. Fuchs' house,location,0,False,False,,,False,False
30,old20,n234,the house where a corpse had lain before,location,0,False,False,,,False,False
30,old20,n235,everything,clue_object,1,False,False,,,False,False
30,old20,n236,traces of the crime,clue_object,1,False,False,,,False,False
30,old20,n237,Fudge's den,location,2,False,False,,,True,True
30,old20,n238,Fudge's private study next to his examination room,location,2,False,False,,,True,True
30,old20,n239,the item,clue_object,3,False,False,,,True,True
30,old20,n240,upper drawer,clue_object,1,False,False,,,False,False
30,old20,n241,Mr. Fudges' house,location,0,False,False,,,False,False
30,old20,n242,Fudge,person,4,False,False,,,True,True
30,old20,n245,death row inmate,person,1,False,False,,,False,False
30,old20,n246,Phil Rains,person,0,False,False,,,False,False
30,old20,n247,"Magnum, the jailer",person,1,False,False,,,False,False
30,old20,n248,Father Mire,person,0,False,False,,,False,False
30,old20,n249,Jules Reine,person,0,False,False,,,False,False
30,old20,n250,recess,location,1,False,False,,,False,False
30,old20,n251,armrests,clue_object,1,False,False,,,False,False
30,old20,n252,electrode,clue_object,1,False,False,,,False,False
30,old20,n253,metal helmet,clue_object,1,False,False,,,False,False
30,old20,n254,the person on the electric chair,person,5,False,False,,,True,True
30,old20,n255,old doctor,person,2,False,False,,,True,True
30,old20,n256,Zhe Rui Lei,person,1,False,False,,,False,False
30,old20,n257,Xiecai,person,3,False,False,,,False,True
30,old20,n258,prison's carpentry department,location,1,False,False,,,False,False
30,old20,n259,prison's special underground tunnel,location,1,False,False,,,False,False
30,old20,n260,My mind,person,1,False,False,,,False,False
30,old20,n261,prison gates,location,5,False,False,,,True,False
30,old20,n262,armed guards,person,4,False,False,,,True,False
30,old20,n263,sentry post,location,1,False,False,,,False,False
30,old20,n264,gun barrels,clue_object,0,False,False,,,False,False
30,old20,n265,commotion,event,1,False,False,,,False,False
30,old20,n266,columns on the right,clue_object,1,False,False,,,False,False
30,old20,n267,Father Moule,person,4,False,False,,,True,False
30,old20,n268,bell,clue_object,2,False,False,,,True,False
30,old20,n270,robes,clue_object,1,False,False,,,False,False
30,old20,n271,umbrella,clue_object,0,False,False,,,False,False
30,old20,n272,hat,clue_object,0,False,False,,,False,False
30,old20,n273,prayer book,clue_object,1,False,False,,,False,False
30,old20,n274,search party,clue_object,1,False,False,,,False,False
30,old20,n275,Clay house,location,1,False,False,,,False,False
30,old20,n276,hounds,clue_object,1,False,False,,,False,False
30,old20,n277,10 p.m.,time_anchor,2,False,False,,,True,True
30,old20,n278,Mulrooney's house,location,1,False,False,,,False,False
30,old20,n279,Rufus Cotton,person,1,False,False,,,False,False
30,old20,n280,Kennedy,person,0,False,False,,,False,False
30,old20,n281,11 p.m.,time_anchor,0,False,False,,,False,False
30,old20,n282,Dr. West,person,1,False,False,,,False,False
30,old20,n283,Commissioner Kennedy,person,1,False,False,,,False,False
30,old20,n284,the small clearing in the forest,location,1,False,False,,,False,False
30,old20,n285,the dilapidated shack,location,1,False,False,,,False,False
30,old20,n286,the shack's small window,location,0,False,False,,,False,False
30,old20,n287,the revolver barrel,clue_object,0,False,False,,,False,False
30,old20,n288,"the hound, dripping-jawed",clue_object,0,False,False,,,False,False
30,old20,n290,Father Mulholland,person,0,False,False,,,False,False
30,old20,n292,the federal detective,person,0,False,False,,,False,False
30,old20,n293,the governor's mansion,location,0,False,False,,,False,False
30,old20,n294,Ritz,location,0,False,False,,,False,False
30,old20,n295,the hill,location,0,False,False,,,False,False
30,old20,n296,the telegram,clue_object,2,False,False,,,True,True
30,old20,n297,the messenger,person,2,False,False,,,True,True
30,old20,n298,the serpent-like eyes,clue_object,1,False,False,,,False,False
30,old20,n299,Mr. Philo Vance,person,1,False,False,,,False,False
30,old20,n300,Rizzoli,location,1,False,False,,,False,False
30,old20,n301,Father Mool's house,location,3,False,False,,,True,True
30,old20,n302,stone city hall in Riz,location,2,False,False,,,False,True
30,old20,n303,Hume prosecutor's private office,location,1,False,False,,,False,False
30,old20,n304,Riz,location,0,False,False,,,False,False
30,old20,n305,Illyusha Klay,person,0,False,False,,,False,False
30,old20,n306,Dr. Bust,person,0,False,False,,,False,False
30,old20,n307,note on my plate at breakfast,clue_object,0,False,False,,,False,False
30,old20,n308,people scurrying around the prison like ants,clue_object,0,False,False,,,False,False
30,old20,n309,old priest,person,0,False,False,,,False,False
30,old20,n310,road-building crew,clue_object,0,False,False,,,False,False
30,old20,n311,alarm bell,clue_object,0,False,False,,,False,False
30,old20,n312,prison courtyard,location,0,False,False,,,False,False
30,old20,n313,Maggie,person,0,False,False,,,False,False
30,old20,n314,Mr. Magnum,person,2,False,False,,,True,False
30,old20,n315,the phone,clue_object,1,False,False,,,False,False
30,old20,n316,the chair,location,0,False,False,,,False,False
30,old20,n317,the walls and ceiling,location,1,False,False,,,False,False
30,old20,n318,Mr. Reane,person,0,False,False,,,False,False
30,old20,n319,Mr. Hume,person,0,False,False,,,False,False
30,old20,n320,Mr. Deavereaux,person,0,False,False,,,False,False
30,old20,n321,The word h-e-j-a,clue_object,0,False,False,,,False,False
30,old20,n322,Dare,person,1,False,False,,,False,False
30,old20,n323,Mr. Raine,person,1,False,False,,,False,False
30,old20,n326,Governor,location,2,False,False,,,False,False
30,old20,n327,Jules Renard,person,0,False,False,,,False,False
30,old20,n328,Director Magnum,person,0,False,False,,,False,False
30,old20,n329,Death Row Area,location,1,False,False,,,False,False
30,old20,n330,Death Cell,location,1,False,False,,,False,False
30,old20,n331,House of Death,location,0,False,False,,,False,False
30,old20,n333,Electrocution,event,0,False,False,,,False,False
30,old20,n334,"Twelve Adult, Respectable Citizens",clue_object,0,False,False,,,False,False
30,old20,n335,Benches,clue_object,1,False,False,,,False,False
30,old20,n336,court officers,person,0,False,False,,,False,False
31,old20,n1,Charles,person,0,False,False,,,False,False
31,old20,n2,Dr. Philostrate,person,0,False,False,,,False,False
31,old20,n3,Rosette,person,8,False,False,,,True,True
31,old20,n4,Hardy,person,16,False,False,,,True,True
31,old20,n5,Anne,person,3,False,False,,,True,True
31,old20,n6,Mr. Drummond,person,1,False,False,,,False,False
31,old20,n7,Anthony Pettis,clue_object,1,False,False,,,False,False
31,old20,n8,Jerome Bernabi,clue_object,1,False,False,,,False,False
31,old20,n9,Father,person,10,False,False,,,True,True
31,old20,n10,Aunt Ernestine,person,1,False,False,,,False,False
31,old20,n11,Stewart,person,1,False,False,,,False,False
31,old20,n12,DeRiemer,person,3,False,False,,,True,True
31,old20,n13,Greymore,person,2,False,False,,,True,True
31,old20,n14,November 5th mask,clue_object,0,False,False,,,False,False
31,old20,n15,DeRiemer's house,location,0,False,False,,,False,False
31,old20,n16,Professor Gleam,person,0,False,False,,,False,False
31,old20,n17,Bernabbi,person,0,False,False,,,False,False
31,old20,n18,Mr. Jesse Short,person,1,False,False,,,False,False
31,old20,n19,Mr. R.G. Blackman,person,1,False,False,,,False,False
31,old20,n20,Henry Wither,person,2,False,False,,,False,False
31,old20,n21,the man walking slowly and nervously,clue_object,3,False,False,,,False,False
31,old20,n22,Chalmer Street,location,3,False,False,,,False,False
31,old20,n23,Lamb's Conduit Street,location,1,False,False,,,False,False
31,old20,n24,the deceased,person,1,False,False,,,False,False
31,old20,n25,Somers,person,6,False,False,,,True,False
31,old20,n26,safe,clue_object,2,False,False,,,True,False
31,old20,n27,blowpipe,clue_object,2,False,False,,,True,False
31,old20,n28,acetylene cutting technique,clue_object,1,False,False,,,False,False
31,old20,n29,room at the back,location,1,False,False,,,False,False
31,old20,n30,oriental style,clue_object,1,False,False,,,False,False
31,old20,n31,Bloomsbury,location,0,False,False,,,False,False
31,old20,n32,rope,clue_object,2,False,False,,,True,True
31,old20,n33,time table,clue_object,1,False,False,,,False,False
31,old20,n34,Deeming,person,5,False,False,,,False,False
31,old20,n35,Geurmer house,location,1,False,False,,,False,False
31,old20,n36,morphine,clue_object,1,False,False,,,False,False
31,old20,n37,Geurmer,person,1,False,False,,,False,False
31,old20,n38,Rossette,person,1,False,False,,,False,False
31,old20,n39,Lambert,person,3,False,False,,,True,True
31,old20,n40,Dr. Philips,person,3,False,False,,,True,True
31,old20,n41,Ernestine Dumont,person,3,False,False,,,False,True
31,old20,n42,a black metal casket,clue_object,2,False,False,,,False,True
31,old20,n43,candles,clue_object,1,False,False,,,False,False
31,old20,n44,Professor Charles Glymer,person,0,False,False,,,False,False
31,old20,n45,"a vibrant, thick, and flowery yellow shawl",clue_object,1,False,False,,,False,False
31,old20,n46,Dr. Kidd Phil,person,2,False,False,,,False,False
31,old20,n47,Inspector Hardy,person,2,False,False,,,False,False
31,old20,n48,Madam,person,1,False,False,,,False,False
31,old20,n49,Brother Henry,person,1,False,False,,,False,False
31,old20,n50,The Invisible Man,clue_object,1,False,False,,,False,False
31,old20,n51,Fred,person,1,False,False,,,False,False
31,old20,n52,doctor's clinic,location,1,False,False,,,False,False
31,old20,n53,autopsy,event,0,False,False,,,False,False
31,old20,n54,Euler,person,0,False,False,,,False,False
31,old20,n55,Bernabi's apartment,location,1,False,False,,,False,False
31,old20,n56,Carding Street,location,0,False,False,,,False,False
31,old20,n57,church bells,clue_object,0,False,False,,,False,False
31,old20,n58,German clock,clue_object,0,False,False,,,False,False
31,old20,n59,Grimmer,person,6,False,False,,,True,True
31,old20,n60,Frey,person,12,False,False,,,True,True
31,old20,n61,Mrs. Dumont,person,0,False,False,,,False,False
31,old20,n62,Grimmo,person,0,False,False,,,False,False
31,old20,n63,Mills,person,5,False,False,,,True,True
31,old20,n64,Dumont,person,2,False,False,,,True,True
31,old20,n65,Mungin,person,2,False,False,,,True,True
31,old20,n66,Greer,person,0,False,False,,,False,False
31,old20,n67,The Illusionist,clue_object,0,False,False,,,False,False
31,old20,n68,Carrousel Street,location,0,False,False,,,False,False
31,old20,n69,study,location,14,False,False,,,True,True
31,old20,n70,hallway,location,0,False,False,,,False,False
31,old20,n71,archway,location,0,False,False,,,False,False
31,old20,n72,living room door,location,1,False,False,,,False,False
31,old20,n73,living room,location,4,False,False,,,True,True
31,old20,n74,heavy snowfall,clue_object,0,False,False,,,False,False
31,old20,n75,window,location,2,False,False,,,False,True
31,old20,n76,Colt revolver,clue_object,1,False,False,,,False,False
31,old20,n77,note to the landlord,clue_object,1,False,False,,,False,False
31,old20,n78,landlord,person,3,False,False,,,True,True
31,old20,n79,Philip,person,0,False,False,,,False,False
31,old20,n80,tomb,location,1,False,False,,,False,False
31,old20,n81,Freddy,person,2,False,False,,,True,True
31,old20,n82,Bernabé's apartment,location,0,False,False,,,False,False
31,old20,n83,skylight,clue_object,0,False,False,,,False,False
31,old20,n84,gun,clue_object,2,False,False,,,True,True
31,old20,n85,street,location,3,False,False,,,True,True
31,old20,n86,shutters,clue_object,0,False,False,,,False,False
31,old20,n87,lace curtain,clue_object,0,False,False,,,False,False
31,old20,n88,coffee dishes,clue_object,0,False,False,,,False,False
31,old20,n89,door,clue_object,2,False,False,,,False,True
31,old20,n90,note,clue_object,4,False,False,,,True,True
31,old20,n91,10:10,time_anchor,0,False,False,,,False,False
31,old20,n92,Grieco,person,6,False,False,,,True,True
31,old20,n93,Stewart Mills,person,3,False,False,,,True,True
31,old20,n94,costume,clue_object,1,False,False,,,False,False
31,old20,n95,shirt,clue_object,0,False,False,,,False,False
31,old20,n96,bandages,clue_object,1,False,False,,,False,False
31,old20,n97,household library,location,6,False,False,,,True,True
31,old20,n98,Mr. Grierson,person,6,False,False,,,True,True
31,old20,n99,Mr. Miers,person,0,False,False,,,False,False
31,old20,n100,February 9th,time_anchor,1,False,False,,,False,False
31,old20,n101,London,location,1,False,False,,,False,False
31,old20,n102,Dr. Phil,person,14,False,False,,,True,True
31,old20,n103,Highgate Hill,location,1,False,False,,,False,False
31,old20,n104,Ted,person,2,False,False,,,True,True
31,old20,n105,Dr. Phil's house,location,0,False,False,,,False,False
31,old20,n106,Fireplace,location,5,False,False,,,True,True
31,old20,n107,Punch,clue_object,0,False,False,,,False,False
31,old20,n108,Mrs. Phil,person,0,False,False,,,False,False
31,old20,n109,theater,location,1,False,False,,,False,False
31,old20,n110,stunts performer,person,1,False,False,,,False,False
31,old20,n111,Bernabi,person,4,False,False,,,True,True
31,old20,n112,Rampa,person,1,False,False,,,False,False
31,old20,n113,the car,clue_object,0,False,False,,,False,False
31,old20,n114,He,person,4,False,False,,,True,True
31,old20,n115,I,person,7,False,False,,,True,True
31,old20,n116,Professor Grimer,person,0,False,False,,,False,False
31,old20,n117,Three years and eight months,time_anchor,0,False,False,,,False,False
31,old20,n118,Handling correspondence and general secretarial work,clue_object,0,False,False,,,False,False
31,old20,n119,"'The Origin and Historical Evolution of Superstitions in Central Europe, and…'",clue_object,0,False,False,,,False,False
31,old20,n120,Professor Glymo,person,1,False,False,,,False,False
31,old20,n121,Rosette Glymo,person,0,False,False,,,False,False
31,old20,n122,Mr. DeRiemer,person,0,False,False,,,False,False
31,old20,n123,Annie,person,0,False,False,,,False,False
31,old20,n124,Incident tonight,event,1,False,False,,,False,False
31,old20,n125,Professor Gilmour,person,2,False,False,,,True,True
31,old20,n126,Miers,person,2,False,False,,,True,True
31,old20,n127,Waverley Bar,location,3,False,False,,,True,True
31,old20,n128,Lombard,person,1,False,False,,,False,False
31,old20,n129,Carlory Grimmer Howard,person,2,False,False,,,False,True
31,old20,n130,Miles,person,1,False,False,,,False,False
31,old20,n131,Miss Glimmer,person,1,False,False,,,False,False
31,old20,n132,Boyd,person,2,False,False,,,False,True
31,old20,n133,Man in the bar,person,1,False,False,,,False,False
31,old20,n134,Dora,person,2,False,False,,,True,True
31,old20,n135,Muggleton,person,0,False,False,,,False,False
31,old20,n136,Letters,clue_object,1,False,False,,,False,False
31,old20,n137,Postman,person,0,False,False,,,False,False
31,old20,n138,Bar,location,1,False,False,,,False,False
31,old20,n139,Ten o'clock,time_anchor,2,False,False,,,True,True
31,old20,n140,radio,clue_object,1,False,False,,,False,False
31,old20,n141,clock above the fireplace,clue_object,7,False,False,,,True,True
31,old20,n142,doorbell,clue_object,1,False,False,,,False,False
31,old20,n143,front door,location,4,False,False,,,True,True
31,old20,n144,Pettis,person,5,False,False,,,True,True
31,old20,n145,Henry,person,1,False,False,,,False,False
31,old20,n146,George,person,0,False,False,,,False,False
31,old20,n147,Pierre,person,1,False,False,,,False,False
31,old20,n148,Phil,person,2,False,False,,,False,True
31,old20,n149,Detective,person,6,False,False,,,True,True
31,old20,n150,Ted's notebook,clue_object,1,False,False,,,False,False
31,old20,n151,The room,location,0,False,False,,,False,False
31,old20,n152,Haddley,person,0,False,False,,,False,False
31,old20,n153,Deryman,person,0,False,False,,,False,False
31,old20,n154,Lann,person,0,False,False,,,False,False
31,old20,n155,Caroly Howard,person,2,False,False,,,False,False
31,old20,n156,Hawthorne,clue_object,1,False,False,,,False,False
31,old20,n157,salt mine,clue_object,1,False,False,,,False,False
31,old20,n158,Bucharest,location,1,False,False,,,False,False
31,old20,n159,Trăgăși,location,0,False,False,,,False,False
31,old20,n160,vineyards,location,1,False,False,,,False,False
31,old20,n161,peasant costumes,clue_object,1,False,False,,,False,False
31,old20,n162,garlicky smell of small bars,clue_object,1,False,False,,,False,False
31,old20,n163,salt mines,location,1,False,False,,,False,False
31,old20,n164,mountains,location,11,False,False,,,False,False
31,old20,n165,winding road,clue_object,1,False,False,,,False,False
31,old20,n166,demons,clue_object,1,False,False,,,False,False
31,old20,n167,malaria,clue_object,1,False,False,,,False,False
31,old20,n168,mosquitoes,clue_object,1,False,False,,,False,False
31,old20,n169,salt mines in mountains,location,0,False,False,,,False,False
31,old20,n170,Tragic,location,1,False,False,,,False,False
31,old20,n171,prison named after seven white peaks,location,1,False,False,,,False,False
31,old20,n172,white peaks,clue_object,1,False,False,,,False,False
31,old20,n173,depression,location,0,False,False,,,False,False
31,old20,n174,graves,clue_object,0,False,False,,,False,False
31,old20,n175,footprints,clue_object,0,False,False,,,False,False
31,old20,n176,wind,clue_object,0,False,False,,,False,False
31,old20,n177,the rain,clue_object,2,False,False,,,True,True
31,old20,n178,pine coffins,clue_object,2,False,False,,,True,True
31,old20,n179,crowbar,clue_object,0,False,False,,,False,False
31,old20,n180,coat,clue_object,0,False,False,,,False,False
31,old20,n181,pine coffins lids,clue_object,4,False,False,,,True,True
31,old20,n182,crowbar in coffin,clue_object,1,False,False,,,False,False
31,old20,n183,Inspector,person,0,False,False,,,False,False
31,old20,n184,Others,person,0,False,False,,,False,False
31,old20,n185,Dreyman,person,1,False,False,,,False,False
31,old20,n186,Pettigrew,person,0,False,False,,,False,False
31,old20,n187,visitor,person,0,False,False,,,False,False
31,old20,n188,weather forecast,clue_object,7,False,False,,,True,True
31,old20,n189,telephone service,clue_object,1,False,False,,,False,False
31,old20,n190,newspapers from last night,clue_object,1,False,False,,,False,False
31,old20,n191,the killer,person,2,False,False,,,True,True
31,old20,n192,the victim,person,1,False,False,,,False,False
31,old20,n193,Saturday night,time_anchor,2,False,False,,,True,True
31,old20,n194,recluse,person,2,False,False,,,True,True
31,old20,n195,Old Mo Nington,person,2,False,False,,,False,True
31,old20,n196,Swivel,person,1,False,False,,,False,False
31,old20,n197,museum,location,1,False,False,,,False,False
31,old20,n198,radio studio,location,1,False,False,,,False,False
31,old20,n199,magician,person,5,False,False,,,True,True
31,old20,n200,audience,location,1,False,False,,,False,False
31,old20,n201,bag,clue_object,0,False,False,,,False,False
31,old20,n202,handkerchief,clue_object,0,False,False,,,False,False
31,old20,n203,curtain,clue_object,0,False,False,,,False,False
31,old20,n204,assistant,person,0,False,False,,,False,False
31,old20,n205,Frederick,person,0,False,False,,,False,False
31,old20,n206,speaker,person,1,False,False,,,False,False
31,old20,n207,congregation,location,1,False,False,,,False,False
31,old20,n208,painting style,clue_object,0,False,False,,,False,False
31,old20,n209,three lonely graves in the desecrated land,clue_object,1,False,False,,,False,False
31,old20,n210,vampires tombs,clue_object,0,False,False,,,False,False
31,old20,n211,painting,clue_object,2,False,False,,,False,False
31,old20,n212,Grierson,person,1,False,False,,,False,False
31,old20,n213,coat hanging in the closet,clue_object,0,False,False,,,False,False
31,old20,n214,bloodstained coat,clue_object,0,False,False,,,False,False
31,old20,n215,Jeremy,person,0,False,False,,,False,False
31,old20,n216,Stuart Mills,person,0,False,False,,,False,False
31,old20,n217,Dedman,person,0,False,False,,,False,False
31,old20,n218,Miss Grimmo,person,1,False,False,,,False,False
31,old20,n219,Pierre Frey,person,3,False,False,,,True,True
31,old20,n220,James Dulman (mentioned),person,2,False,False,,,True,True
31,old20,n221,The ground floor (mentioned),location,0,False,False,,,False,False
31,old20,n222,The second floor (mentioned),location,0,False,False,,,False,False
31,old20,n223,The top floor (mentioned),location,0,False,False,,,False,False
31,old20,n224,House,location,2,False,False,,,True,True
31,old20,n225,green-painted wooden door,clue_object,0,False,False,,,False,False
31,old20,n226,windows,clue_object,2,False,False,,,True,True
31,old20,n227,gas lampshade,clue_object,0,False,False,,,False,False
31,old20,n228,iron bed,clue_object,0,False,False,,,False,False
31,old20,n229,ink bottle,clue_object,0,False,False,,,False,False
31,old20,n230,Rilpoi,person,1,False,False,,,False,False
31,old20,n231,Boyd Mangan,person,0,False,False,,,False,False
31,old20,n232,Mr. Haddley,person,1,False,False,,,False,False
31,old20,n233,A,person,0,False,False,,,False,False
31,old20,n234,B,person,0,False,False,,,False,False
31,old20,n235,C,person,0,False,False,,,False,False
31,old20,n236,D,person,0,False,False,,,False,False
31,old20,n237,G,person,0,False,False,,,False,False
31,old20,n238,coal ash,clue_object,0,False,False,,,False,False
31,old20,n239,ice pick,clue_object,0,False,False,,,False,False
31,old20,n240,rubber band,clue_object,0,False,False,,,False,False
31,old20,n241,chimney,location,0,False,False,,,False,False
31,old20,n242,beach,location,0,False,False,,,False,False
31,old20,n243,sealed room,location,0,False,False,,,False,False
31,old20,n244,Philo Vance,person,2,False,False,,,False,True
31,old20,n245,the office,location,1,False,False,,,False,False
31,old20,n246,key,clue_object,2,False,False,,,False,False
31,old20,n247,metal bar,clue_object,1,False,False,,,False,False
31,old20,n248,door hinges,clue_object,1,False,False,,,False,False
31,old20,n249,latch,clue_object,2,False,False,,,False,False
31,old20,n250,safety pin,clue_object,1,False,False,,,False,False
31,old20,n251,sewing needle,clue_object,0,False,False,,,False,False
31,old20,n252,ice cube,clue_object,1,False,False,,,False,False
31,old20,n253,De Raiman,person,3,False,False,,,True,True
31,old20,n254,Rosset,person,1,False,False,,,False,False
31,old20,n255,Charles Greymor,clue_object,1,False,False,,,False,False
31,old20,n256,Mr. Dumont,person,1,False,False,,,False,False
31,old20,n257,Mr. Mungen,person,2,False,False,,,False,True
31,old20,n258,Mr. Grymer,person,1,False,False,,,False,False
31,old20,n259,pliers,clue_object,0,False,False,,,False,False
31,old20,n260,the ambulance,clue_object,2,False,False,,,True,True
31,old20,n261,the sanatorium,location,0,False,False,,,False,False
31,old20,n262,Chaloustro Street,location,0,False,False,,,False,False
31,old20,n263,Ms. Dumont,person,1,False,False,,,False,False
31,old20,n264,Professor Grimmer,person,1,False,False,,,False,False
31,old20,n265,important documents,clue_object,2,False,False,,,False,True
31,old20,n266,the desk drawers,location,1,False,False,,,False,False
31,old20,n267,the wall,location,1,False,False,,,False,False
31,old20,n268,Professor Grimmer's desk,location,3,False,False,,,True,True
31,old20,n269,firecrackers,clue_object,3,False,False,,,True,True
31,old20,n270,Friday morning,time_anchor,0,False,False,,,False,False
31,old20,n271,Bernabi's room,location,1,False,False,,,False,False
31,old20,n272,monitor outside,person,0,False,False,,,False,False
31,old20,n273,spectator,person,0,False,False,,,False,False
31,old20,n274,cabinet,clue_object,1,False,False,,,False,False
31,old20,n275,Manogen,person,1,False,False,,,False,False
31,old20,n276,heavy weapon,clue_object,1,False,False,,,False,False
31,old20,n277,thick carpet,clue_object,0,False,False,,,False,False
31,old20,n278,Lobo,person,2,False,False,,,False,True
31,old20,n279,Mr. Drieman,person,1,False,False,,,False,False
31,old20,n280,bathroom,clue_object,0,False,False,,,False,False
31,old20,n281,salt,clue_object,0,False,False,,,False,False
31,old20,n282,whiskey,clue_object,0,False,False,,,False,False
31,old20,n283,Waverick bar gathering,event,0,False,False,,,False,False
31,old20,n284,chief inspector,person,3,False,False,,,True,True
31,old20,n285,Greymoor,clue_object,0,False,False,,,False,False
31,old20,n286,Barnaby,person,0,False,False,,,False,False
31,old20,n287,She,person,1,False,False,,,False,False
31,old20,n288,Mangan,person,2,False,False,,,True,True
31,old20,n289,Mangan's friend,person,0,False,False,,,False,False
31,old20,n290,Hadley,person,0,False,False,,,False,False
33,old20,n2,Lily,person,2,False,False,,,False,True
33,old20,n3,man in the study,person,6,False,False,,,True,True
33,old20,n5,Dudley,person,0,False,False,,,False,False
33,old20,n7,Patrick Gore,person,13,False,False,,,True,True
33,old20,n8,Brian Pang,person,1,False,False,,,False,False
33,old20,n9,con artist,person,1,False,False,,,False,False
33,old20,n10,local cricket club,clue_object,1,False,False,,,False,False
33,old20,n11,boy scouts,clue_object,1,False,False,,,False,False
33,old20,n12,Basil,person,8,False,False,,,True,True
33,old20,n13,Murrey,person,10,False,False,,,True,True
33,old20,n14,Little John,person,2,False,False,,,True,True
33,old20,n16,current holder of the title,person,2,False,False,,,True,True
33,old20,n17,appellant,person,2,False,False,,,True,True
33,old20,n18,study,location,9,False,False,,,True,True
33,old20,n19,Mui Rui,person,0,False,False,,,False,False
33,old20,n20,white paper cards (uncoated),clue_object,0,False,False,,,False,False
33,old20,n21,pen,clue_object,0,False,False,,,False,False
33,old20,n22,fingerprints,clue_object,0,False,False,,,False,False
33,old20,n23,Mountain ash bushes,location,0,False,False,,,False,False
33,old20,n24,study window,location,6,False,False,,,True,True
33,old20,n25,Keung,person,0,False,False,,,False,False
33,old20,n26,Kenney Muri,person,0,False,False,,,False,False
33,old20,n27,gray book,clue_object,0,False,False,,,False,False
33,old20,n28,Pengji,person,9,False,False,,,True,True
33,old20,n29,cool garden,location,8,True,True,449;586;1960,1960,True,True
33,old20,n30,circular pool,location,0,False,False,,,False,False
33,old20,n31,yew hedge maze,location,1,False,False,,,False,False
33,old20,n32,new wing,location,0,False,False,,,False,False
33,old20,n33,Madeline Dan,person,1,False,False,,,False,False
33,old20,n34,exceptionally bright star,clue_object,0,False,False,,,False,False
33,old20,n35,stone bench,clue_object,2,False,False,,,True,True
33,old20,n36,laurel hedges,clue_object,0,False,False,,,False,False
33,old20,n37,house,location,9,False,False,,,True,True
33,old20,n38,Barrow,person,3,False,False,,,True,True
33,old20,n39,John Arliss,person,0,False,False,,,False,False
33,old20,n43,Scotland Yard,location,0,False,False,,,False,False
33,old20,n44,Detective Elliot,person,10,False,False,,,True,True
33,old20,n46,Mr. Quincannon,person,1,False,False,,,False,False
33,old20,n47,Caswell,person,0,False,False,,,False,False
33,old20,n48,Chief Inspector Hyde,person,1,False,False,,,False,False
33,old20,n49,Mark Bannister,person,0,False,False,,,False,False
33,old20,n50,Caswell's study,location,2,False,False,,,False,True
33,old20,n51,Scotland,location,1,False,False,,,False,False
33,old20,n52,rain,clue_object,1,False,False,,,False,False
33,old20,n53,Madame Ray,person,1,False,False,,,False,False
33,old20,n54,man with his throat slit,clue_object,2,False,False,,,False,True
33,old20,n55,fingerprint matching,event,1,False,False,,,False,False
33,old20,n56,Patrick Gore's statement,evidence_sentence,1,False,False,,,False,False
33,old20,n57,front lawn,location,1,False,False,,,False,False
33,old20,n58,hallway,location,2,False,False,,,True,True
33,old20,n59,poolside,location,1,False,False,,,False,False
33,old20,n60,dining room,location,1,False,False,,,False,False
33,old20,n61,corridor,location,3,False,False,,,True,True
33,old20,n62,pond,location,2,False,False,,,True,True
33,old20,n63,Sir John,person,13,False,False,,,True,True
33,old20,n64,him,person,1,False,False,,,False,False
33,old20,n65,Elliot,person,6,False,False,,,True,True
33,old20,n66,Victoria Daly,person,3,False,False,,,True,True
33,old20,n67,farmer,person,1,False,False,,,False,False
33,old20,n68,village police officer,person,1,False,False,,,False,False
33,old20,n69,village,location,0,False,False,,,False,False
33,old20,n70,incident,event,1,False,False,,,False,False
33,old20,n71,Miss Daly,person,6,False,False,,,True,True
33,old20,n72,boot laces,clue_object,1,False,False,,,False,False
33,old20,n73,feather robe,clue_object,0,False,False,,,False,False
33,old20,n74,slippers,clue_object,0,False,False,,,False,False
33,old20,n75,dark mixture,clue_object,1,False,False,,,False,False
33,old20,n76,folding knife,clue_object,5,False,False,,,True,True
33,old20,n77,newspaper,clue_object,1,False,False,,,False,False
33,old20,n78,umbrella,clue_object,0,False,False,,,False,False
33,old20,n79,translucent waterproof cape with a hood,clue_object,0,False,False,,,False,False
33,old20,n80,golden hair styled in many curls covering her ears,clue_object,0,False,False,,,False,False
33,old20,n81,knife,clue_object,7,False,False,,,True,True
33,old20,n82,automaton,clue_object,4,False,False,,,True,True
33,old20,n83,Charles II,person,0,False,False,,,False,False
33,old20,n84,Fairley family,person,1,False,False,,,False,False
33,old20,n85,Gore,person,3,False,False,,,True,True
33,old20,n86,Barlow,person,2,False,False,,,True,True
33,old20,n89,Dr. Phil,person,20,False,False,,,True,True
33,old20,n91,Betty Harpootlian,person,1,False,False,,,False,False
33,old20,n92,Eve,person,1,False,False,,,False,False
33,old20,n93,Mrs. Yap,person,0,False,False,,,False,False
33,old20,n94,Helo Weikai,person,0,False,False,,,False,False
33,old20,n95,Baskey,person,1,False,False,,,False,False
33,old20,n96,Doctor (2),person,1,False,False,,,False,False
33,old20,n97,Green Room,location,3,False,False,,,True,True
33,old20,n98,Attic,location,4,False,False,,,True,True
33,old20,n99,Mrs. Aram,person,2,False,False,,,True,True
33,old20,n101,Mr. Gow,person,1,False,False,,,False,False
33,old20,n103,Madeline,person,10,False,False,,,True,True
33,old20,n104,Ivy,person,0,False,False,,,False,False
33,old20,n105,Brian,person,2,False,False,,,True,True
33,old20,n106,the little room,location,7,False,False,,,True,True
33,old20,n107,Inspector Fairclough,person,1,False,False,,,False,False
33,old20,n109,Officer Elliot,person,0,False,False,,,False,False
33,old20,n110,attic stairwell,location,1,False,False,,,False,False
33,old20,n111,Victorian-era rocking chair,clue_object,0,False,False,,,False,False
33,old20,n112,doll-like figure of a witch,clue_object,0,False,False,,,False,False
33,old20,n113,old leather-bound books,clue_object,0,False,False,,,False,False
33,old20,n114,modern ones,clue_object,0,False,False,,,False,False
33,old20,n115,Harlequin ancestors,person,1,False,False,,,False,False
33,old20,n116,John Fairley,person,25,False,False,,,True,True
33,old20,n118,the estate,location,2,False,False,,,True,True
33,old20,n119,England,location,1,False,False,,,False,False
33,old20,n120,the gramophone,clue_object,1,False,False,,,False,False
33,old20,n121,'Lady Be Good',clue_object,1,False,False,,,False,False
33,old20,n122,childhood dances,clue_object,1,False,False,,,False,False
33,old20,n123,the switch,clue_object,1,False,False,,,False,False
33,old20,n124,the two doctors,person,1,False,False,,,False,False
33,old20,n125,Alman,person,0,False,False,,,False,False
33,old20,n127,Hai Luo Wei Kai,person,1,False,False,,,False,False
33,old20,n128,psychic fortune-teller,person,0,False,False,,,False,False
33,old20,n129,group of us,person,0,False,False,,,False,False
33,old20,n130,church,location,0,False,False,,,False,False
33,old20,n131,room,location,1,False,False,,,False,False
33,old20,n132,Kui,person,3,False,False,,,False,True
33,old20,n133,Ali's house,location,1,False,False,,,False,False
33,old20,n136,Farely manor house,location,1,False,False,,,False,False
33,old20,n137,Victoria Daly's house,location,1,False,False,,,False,False
33,old20,n138,She,person,0,False,False,,,False,False
33,old20,n139,kitchen,location,1,False,False,,,False,False
33,old20,n140,Victoria,person,2,False,False,,,True,True
33,old20,n141,poisonous plant,clue_object,2,False,False,,,True,True
33,old20,n142,ointment,clue_object,3,False,False,,,True,True
33,old20,n143,human flesh,clue_object,1,False,False,,,False,False
33,old20,n144,John sir,person,0,False,False,,,False,False
33,old20,n145,Miss Anne,person,1,False,False,,,False,False
33,old20,n146,Betty,person,5,False,False,,,True,True
33,old20,n147,the roof light,clue_object,3,False,False,,,True,True
33,old20,n148,the 'screen' wood,location,3,False,False,,,True,True
33,old20,n149,the apple room,location,2,False,False,,,True,True
33,old20,n150,Brian Key,person,1,False,False,,,False,False
33,old20,n151,Miss Lily Suddon,person,1,False,False,,,False,False
33,old20,n152,Miss Arlery,person,1,False,False,,,False,False
33,old20,n153,Iris Fairley,person,3,False,False,,,True,True
33,old20,n154,Conyers,person,1,False,False,,,False,False
33,old20,n155,Detective Inspector Burton,person,0,False,False,,,False,False
33,old20,n156,the pool,location,2,False,False,,,True,True
33,old20,n157,the balcony,location,1,False,False,,,False,False
33,old20,n158,the hedge,clue_object,0,False,False,,,False,False
33,old20,n159,Mr. Conos,person,0,False,False,,,False,False
33,old20,n160,I,person,4,False,False,,,False,True
33,old20,n161,everyone,person,1,False,False,,,False,False
33,old20,n162,massive white-painted stainless steel door,clue_object,1,False,False,,,False,False
33,old20,n163,passenger liner,location,0,False,False,,,False,False
33,old20,n164,small boat,clue_object,1,False,False,,,False,False
33,old20,n165,legs,clue_object,0,False,False,,,False,False
33,old20,n166,hands,clue_object,0,False,False,,,False,False
33,old20,n167,closed-mouth shorts,clue_object,0,False,False,,,False,False
33,old20,n168,pants,clue_object,0,False,False,,,False,False
33,old20,n169,robot doll,clue_object,9,True,True,1325;1519;2045,2045,True,True
33,old20,n170,base box,location,0,False,False,,,False,False
33,old20,n171,Europe and America,location,0,False,False,,,False,False
33,old20,n172,Thomas Foley,person,0,False,False,,,False,False
33,old20,n173,Golden Witch,clue_object,2,False,False,,,True,True
33,old20,n174,Golden Witch's principle,clue_object,0,False,False,,,False,False
33,old20,n175,Kemble,person,0,False,False,,,False,False
33,old20,n176,magician,person,3,False,False,,,False,False
33,old20,n177,box,clue_object,0,False,False,,,False,False
33,old20,n178,operator,person,0,False,False,,,False,False
33,old20,n179,Weikai,person,1,False,False,,,False,False
33,old20,n180,defamation case,event,1,False,False,,,False,False
33,old20,n181,missing knight,event,1,False,False,,,False,False
33,old20,n182,legal representative,event,0,False,False,,,False,False
33,old20,n183,Your Honor,person,2,False,False,,,False,False
33,old20,n184,my father,person,1,False,False,,,False,False
33,old20,n185,the judge,person,1,False,False,,,False,False
33,old20,n186,Iris,person,1,False,False,,,False,False
33,old20,n187,the beast,person,1,False,False,,,False,False
33,old20,n188,secret demonic worship fetish,clue_object,0,False,False,,,False,False
33,old20,n189,the manor,location,4,False,False,,,True,True
33,old20,n190,Constance,person,1,False,False,,,False,False
33,old20,n191,the Countess,person,0,False,False,,,False,False
33,old20,n192,the Arundell family,person,1,False,False,,,False,False
33,old20,n193,Mure,person,5,False,False,,,True,True
33,old20,n194,Wickham,person,1,False,False,,,False,False
33,old20,n195,M. Poirot,person,4,False,False,,,True,True
33,old20,n196,Wickham's account,clue_object,2,False,False,,,True,True
33,old20,n197,the legless crawling monster,clue_object,3,False,False,,,True,True
33,old20,n198,my handkerchief,clue_object,2,True,False,406,,False,True
33,old20,n199,the sink,location,1,False,False,,,False,False
33,old20,n200,Wei Kai,person,1,False,False,,,False,False
33,old20,n201,the north side of the house,location,1,False,False,,,False,False
33,old20,n202,the south side of the house,location,0,False,False,,,False,False
33,old20,n204,Betty Harpshaw,person,0,False,False,,,False,False
33,old20,n205,Irene,person,0,False,False,,,False,False
33,old20,n206,Condos,person,0,False,False,,,False,False
33,old20,n207,Monbrigi,location,0,False,False,,,False,False
33,old20,n208,Pancake,person,0,False,False,,,False,False
33,old20,n209,doll,clue_object,1,False,False,,,False,False
33,old20,n210,bookshelf in the attic,clue_object,0,False,False,,,False,False
33,old20,n211,the harmless old witch doll,clue_object,0,False,False,,,False,False
33,old20,n212,Barrow's car,clue_object,0,False,False,,,False,False
33,old20,n214,Arliss,person,1,False,False,,,False,False
33,old20,n215,Tunbridge Wells,location,1,False,False,,,False,False
33,old20,n216,Mr. Barrow,person,2,False,False,,,False,True
33,old20,n217,Mrs. Aramond,person,2,False,False,,,True,True
33,old20,n218,the antique clock in the dining room,clue_object,0,False,False,,,False,False
33,old20,n219,the hedge or bushes,clue_object,1,False,False,,,False,False
33,old20,n220,the glass door closest to the ground,clue_object,0,False,False,,,False,False
33,old20,n221,gypsy camp,location,1,False,False,,,False,False
33,old20,n222,Satanism,clue_object,2,False,False,,,False,True
33,old20,n223,Connes,person,3,False,False,,,False,True
33,old20,n224,Farr family,person,1,False,False,,,False,False
33,old20,n225,attic library,clue_object,0,False,False,,,False,False
33,old20,n226,lead ball,clue_object,0,False,False,,,False,False
33,old20,n227,wooden box,clue_object,2,True,False,1925,,False,True
33,old20,n228,bookshelf,location,0,False,False,,,False,False
33,old20,n229,Conos,person,2,False,False,,,True,True
33,old20,n230,Elliott,person,2,False,False,,,True,True
33,old20,n231,sharp fingers,clue_object,1,False,False,,,False,False
33,old20,n232,small cut,clue_object,0,False,False,,,False,False
33,old20,n233,glass cover,clue_object,1,False,False,,,False,False
33,old20,n234,mechanical parts,clue_object,0,False,False,,,False,False
33,old20,n235,officer,person,0,False,False,,,False,False
33,old20,n236,small window,clue_object,0,True,False,2011,,False,False
33,old20,n237,flashlight,clue_object,0,True,False,516,,False,False
33,old20,n238,mechanical parts inside,clue_object,2,False,False,,,True,True
33,old20,n239,small door,clue_object,1,False,False,,,False,False
33,old20,n240,iron parts,clue_object,0,False,False,,,False,False
33,old20,n241,"Elliot, Mr. Elliot",person,2,False,False,,,False,True
33,old20,n242,"Farley, Mrs. Farley",person,1,False,False,,,False,False
33,old20,n243,Mechanical Devices,clue_object,0,False,False,,,False,False
33,old20,n244,Case,event,0,False,False,,,False,False
33,old20,n245,Mrs. Farley,person,0,False,False,,,False,False
33,old20,n247,the doll's shoulder,clue_object,1,False,False,,,False,False
33,old20,n248,the clockwork machinery inside,clue_object,0,False,False,,,False,False
33,old20,n249,glass marbles,clue_object,1,False,False,,,False,False
33,old20,n250,the rusty small knife,clue_object,1,False,False,,,False,False
33,old20,n251,fake mosquito hooks for fishing,clue_object,1,False,False,,,False,False
33,old20,n252,the heavy small lead ball with four large hooks welded like a bouquet on top,clue_object,1,False,False,,,False,False
33,old20,n253,an old woman's stocking band,clue_object,0,False,False,,,False,False
33,old20,n254,"the double-faced mask or something made of wire and parchment, modeled after the head of Janus",clue_object,1,False,False,,,False,False
33,old20,n255,Dolls,clue_object,0,False,False,,,False,False
33,old20,n256,Parchment Mask,clue_object,1,False,False,,,False,False
33,old20,n257,Clegg,person,0,False,False,,,False,False
33,old20,n258,Cai Ji,person,0,False,False,,,False,False
33,old20,n259,Frank lawyer,person,1,False,False,,,False,False
33,old20,n260,Witness stand,clue_object,2,False,False,,,False,True
33,old20,n261,Large table,clue_object,2,False,False,,,True,True
33,old20,n262,Files,clue_object,2,False,False,,,True,True
33,old20,n263,Kenny Murrey,person,0,False,False,,,False,False
33,old20,n264,Cunningham,person,1,False,False,,,False,False
33,old20,n265,right-handedness,clue_object,1,False,False,,,False,False
33,old20,n266,exhibit found about 10 feet away from the deceased on the left side of a hedge,clue_object,1,False,False,,,False,False
33,old20,n267,Conrad,person,0,False,False,,,False,False
33,old20,n268,Barron,person,0,False,False,,,False,False
33,old20,n269,Miss Madeline Dan,person,0,False,False,,,False,False
33,old20,n270,the reporters,person,1,False,False,,,False,False
33,old20,n271,the prosecutor,person,2,False,False,,,False,True
33,old20,n272,the Bible,clue_object,1,False,False,,,False,False
33,old20,n273,Armin Park,location,2,False,False,,,False,True
33,old20,n274,Betty Hapsworth,person,1,False,False,,,False,False
33,old20,n275,the male jury,person,0,False,False,,,False,False
33,old20,n276,the hinges of a door,clue_object,1,False,False,,,False,False
33,old20,n277,Natanael Barrow,person,0,False,False,,,False,False
33,old20,n279,the man who led Victoria Dary to the pleasures of witchcraft,person,0,False,False,,,False,False
33,old20,n280,this person,person,0,False,False,,,False,False
33,old20,n281,Barro,person,1,False,False,,,False,False
33,old20,n282,belladonna and deadly nightshade,clue_object,0,False,False,,,False,False
33,old20,n283,Mrs. Van Helsing,person,1,False,False,,,False,False
33,old20,n284,Dr. Kim,person,1,False,False,,,False,False
33,old20,n285,Weapon,clue_object,2,False,False,,,True,True
33,old20,n286,Glass door,clue_object,0,False,False,,,False,False
33,old20,n287,steel box,clue_object,1,False,False,,,False,False
33,old20,n288,library,location,0,False,False,,,False,False
33,old20,n289,threshold,clue_object,3,False,False,,,True,True
33,old20,n290,doll's wheels,clue_object,1,False,False,,,False,False
33,old20,n291,threshold of library,location,0,False,False,,,False,False
33,old20,n292,front of window near top of stairs,location,0,False,False,,,False,False
33,old20,n293,Inspector Elliot,person,1,False,False,,,False,False
33,old20,n294,Barrow (Baro),person,1,False,False,,,False,False
33,old20,n295,Professor Hoffman,person,1,False,False,,,False,False
33,old20,n296,Keyes,person,1,False,False,,,False,False
33,old20,n297,Brian Pike,person,1,False,False,,,False,False
33,old20,n298,McLinford (location),location,2,False,False,,,False,True
33,old20,n299,French window (location),location,0,False,False,,,False,False
33,old20,n300,Candle (clue_object),clue_object,0,False,False,,,False,False
33,old20,n301,Clock (clue_object),clue_object,0,False,False,,,False,False
33,old20,n303,a vagrant,person,0,False,False,,,False,False
33,old20,n304,Bull's Head Inn,location,3,False,False,,,False,False
33,old20,n305,Miss Dare's murder case,event,0,False,False,,,False,False
33,old20,n306,an artist,person,1,False,False,,,False,False
33,old20,n307,a detective,person,1,False,False,,,False,False
33,old20,n308,Nattie Barrow,person,1,False,False,,,False,False
33,old20,n309,Bly House,location,1,False,False,,,False,False
33,old20,n310,Miss Irene Sudden,person,0,False,False,,,False,False
33,old20,n312,Armingray Manor,location,0,False,False,,,False,False
33,old20,n313,Mallingford village,location,0,False,False,,,False,False
33,old20,n314,Arthur Olden,person,1,False,False,,,False,False
33,old20,n316,Mr. Murrey,person,0,False,False,,,False,False
33,old20,n317,Meadton,location,0,False,False,,,False,False
33,old20,n318,"Hamilton, Bermuda",location,0,False,False,,,False,False
33,old20,n319,6 pence silver coin,clue_object,0,False,False,,,False,False
33,old20,n320,perjury,event,3,False,False,,,False,True
33,old20,n321,criminology hobby,event,1,False,False,,,False,False
40,old20,n1,Kuroku's office,location,0,False,False,,,False,False
40,old20,n2,fate,event,1,False,False,,,False,False
40,old20,n3,I,person,63,False,False,,,True,True
40,old20,n4,Mingyi,person,1,False,False,,,False,False
40,old20,n5,KL,clue_object,17,False,False,,,True,True
40,old20,n6,Yoji,person,1,False,False,,,False,False
40,old20,n7,Kojima,person,7,False,False,,,True,True
40,old20,n8,coffee,clue_object,1,False,False,,,False,False
40,old20,n9,game,clue_object,1,False,False,,,False,False
40,old20,n10,RPG,clue_object,0,False,False,,,False,False
40,old20,n11,can of coffee,clue_object,0,False,False,,,False,False
40,old20,n12,United States,location,1,False,False,,,False,False
40,old20,n13,dress-up games,clue_object,0,False,False,,,False,False
40,old20,n14,Kousaka Haruka,person,1,False,False,,,False,False
40,old20,n15,Uesugi Akira,person,0,False,False,,,False,False
40,old20,n16,Kagami,person,1,False,False,,,False,False
40,old20,n17,Yuzuki,person,6,False,False,,,True,True
40,old20,n18,Kato,person,0,False,False,,,False,False
40,old20,n19,Yasaka-san,person,0,False,False,,,False,False
40,old20,n20,Ipsilon research facility,location,0,False,False,,,False,False
40,old20,n21,Yuri,person,14,False,False,,,True,True
40,old20,n22,Kagura-san,person,3,False,False,,,True,True
40,old20,n23,Kaito,person,2,False,False,,,False,True
40,old20,n24,car,clue_object,5,False,False,,,True,True
40,old20,n25,research facility,location,2,False,False,,,True,True
40,old20,n26,iron roller door,clue_object,1,False,False,,,False,False
40,old20,n27,main entrance,location,2,False,False,,,True,True
40,old20,n28,Ipsilon Research Institute,location,2,False,False,,,False,True
40,old20,n29,garage ceiling,clue_object,1,False,False,,,False,False
40,old20,n30,acrylic wall,clue_object,0,False,False,,,False,False
40,old20,n31,gray corridor,location,8,False,False,,,True,True
40,old20,n32,hospital,location,5,False,False,,,True,True
40,old20,n33,control room for a photography studio,location,3,False,False,,,True,True
40,old20,n34,monitoring room,location,9,False,False,,,True,True
40,old20,n36,Kagura,person,1,False,False,,,False,False
40,old20,n37,staircase,clue_object,2,False,False,,,True,True
40,old20,n38,treasure in the cave,clue_object,0,False,False,,,False,False
40,old20,n39,ancient city,location,1,False,False,,,False,False
40,old20,n41,Pamela,person,1,False,False,,,False,False
40,old20,n42,old man,person,2,False,False,,,False,False
40,old20,n43,money,clue_object,0,False,False,,,False,False
40,old20,n44,photo of The Crescent Moon,clue_object,1,False,False,,,False,False
40,old20,n45,Japanese man (The Crescent Moon),person,1,False,False,,,False,False
40,old20,n46,Kenneth,person,17,False,False,,,True,True
40,old20,n48,Guimei,person,4,False,False,,,True,True
40,old20,n49,Mr. Uchida,person,0,False,False,,,False,False
40,old20,n50,Kimiko,person,5,False,False,,,True,True
40,old20,n51,Yasuko,person,0,False,False,,,False,False
40,old20,n52,small room,location,1,False,False,,,False,False
40,old20,n53,Uesugi,person,19,False,False,,,True,True
40,old20,n54,Miss Takayuki,person,1,False,False,,,False,False
40,old20,n55,Yuki,person,0,False,False,,,False,False
40,old20,n56,Pearl necklace,clue_object,1,False,False,,,False,False
40,old20,n57,Ying Xia,person,3,False,False,,,False,True
40,old20,n58,Guimeizi,person,0,False,False,,,False,False
40,old20,n59,Presidential mansion,location,1,False,False,,,False,False
40,old20,n60,Kiyoko,person,0,False,False,,,False,False
40,old20,n61,Matsukuma government,clue_object,0,False,False,,,False,False
40,old20,n62,Miss Takahashi,person,0,False,False,,,False,False
40,old20,n63,video games,clue_object,0,False,False,,,False,False
40,old20,n64,shooting games,clue_object,0,False,False,,,False,False
40,old20,n65,Kajimura,person,2,False,False,,,True,True
40,old20,n66,Kei,person,2,False,False,,,True,True
40,old20,n67,Kajima,person,0,False,False,,,False,False
40,old20,n68,Ipsilon Company,location,0,False,False,,,False,False
40,old20,n69,Car accident,event,3,False,False,,,True,True
40,old20,n71,Hayato,person,1,False,False,,,False,False
40,old20,n72,Kajita,person,6,False,False,,,True,True
40,old20,n73,Kashiwajima-san,person,0,False,False,,,False,False
40,old20,n74,Female staff,person,0,False,False,,,False,False
40,old20,n75,Shibata household,person,1,False,False,,,False,False
40,old20,n76,Public phone in the corridor,clue_object,1,False,False,,,False,False
40,old20,n77,Ten yen coin,clue_object,0,False,False,,,False,False
40,old20,n78,Yoshinori,person,1,False,False,,,False,False
40,old20,n79,Banzo,person,1,False,False,,,False,False
40,old20,n80,Kenji,person,1,False,False,,,False,False
40,old20,n81,Yoshinori's sister's husband,person,0,False,False,,,False,False
40,old20,n82,Kyushu area,location,0,False,False,,,False,False
40,old20,n83,Sasame-san,person,0,False,False,,,False,False
40,old20,n84,K2 game,clue_object,0,False,False,,,False,False
40,old20,n85,industrial spies,person,0,False,False,,,False,False
40,old20,n86,Shinagawa Central Hospital,location,1,False,False,,,False,False
40,old20,n87,Shikishima Yasuhiro,person,1,False,False,,,False,False
40,old20,n88,Kurokawa,person,0,False,False,,,False,False
40,old20,n89,Mr. Konishi,person,2,False,False,,,True,True
40,old20,n90,Fujimori Kei,person,0,False,False,,,False,False
40,old20,n91,Kojiro Kuroda,person,0,False,False,,,False,False
40,old20,n92,Kurokawa's office,location,4,False,False,,,True,True
40,old20,n93,call center,location,2,False,False,,,False,True
40,old20,n94,Yuzuki's rented apartment,location,1,False,False,,,False,False
40,old20,n95,Ipsilon office,location,2,False,False,,,True,True
40,old20,n96,Kurukou,location,0,False,False,,,False,False
40,old20,n97,Kishimoto-san,person,4,False,False,,,True,True
40,old20,n98,Ms. Takagi,person,0,False,False,,,False,False
40,old20,n99,research institute,location,3,False,False,,,True,True
40,old20,n100,brown box-shaped car,clue_object,3,False,False,,,False,True
40,old20,n101,Kishimoto-san's back door to the garage,clue_object,1,False,False,,,False,False
40,old20,n102,Kishimoto-san's garage,location,1,False,False,,,False,False
40,old20,n103,Kaito-san,person,2,False,False,,,False,True
40,old20,n104,tracker,clue_object,1,False,False,,,False,False
40,old20,n105,Miss Sasaki,person,0,False,False,,,False,False
40,old20,n106,enemy,person,1,False,False,,,False,False
40,old20,n107,sister,person,1,False,False,,,False,False
40,old20,n108,a gold earring,clue_object,1,False,False,,,False,False
40,old20,n109,human-shaped sponge cushion,clue_object,0,False,False,,,False,False
40,old20,n110,tall grass up to my chest,location,0,False,False,,,False,False
40,old20,n111,two or three shrubs,clue_object,0,False,False,,,False,False
40,old20,n112,Ms. Sakamoto,person,0,False,False,,,False,False
40,old20,n113,Kagihara,person,0,False,False,,,False,False
40,old20,n114,Ayuko,person,1,False,False,,,False,False
40,old20,n116,Takagi,person,3,False,False,,,True,True
40,old20,n117,Nine o'clock,time_anchor,0,False,False,,,False,False
40,old20,n118,Shinagawa Hospital,location,0,False,False,,,False,False
40,old20,n119,Sakura Shinmachi Station,location,1,False,False,,,False,False
40,old20,n120,First Alley on the Right,location,1,False,False,,,False,False
40,old20,n121,Second Alley,location,1,False,False,,,False,False
40,old20,n122,Seven Mei,person,14,False,False,,,True,True
40,old20,n123,her boyfriend,clue_object,1,False,False,,,False,False
40,old20,n124,her small shoulder bag,clue_object,2,False,False,,,True,True
40,old20,n125,her notebook,clue_object,0,False,False,,,False,False
40,old20,n126,Seven,person,3,False,False,,,False,False
40,old20,n127,Hina,person,1,False,False,,,False,False
40,old20,n129,Neru,person,0,False,False,,,False,False
40,old20,n130,Yuya,person,1,False,False,,,False,False
40,old20,n131,Straw bag on the floor,clue_object,1,False,False,,,False,False
40,old20,n132,Silver key from the door frame,clue_object,1,False,False,,,False,False
40,old20,n133,Two-story wooden apartment building in Yoyogi,location,1,False,False,,,False,False
40,old20,n134,Residential area with mansions and high-rise apartments,location,1,False,False,,,False,False
40,old20,n135,Apartment at the end of the second-floor corridor,location,0,False,False,,,False,False
40,old20,n136,Fukuba,person,1,False,False,,,False,False
40,old20,n137,Fujimoto,person,5,False,False,,,True,True
40,old20,n138,research institute parking lot,location,2,False,False,,,True,True
40,old20,n139,hidden elevator,clue_object,5,False,False,,,True,True
40,old20,n140,Kagitou,person,0,False,False,,,False,False
40,old20,n141,public phone booth,clue_object,1,False,False,,,False,False
40,old20,n142,address,location,1,False,False,,,False,False
40,old20,n143,first train,clue_object,1,False,False,,,False,False
40,old20,n144,Klein Bottle,clue_object,3,False,False,,,True,True
40,old20,n145,second floor,location,2,False,False,,,True,True
40,old20,n146,department store,location,0,False,False,,,False,False
40,old20,n147,fountain,clue_object,1,False,False,,,False,False
40,old20,n148,Ipsilon Laboratory,location,0,False,False,,,False,False
40,old20,n149,Kishida business card,clue_object,2,False,False,,,False,False
40,old20,n150,earrings,clue_object,1,False,False,,,False,False
40,old20,n151,Second Suburb,location,1,False,False,,,False,False
40,old20,n152,Brain Damage,clue_object,0,False,False,,,False,False
40,old20,n153,whiskey bottle,clue_object,1,False,False,,,False,False
40,old20,n154,Clein Bottle,clue_object,1,False,False,,,False,False
40,old20,n155,memory gap,event,1,False,False,,,False,False
40,old20,n156,place,location,3,False,False,,,False,False
40,old20,n157,phone call,event,0,False,False,,,False,False
40,old20,n158,messages,clue_object,1,False,False,,,False,False
40,old20,n159,answering machine,clue_object,1,False,False,,,False,False
40,old20,n160,Li Sha,person,0,False,False,,,False,False
40,old20,n161,Sei,person,0,False,False,,,False,False
40,old20,n162,Kishida,person,1,False,False,,,False,False
40,old20,n163,Baizai Nobuhiko,person,1,False,False,,,False,False
40,old20,n164,Klein Memorial Hospital,location,6,False,False,,,True,True
40,old20,n165,Yae,person,0,False,False,,,False,False
40,old20,n166,hospital administrator,person,1,False,False,,,False,False
40,old20,n167,missing nurse,person,1,False,False,,,False,False
40,old20,n168,gas station,location,3,False,False,,,False,True
40,old20,n169,American side,location,1,False,False,,,False,False
40,old20,n170,hospital fire,event,0,False,False,,,False,False
40,old20,n171,Kotobuki,person,2,False,False,,,False,True
40,old20,n172,chief administrator of the Klein Memorial Hospital,person,1,False,False,,,False,False
40,old20,n173,DDST,clue_object,5,False,False,,,True,True
40,old20,n174,CIA,clue_object,1,False,False,,,False,False
40,old20,n175,Science and Technology Department,location,0,False,False,,,False,False
40,old20,n176,"Klein, the late director of the clinic",person,0,False,False,,,False,False
40,old20,n177,Epsilon,clue_object,1,False,False,,,False,False
40,old20,n178,K1,clue_object,2,False,False,,,True,True
40,old20,n179,Fukuda-san,person,2,False,False,,,True,True
40,old20,n180,Nene,person,1,False,False,,,False,False
40,old20,n181,countermeasures,clue_object,1,False,False,,,False,False
40,old20,n182,Epsilon Research Institute,location,0,False,False,,,False,False
40,old20,n183,rival game development company,person,0,False,False,,,False,False
40,old20,n184,box truck,clue_object,0,False,False,,,False,False
40,old20,n185,Kumaguchi Station,location,1,False,False,,,False,False
40,old20,n186,iron shelves,clue_object,1,False,False,,,False,False
40,old20,n187,metal cabinets,clue_object,0,False,False,,,False,False
40,old20,n188,tools,clue_object,0,False,False,,,False,False
40,old20,n189,door to the corridor,clue_object,1,False,False,,,False,False
40,old20,n190,basement,location,0,False,False,,,False,False
40,old20,n191,office,location,5,False,False,,,True,True
40,old20,n192,apartment building,location,0,False,False,,,False,False
40,old20,n193,K2 and various accessories,clue_object,0,False,False,,,False,False
40,old20,n194,Kagita,person,3,False,False,,,False,True
40,old20,n195,Sakamoto Kimiko,person,1,False,False,,,False,False
40,old20,n196,Takakura,person,1,False,False,,,False,False
40,old20,n197,storage room,location,1,False,False,,,False,False
40,old20,n198,changing room,location,5,False,False,,,False,True
40,old20,n199,humanoid bed,clue_object,0,False,False,,,False,False
40,old20,n200,pants,clue_object,1,False,False,,,False,False
40,old20,n201,closed door,clue_object,0,False,False,,,False,False
40,old20,n202,closet,clue_object,2,False,False,,,False,True
40,old20,n204,the narrator,person,5,False,False,,,True,True
40,old20,n205,travel bag,clue_object,1,False,False,,,False,False
40,old20,n206,storage box,clue_object,1,False,False,,,False,False
40,old20,n207,Nao,person,0,False,False,,,False,False
40,old20,n208,Upou,person,1,False,False,,,False,False
40,old20,n209,Liang Sha,person,2,False,False,,,True,True
40,old20,n210,Takao,person,5,False,False,,,False,True
40,old20,n211,female employee with sweet voice on the phone,person,1,False,False,,,False,False
40,old20,n212,Takao's office,location,1,False,False,,,False,False
40,old20,n213,Kojima's desk,location,1,False,False,,,False,False
40,old20,n214,sitting on the sofa in the corner,location,1,False,False,,,False,False
40,old20,n215,Asakura Yuzu,person,1,False,False,,,False,False
40,old20,n216,Liya,person,0,False,False,,,False,False
40,old20,n217,Asakura Miss Asakura,person,1,False,False,,,False,False
40,old20,n218,Tsubaki,location,0,False,False,,,False,False
40,old20,n219,Kaga,person,0,False,False,,,False,False
40,old20,n220,Mizuki,person,1,False,False,,,False,False
40,old20,n221,Kagitani,person,3,False,False,,,False,True
40,old20,n222,sofa,clue_object,0,False,False,,,False,False
40,old20,n223,desk,clue_object,3,False,False,,,False,True
40,old20,n224,phone,clue_object,1,False,False,,,False,False
40,old20,n225,pencil_box,clue_object,0,False,False,,,False,False
40,old20,n226,newspaper,clue_object,0,False,False,,,False,False
40,old20,n227,drawer,clue_object,1,False,False,,,False,False
40,old20,n228,bookshelf,clue_object,1,False,False,,,False,False
40,old20,n229,back_door,clue_object,2,False,False,,,False,False
40,old20,n230,garage,location,1,False,False,,,False,False
40,old20,n231,door_panel,clue_object,1,False,False,,,False,False
40,old20,n232,Isaburo,person,1,False,False,,,False,False
40,old20,n234,Yamashita,person,1,False,False,,,False,False
40,old20,n235,Fujimura,person,1,False,False,,,False,False
40,old20,n236,elevator door,clue_object,2,False,False,,,False,True
40,old20,n237,letter opener,clue_object,2,False,False,,,True,True
40,old20,n238,small hole in the ceiling,clue_object,0,False,False,,,False,False
40,old20,n239,folder,clue_object,0,False,False,,,False,False
40,old20,n240,Shibuya,location,1,False,False,,,False,False
40,old20,n241,Takashimaya New Building,location,1,False,False,,,False,False
40,old20,n242,Party A,person,1,False,False,,,False,False
40,old20,n243,Party B,person,0,False,False,,,False,False
40,old20,n244,copyright use fee,clue_object,0,False,False,,,False,False
40,old20,n245,Kajiura Takao,person,1,False,False,,,False,False
40,old20,n246,contract,clue_object,4,False,False,,,True,True
40,old20,n247,stain,clue_object,0,False,False,,,False,False
40,old20,n248,fingerprints,clue_object,1,False,False,,,False,False
40,old20,n249,"February 10, 1991",time_anchor,1,False,False,,,False,False
40,old20,n250,Fukuda Yoshihiro,person,1,False,False,,,False,False
40,old20,n251,Ipsilon Corporation,person,0,False,False,,,False,False
40,old20,n252,sister's house,location,3,False,False,,,True,True
40,old20,n253,attic,location,3,False,False,,,True,True
40,old20,n254,"old, dilapidated building",location,2,False,False,,,True,True
40,old20,n255,road in front of the house,location,0,False,False,,,False,False
40,old20,n256,glove,clue_object,3,False,False,,,False,True
40,old20,n257,key,clue_object,1,False,False,,,False,False
40,old20,n258,computer,clue_object,1,False,False,,,False,False
40,old20,n259,Ipsilon Institute,location,2,False,False,,,False,True
40,old20,n261,Tsubasa,person,0,False,False,,,False,False
40,old20,n262,gloves,clue_object,0,False,False,,,False,False
40,old20,n263,garage behind the office,location,0,False,False,,,False,False
40,old20,n264,goggles,clue_object,1,False,False,,,False,False
40,old20,n265,left eye,clue_object,0,False,False,,,False,False
40,old20,n266,right position,clue_object,0,False,False,,,False,False
40,old20,n267,light,clue_object,0,False,False,,,False,False
40,old20,n268,blurry white object,clue_object,0,False,False,,,False,False
40,old20,n269,retina,clue_object,2,False,False,,,False,False
40,old20,n270,knob,clue_object,1,False,False,,,False,False
40,old20,n271,blue ball,clue_object,1,False,False,,,False,False
40,old20,n272,white ball,clue_object,1,False,False,,,False,False
40,old20,n273,bed,clue_object,4,False,False,,,True,True
40,old20,n274,storage cabinet,clue_object,3,False,False,,,True,True
40,old20,n275,cylinder,clue_object,1,False,False,,,False,False
40,old20,n276,sponge cushion,clue_object,1,False,False,,,False,False
40,old20,n277,face mask,clue_object,1,False,False,,,False,False
40,old20,n278,Ms. Takahashi,person,1,False,False,,,False,False
40,old20,n279,Yoshiko,person,0,False,False,,,False,False
40,old20,n280,mask,clue_object,0,False,False,,,False,False
40,old20,n281,sponge pad,clue_object,0,False,False,,,False,False
40,old20,n282,ceiling,location,1,False,False,,,False,False
40,old20,n283,airplane,location,12,False,False,,,True,True
40,old20,n284,jacket,clue_object,1,False,False,,,False,False
40,old20,n285,shoes,clue_object,1,False,False,,,False,False
40,old20,n286,walls,location,3,False,False,,,True,True
40,old20,n287,small door,location,1,False,False,,,False,False
40,old20,n288,Seiko watch,clue_object,3,False,False,,,True,True
40,old20,n289,Omega watch,clue_object,3,False,False,,,True,True
40,old20,n290,invisible key,clue_object,3,False,False,,,True,True
40,old20,n291,cup,clue_object,0,False,False,,,False,False
40,old20,n292,Budweiser beer,clue_object,0,False,False,,,False,False
40,old20,n293,Emma Airport,location,0,False,False,,,False,False
40,old20,n294,Abdullah Kassem,person,0,False,False,,,False,False
40,old20,n295,Gibbous Moon,person,0,False,False,,,False,False
40,old20,n296,John Bad,person,0,False,False,,,False,False
40,old20,n297,Dr. Badger,person,2,False,False,,,False,False
40,old20,n298,Oklahoma State University of Technology,location,1,False,False,,,False,False
40,old20,n299,Denmark,location,0,False,False,,,False,False
40,old20,n300,Jim West,person,0,False,False,,,False,False
40,old20,n301,Republic of Matsuyama,location,0,False,False,,,False,False
40,old20,n302,Koyama,person,0,False,False,,,False,False
40,old20,n303,Japanese embassy of the Muzima Republic,location,0,False,False,,,False,False
40,old20,n304,Muzima Republic,location,0,False,False,,,False,False
40,old20,n305,Sumi,person,0,False,False,,,False,False
40,old20,n306,piping,clue_object,0,False,False,,,False,False
40,old20,n307,dressing room,location,0,False,False,,,False,False
40,old20,n308,device,clue_object,4,False,False,,,False,True
40,old20,n309,foam padding,clue_object,1,False,False,,,False,False
40,old20,n310,silicone pad,clue_object,1,False,False,,,False,False
40,old20,n311,anomaly,clue_object,1,False,False,,,False,False
40,old20,n312,program,clue_object,0,False,False,,,False,False
40,old20,n313,Mr. Kusaka,person,0,False,False,,,False,False
40,old20,n314,the company,person,0,False,False,,,False,False
40,old20,n315,the apartment,location,0,False,False,,,False,False
40,old20,n316,Irisa,person,4,False,False,,,True,True
40,old20,n317,Ms. Sasaki,person,1,False,False,,,False,False
40,old20,n318,Risa Takashi,person,1,False,False,,,False,False
40,old20,n319,Futago Tamagawa station,location,2,False,False,,,True,True
40,old20,n320,McDonald's,location,2,False,False,,,True,True
40,old20,n321,embankment,location,1,False,False,,,False,False
40,old20,n322,Yaya,person,0,False,False,,,False,False
40,old20,n323,paper bag,clue_object,0,False,False,,,False,False
40,old20,n324,red scarf,clue_object,0,False,False,,,False,False
40,old20,n325,small shoulder bag,clue_object,0,False,False,,,False,False
40,old20,n326,concrete embankment,location,0,False,False,,,False,False
40,old20,n327,old civic hall in Shibuya,location,0,False,False,,,False,False
40,old20,n328,part-time job magazine,clue_object,0,False,False,,,False,False
40,old20,n329,interviewer,person,1,False,False,,,False,False
40,old20,n330,007,person,0,False,False,,,False,False
40,old20,n331,astronaut,person,0,False,False,,,False,False
40,old20,n332,Michael Jackson,clue_object,0,False,False,,,False,False
40,old20,n333,Mr. Kenji,person,1,False,False,,,False,False
40,old20,n334,Ms. Sasame,person,1,False,False,,,False,False
40,old20,n336,Ms. Makabe,person,1,False,False,,,False,False
40,old20,n337,note,clue_object,1,False,False,,,False,False
40,old20,n338,Ms. Nanase,person,0,False,False,,,False,False
40,old20,n339,Akane,person,1,False,False,,,False,False
40,old20,n340,Yuria,person,3,False,False,,,True,True
40,old20,n341,Naoe,person,1,False,False,,,False,False
40,old20,n342,Mr. Kamurogi,person,1,False,False,,,False,False
40,old20,n343,Shinobu,location,2,False,False,,,True,True
40,old20,n344,ujimoto,person,1,False,False,,,False,False
40,old20,n345,mansion,location,3,False,False,,,True,True
40,old20,n346,double doors,clue_object,1,False,False,,,False,False
40,old20,n347,chairs,clue_object,0,False,False,,,False,False
40,old20,n348,round tables,clue_object,0,False,False,,,False,False
40,old20,n349,first floor,location,1,False,False,,,False,False
40,old20,n350,third floor,location,3,False,False,,,True,True
40,old20,n351,Dr. John Bard,person,3,False,False,,,True,True
40,old20,n352,guards,person,0,False,False,,,False,False
40,old20,n353,soldier,person,1,False,False,,,False,False
40,old20,n354,potted plant,clue_object,0,False,False,,,False,False
40,old20,n355,gun,clue_object,0,False,False,,,False,False
40,old20,n356,pebble,clue_object,0,False,False,,,False,False
40,old20,n357,lead ball,clue_object,0,False,False,,,False,False
40,old20,n358,staircase wall,clue_object,1,False,False,,,False,False
40,old20,n359,room,location,1,False,False,,,False,False
40,old20,n360,window,clue_object,1,False,False,,,False,False
40,old20,n361,Sagara,person,1,False,False,,,False,False
40,old20,n362,Masaki,person,0,False,False,,,False,False
40,old20,n363,Baishi,person,0,False,False,,,False,False
40,old20,n364,Yayoi,person,2,False,False,,,False,True
40,old20,n365,Lisa Takaishi,person,1,False,False,,,False,False
40,old20,n366,chief,person,0,False,False,,,False,False
40,old20,n367,Kikuoka Saeko,person,2,False,False,,,True,True
40,old20,n368,the caller,person,1,False,False,,,False,False
40,old20,n369,the door,location,3,False,False,,,True,True
40,old20,n370,Kajiwara,person,3,False,False,,,True,True
40,old20,n371,Shu Fukuzawa,person,0,False,False,,,False,False
40,old20,n372,Ipsilon members,person,0,False,False,,,False,False
40,old20,n373,Shinobu Kawai,person,1,False,False,,,False,False
40,old20,n374,Yuria's residence,location,1,False,False,,,False,False
40,old20,n375,Kaigaku,person,1,False,False,,,False,False
40,old20,n376,Koukou station,location,0,False,False,,,False,False
40,old20,n377,Nanwu line ticket gate,location,0,False,False,,,False,False
40,old20,n378,East Urgent and Nanwu lines intersection,event,0,False,False,,,False,False
40,old20,n379,Koukou station ticket gate,location,0,False,False,,,False,False
40,old20,n380,parents,person,1,False,False,,,False,False
40,old20,n381,hospital management system,clue_object,1,False,False,,,False,False
40,old20,n382,incident,event,1,False,False,,,False,False
40,old20,n383,daughter,person,1,False,False,,,False,False
40,old20,n384,Tokyo District Court,location,1,False,False,,,False,False
40,old20,n385,lawsuit,event,2,False,False,,,False,False
40,old20,n386,compensation,clue_object,1,False,False,,,False,False
40,old20,n387,First Hospital of New Field University,location,0,False,False,,,False,False
40,old20,n388,Shinjuku Ward,location,0,False,False,,,False,False
40,old20,n389,Miyamoto Haruhiko,person,0,False,False,,,False,False
40,old20,n391,swimming ring,clue_object,2,False,False,,,True,True
40,old20,n392,Möbius strip,clue_object,2,False,False,,,True,True
40,old20,n393,swimming pool,location,0,False,False,,,False,False
40,old20,n394,amusement park,location,2,False,False,,,True,True
40,old20,n395,Jitada,person,1,False,False,,,False,False
40,old20,n396,Kikuta,person,2,False,False,,,False,False
40,old20,n397,red pencil,clue_object,1,False,False,,,False,False
40,old20,n398,Kiyota,person,2,False,False,,,True,True
40,old20,n399,Kefu,person,1,False,False,,,False,False
40,old20,n400,documents,clue_object,1,False,False,,,False,False
40,old20,n401,game novel,clue_object,1,False,False,,,False,False
40,old20,n402,Texas,location,0,False,False,,,False,False
40,old20,n403,inmates,person,0,False,False,,,False,False
40,old20,n404,Klein Memorial Hospital fire,event,0,False,False,,,False,False
40,old20,n405,hospital where the inmates were housed,location,0,False,False,,,False,False
40,old20,n406,"Sherman, Texas",location,0,False,False,,,False,False
40,old20,n407,car crash,event,1,False,False,,,False,False
40,old20,n408,Jiyuta,person,0,False,False,,,False,False
40,old20,n409,Gifta,person,0,False,False,,,False,False
40,old20,n410,Natsuko,person,0,False,False,,,False,False
40,old20,n411,TV station building,location,0,False,False,,,False,False
40,old20,n412,pot,clue_object,1,False,False,,,False,False
40,old20,n413,mirror,clue_object,2,False,False,,,False,True
40,old20,n414,beard,clue_object,1,False,False,,,False,False
40,old20,n415,nails,clue_object,1,False,False,,,False,False
40,old20,n416,sebum,clue_object,1,False,False,,,False,False
40,old20,n417,Baizai Shunfu,person,1,False,False,,,False,False
40,old20,n418,consciousness,clue_object,1,True,False,4135,,False,False
40,old20,n419,mountains,location,1,True,False,4135,,False,False
40,old20,n420,clock,clue_object,1,False,False,,,False,False
40,old20,n421,whisky bottle,clue_object,0,False,False,,,False,False
40,old20,n422,bottle,clue_object,1,False,False,,,False,False
40,old20,n423,statue,clue_object,1,False,False,,,False,False
40,old20,n424,black soldier,person,1,False,False,,,False,False
40,old20,n425,hallway,location,1,False,False,,,False,False
40,old20,n426,doorbell,clue_object,1,False,False,,,False,False
40,old20,n427,Seiko,person,1,False,False,,,False,False
40,old20,n428,Kamijou,person,4,False,False,,,True,True
40,old20,n430,Kamijou's suggestion,event,1,False,False,,,False,False
40,old20,n431,glitch,event,2,False,False,,,True,True
40,old20,n432,"winding, dimly lit passage",location,1,False,False,,,False,False
40,old20,n433,Fengbu,person,0,False,False,,,False,False
40,old20,n434,Epsilon Corporation,location,0,False,False,,,False,False
40,old20,n435,Ipsilon,clue_object,0,False,False,,,False,False
40,old20,n436,Tokai Central Hospital,location,1,False,False,,,False,False
40,old20,n437,missing persons,clue_object,0,False,False,,,False,False
40,old20,n438,Hanbei,person,0,False,False,,,False,False
40,old20,n439,waiter,person,0,False,False,,,False,False
40,old20,n440,roller coaster,clue_object,0,False,False,,,False,False
40,old20,n441,Roller coasters,clue_object,0,False,False,,,False,False
40,old20,n442,Fujisaki-san,person,1,False,False,,,False,False
40,old20,n443,Fengpu,person,1,False,False,,,False,False
40,old20,n444,Mr. Tsutsumi,person,1,False,False,,,False,False
40,old20,n445,Sagami,person,2,False,False,,,False,False
40,old20,n446,Fujita,person,2,False,False,,,True,True
40,old20,n447,box-shaped car,clue_object,4,True,True,1288;3180;3683,3683,True,True
40,old20,n448,iron garage door,clue_object,0,False,False,,,False,False
40,old20,n449,rollers,clue_object,2,False,False,,,True,True
40,old20,n450,iron plates,clue_object,2,False,False,,,True,True
40,old20,n451,rear seat window,clue_object,1,False,False,,,False,False
40,old20,n452,Kajitaguchi,person,2,False,False,,,False,True
40,old20,n453,driver's seat,location,0,False,False,,,False,False
40,old20,n454,iron floorboards,clue_object,0,False,False,,,False,False
40,old20,n455,white concrete floor,clue_object,0,False,False,,,False,False
40,old20,n456,iron beam,clue_object,0,False,False,,,False,False
40,old20,n457,Institute for Research on Epsilon,location,0,False,False,,,False,False
40,old20,n458,simulation driving device,clue_object,1,False,False,,,False,False
40,old20,n459,white Nissan Bluebird,clue_object,3,True,False,2988,,False,False
40,old20,n460,JR Iwakura Station,location,1,False,False,,,False,False
40,old20,n461,bus transfer station,location,1,False,False,,,False,False
40,old20,n462,Yamanashi Street,location,1,False,False,,,False,False
40,old20,n463,Tama River,location,0,False,False,,,False,False
40,old20,n464,Kumamoto,location,1,False,False,,,False,False
40,old20,n465,roundabout,location,0,False,False,,,False,False
40,old20,n466,Tama River Bridge,location,1,False,False,,,False,False
40,old20,n467,Takashimaya,location,2,False,False,,,False,False
40,old20,n468,fountain square,location,0,False,False,,,False,False
40,old20,n469,new part-timer,person,0,False,False,,,False,False
40,old20,n470,narrow alleyway at the back of the office,location,1,False,False,,,False,False
40,old20,n471,one-way road exit,location,1,False,False,,,False,False
40,old20,n472,Fujima,person,1,False,False,,,False,False
40,old20,n473,Dr. Bader,person,1,False,False,,,False,False
40,old20,n474,Aya Sasaki,person,1,False,False,,,False,False
40,old20,n475,Rei Asakura,person,0,False,False,,,False,False
40,old20,n476,Kagawa Yoshino,person,1,False,False,,,False,False
40,old20,n477,ropes,clue_object,0,False,False,,,False,False
40,old20,n478,cabinet,location,4,False,False,,,False,True
40,old20,n479,top shelf,clue_object,1,False,False,,,False,False
40,old20,n480,bottom shelf,clue_object,1,False,False,,,False,False
40,old20,n481,protrusion,clue_object,2,False,False,,,False,True
40,old20,n482,motor,clue_object,2,False,False,,,False,True
40,old20,n483,partition,clue_object,2,False,False,,,False,True
40,old20,n484,strange room,location,2,False,False,,,False,True
40,old20,n485,filing boxes,clue_object,0,False,False,,,False,False
40,old20,n486,water dispenser,clue_object,0,False,False,,,False,False
40,old20,n487,papers,clue_object,0,False,False,,,False,False
40,old20,n488,Jitto,person,0,False,False,,,False,False
40,old20,n489,Kou Ibara,person,0,False,False,,,False,False
40,old20,n490,filing box,clue_object,0,False,False,,,False,False
40,old20,n491,KLEIN2,person,0,False,False,,,False,False
40,old20,n492,files,clue_object,2,False,False,,,False,True
40,old20,n493,organizer,clue_object,5,False,False,,,True,True
40,old20,n494,Yashiro,person,1,False,False,,,False,False
40,old20,n495,Kajikura-san,person,1,False,False,,,False,False
40,old20,n496,Guemiko,person,1,False,False,,,False,False
40,old20,n497,shelving area,location,3,False,False,,,True,True
40,old20,n498,floor,clue_object,1,False,False,,,False,False
40,old20,n499,concrete,clue_object,1,False,False,,,False,False
40,old20,n500,warehouse,location,0,False,False,,,False,False
40,old20,n501,iron shelf,clue_object,2,False,False,,,True,True
40,old20,n502,storage cabinets,clue_object,1,False,False,,,False,False
40,old20,n503,left cabinet door,clue_object,1,False,False,,,False,False
53,old20,n1,Dr. Jenning,person,22,True,False,460,,True,True
53,old20,n2,Morris Kenzel,person,0,False,False,,,False,False
53,old20,n3,Austrian hospital,location,1,False,False,,,False,False
53,old20,n4,special laboratory,clue_object,1,False,False,,,False,False
53,old20,n5,newspaper (Peter Harper's report),clue_object,0,False,False,,,False,False
53,old20,n6,Inspector Quin,person,14,False,False,,,True,True
53,old20,n7,New York police commissioner,person,0,False,False,,,False,False
53,old20,n8,Mayor of New York,person,0,False,False,,,False,False
53,old20,n9,Jenna,person,0,False,False,,,False,False
53,old20,n10,he,person,1,False,False,,,False,False
53,old20,n11,private office at the hospital,location,1,False,False,,,False,False
53,old20,n12,deputy inspector's ear,clue_object,0,False,False,,,False,False
53,old20,n13,Officer Quinn,person,0,False,False,,,False,False
53,old20,n14,Chief Inspector Vilis,person,0,False,False,,,False,False
53,old20,n15,district attorney,person,1,False,False,,,False,False
53,old20,n16,Schwarzson,person,0,False,False,,,False,False
53,old20,n17,Sampson,person,0,False,False,,,False,False
53,old20,n18,Maurice,person,0,False,False,,,False,False
53,old20,n19,New York City,location,0,False,False,,,False,False
53,old20,n20,Chesterport,location,0,False,False,,,False,False
53,old20,n21,Dutch Memorial Hospital,location,6,True,True,2175,2175,True,True
53,old20,n22,canvas Oxford shoes,clue_object,0,False,False,,,False,False
53,old20,n24,Isaac Cooper,person,1,False,False,,,False,False
53,old20,n25,Schwartz,person,2,False,False,,,True,True
53,old20,n26,Velli,person,2,False,False,,,True,True
53,old20,n27,police officer,person,7,False,False,,,True,True
53,old20,n28,hospital,location,16,True,True,75;78;1343;1599;2175;2264,2175;2264,True,True
53,old20,n29,lounge,location,1,False,False,,,False,False
53,old20,n30,elevator,clue_object,1,False,False,,,False,False
53,old20,n31,office,location,3,False,False,,,True,True
53,old20,n32,corridor,location,2,False,False,,,False,False
53,old20,n34,Quinn,person,0,False,False,,,False,False
53,old20,n35,Platt,person,0,False,False,,,False,False
53,old20,n36,Thomas,person,0,False,False,,,False,False
53,old20,n37,Ellery,person,32,False,False,,,True,True
53,old20,n38,Jenny,person,6,False,False,,,True,True
53,old20,n39,Pluto,person,0,False,False,,,False,False
53,old20,n40,the dead man,clue_object,1,False,False,,,False,False
53,old20,n41,the wire,clue_object,0,False,False,,,False,False
53,old20,n42,stretcher,clue_object,0,False,False,,,False,False
53,old20,n43,Cooper,person,2,False,False,,,True,True
53,old20,n45,Mowhouse,person,1,False,False,,,False,False
53,old20,n46,Officer Molan,person,0,False,False,,,False,False
53,old20,n48,Miss Price,person,6,False,False,,,True,True
53,old20,n49,Officer Molan (duty),location,0,False,False,,,False,False
53,old20,n50,Room,location,9,False,False,,,True,True
53,old20,n51,Ward,location,0,False,False,,,False,False
53,old20,n52,Michael Cadge,person,1,False,False,,,False,False
53,old20,n53,Dr. Penney,person,3,False,False,,,True,True
53,old20,n54,Moran,person,1,False,False,,,False,False
53,old20,n55,Jenning,person,1,False,False,,,False,False
53,old20,n56,Kensel's lab,location,0,False,False,,,False,False
53,old20,n57,Obstetrics department,location,0,False,False,,,False,False
53,old20,n58,Room 328,location,1,False,False,,,False,False
53,old20,n59,warzen,person,0,False,False,,,False,False
53,old20,n61,Schwarzen,person,0,False,False,,,False,False
53,old20,n62,Mrs. Dunn,person,1,False,False,,,False,False
53,old20,n63,Coroner,person,0,False,False,,,False,False
53,old20,n64,Dr. Morris Kenzel,person,3,False,False,,,False,True
53,old20,n65,Mrs. Dow,person,1,False,False,,,False,False
53,old20,n66,Officer Litt,person,1,False,False,,,False,False
53,old20,n68,Abby,person,2,False,False,,,True,True
53,old20,n69,Gini,person,2,False,False,,,True,True
53,old20,n70,Fourth Party,clue_object,2,False,False,,,True,True
53,old20,n71,X,clue_object,2,False,False,,,True,True
53,old20,n72,Roman gods,person,0,False,False,,,False,False
53,old20,n73,Juana,person,1,False,False,,,False,False
53,old20,n74,Peter,person,1,False,False,,,False,False
53,old20,n77,Martinique,location,0,False,False,,,False,False
53,old20,n78,pawn ticket,clue_object,0,False,False,,,False,False
53,old20,n79,twenty-year-old insurance policy,clue_object,0,False,False,,,False,False
53,old20,n80,price tag from a cheap coat worn by a woman,clue_object,0,False,False,,,False,False
53,old20,n81,pack of cigarette paper,clue_object,0,False,False,,,False,False
53,old20,n82,remarkable treasure,clue_object,0,False,False,,,False,False
53,old20,n83,Dr. Tanning,person,1,False,False,,,False,False
53,old20,n84,Sarah,person,0,False,False,,,False,False
53,old20,n85,Mrs. Dove,person,0,False,False,,,False,False
53,old20,n86,Hilda,person,2,False,False,,,False,True
53,old20,n87,Philip Maurice,person,0,False,False,,,False,False
53,old20,n88,Detective Inspector Quinn,person,0,False,False,,,False,False
53,old20,n90,Inspector Quinns,person,2,False,False,,,False,False
53,old20,n91,Filing cabinet,clue_object,6,False,False,,,True,True
53,old20,n92,Typewriter,clue_object,0,False,False,,,False,False
53,old20,n93,Window,clue_object,0,False,False,,,False,False
53,old20,n94,Desk,clue_object,0,False,False,,,False,False
53,old20,n96,old man,person,2,False,False,,,False,True
53,old20,n97,nurse's typewriter,clue_object,1,False,False,,,False,False
53,old20,n98,Mayor,person,4,False,False,,,True,True
53,old20,n99,secretaries,person,1,False,False,,,False,False
53,old20,n100,Officer's office,location,3,False,False,,,True,True
53,old20,n101,Chairs,clue_object,2,False,False,,,True,True
53,old20,n102,Police commissioner,person,1,False,False,,,False,False
53,old20,n103,Peter Harper,person,2,False,False,,,True,True
53,old20,n104,Juno,person,2,False,False,,,True,True
53,old20,n105,Commissioner's chair,clue_object,1,False,False,,,False,False
53,old20,n106,Dr. Margin,person,1,False,False,,,False,False
53,old20,n107,Dr. Bayers,person,0,False,False,,,False,False
53,old20,n108,Nurse Grace Oberman,person,0,False,False,,,False,False
53,old20,n109,'Big Mac' suspect,person,0,False,False,,,False,False
53,old20,n111,shoelace,clue_object,5,True,False,612,,True,True
53,old20,n112,shoes,clue_object,9,True,False,642,,True,True
53,old20,n113,duct tape,clue_object,1,False,False,,,False,False
53,old20,n114,imposter,person,2,False,False,,,True,True
53,old20,n115,professional,person,0,False,False,,,False,False
53,old20,n116,killer,person,2,False,False,,,True,True
53,old20,n117,tape,clue_object,3,False,False,,,True,True
53,old20,n118,shoe tongues,clue_object,0,False,False,,,False,False
53,old20,n119,lace condition,clue_object,0,False,False,,,False,False
53,old20,n120,shoe,clue_object,5,True,False,2182,,True,True
53,old20,n121,child,person,1,True,False,2182,,False,False
53,old20,n122,very short man,person,1,True,False,2182,,False,False
53,old20,n123,woman of medium height,person,1,True,False,2182,,False,False
53,old20,n124,shoelaces,clue_object,1,False,False,,,False,False
53,old20,n125,phone booth,location,2,False,False,,,True,True
53,old20,n126,adhesive,clue_object,1,True,False,618,,False,False
53,old20,n127,rolled-up laces,clue_object,1,False,False,,,False,False
53,old20,n128,rolled-up pant leg,clue_object,1,False,False,,,False,False
53,old20,n129,Schwarz,person,0,False,False,,,False,False
53,old20,n130,white lab coat,clue_object,1,False,False,,,False,False
53,old20,n131,white pants,clue_object,1,False,False,,,False,False
53,old20,n132,Genji,person,0,False,False,,,False,False
53,old20,n133,Cadeaux gang,person,1,False,False,,,False,False
53,old20,n134,Muhlhaus,person,1,False,False,,,False,False
53,old20,n135,Dorn,person,1,False,False,,,False,False
53,old20,n136,Dr. John Mignon,person,1,False,False,,,False,False
53,old20,n137,86th Street near Broadway,location,0,False,False,,,False,False
53,old20,n138,shoe laces,clue_object,1,False,False,,,False,False
53,old20,n139,operating room,location,10,False,False,,,True,True
53,old20,n140,pants,clue_object,3,False,False,,,True,True
53,old20,n141,the caller,person,1,False,False,,,False,False
53,old20,n142,inspector,person,2,False,False,,,False,True
53,old20,n143,Central Street,location,1,False,False,,,False,False
53,old20,n144,the police station,location,3,False,False,,,True,True
53,old20,n145,137th building,location,0,False,False,,,False,False
53,old20,n146,yellow-brick building,location,0,False,False,,,False,False
53,old20,n147,the patient,person,2,False,False,,,True,True
53,old20,n148,James Paraddis,person,3,False,False,,,True,True
53,old20,n149,Sugawara,person,0,False,False,,,False,False
53,old20,n150,Nurse Oberman,person,1,False,False,,,False,False
53,old20,n151,Edith Tanning,person,1,False,False,,,False,False
53,old20,n152,Eberhart,person,0,False,False,,,False,False
53,old20,n153,Dr. Doe,person,0,False,False,,,False,False
53,old20,n154,Detective Quin,person,1,False,False,,,False,False
53,old20,n155,Ellery Quin,person,1,False,False,,,False,False
53,old20,n156,officer,person,1,False,False,,,False,False
53,old20,n157,Dr. Kessel,person,1,False,False,,,False,False
53,old20,n158,Junior,person,0,False,False,,,False,False
53,old20,n159,notebook,clue_object,1,False,False,,,False,False
53,old20,n160,item,clue_object,0,False,False,,,False,False
53,old20,n161,small glass envelope,clue_object,0,False,False,,,False,False
53,old20,n162,metal box,clue_object,0,False,False,,,False,False
53,old20,n163,package,clue_object,0,False,False,,,False,False
53,old20,n164,trinkets,clue_object,0,False,False,,,False,False
53,old20,n165,Dr. Jenna,person,1,False,False,,,False,False
53,old20,n166,murder case,event,0,False,False,,,False,False
53,old20,n167,rubber tape,clue_object,1,True,False,612,,False,False
53,old20,n168,file cabinet,clue_object,0,False,False,,,False,False
53,old20,n169,Dr. Jeni's office,location,0,False,False,,,False,False
53,old20,n170,Mrs. Dunn's case,event,0,False,False,,,False,False
53,old20,n171,Mrs. Down,person,0,False,False,,,False,False
53,old20,n172,Dr. Gould,person,1,False,False,,,False,False
53,old20,n173,The surgical preparation room,location,3,False,False,,,True,True
53,old20,n174,Anesthesia room,location,4,False,False,,,True,True
53,old20,n175,South and east corridors,location,0,False,False,,,False,False
53,old20,n176,Phone booth near the elevator,location,0,False,False,,,False,False
53,old20,n177,New York City's Police Commissioner Quin,person,0,False,False,,,False,False
53,old20,n180,old lady,person,2,False,False,,,True,True
53,old20,n181,New York Police Department,location,3,False,False,,,True,True
53,old20,n182,roll of paper,clue_object,0,False,False,,,False,False
53,old20,n183,grandest building of all,location,0,False,False,,,False,False
53,old20,n184,Marble spiral staircase,clue_object,1,False,False,,,False,False
53,old20,n185,Massive iron doors,clue_object,1,False,False,,,False,False
53,old20,n186,Marble platform,location,4,False,False,,,False,False
53,old20,n187,"Silent, high-ceilinged foyer",location,3,False,False,,,False,False
53,old20,n188,White marble floor,clue_object,1,False,False,,,False,False
53,old20,n189,"Thick, dark enamel-covered walls",clue_object,1,False,False,,,False,False
53,old20,n190,Elevator entrance,location,1,False,False,,,False,False
53,old20,n191,Glass revolving door,clue_object,1,False,False,,,False,False
53,old20,n192,Bright light,clue_object,1,False,False,,,False,False
53,old20,n193,Disinfectant smell,clue_object,0,False,False,,,False,False
53,old20,n194,"Phenol, mercury, and alcohol",clue_object,0,False,False,,,False,False
53,old20,n195,Old detective,person,0,False,False,,,False,False
53,old20,n196,Dr. Lucius Tanning,person,1,False,False,,,False,False
53,old20,n197,Resting Room,location,1,False,False,,,False,False
53,old20,n198,Dr. John Ming,person,1,False,False,,,False,False
53,old20,n200,Large desk,clue_object,2,False,False,,,True,True
53,old20,n201,Cabinets,clue_object,1,False,False,,,False,False
53,old20,n202,Metal medical instruments,clue_object,0,False,False,,,False,False
53,old20,n203,Bookshelf,clue_object,1,False,False,,,False,False
53,old20,n204,Filing cabinets,clue_object,1,False,False,,,False,False
53,old20,n205,Mingqin,person,1,False,False,,,False,False
53,old20,n206,waiting room,location,1,False,False,,,False,False
53,old20,n207,observation gallery,location,6,False,False,,,True,True
53,old20,n208,on-call physician,person,1,False,False,,,False,False
53,old20,n209,Mrs. Dougherty,person,1,False,False,,,False,False
53,old20,n210,Philip Möhle,person,1,False,False,,,False,False
53,old20,n211,Helga,person,1,False,False,,,False,False
53,old20,n212,Abigail,person,4,False,False,,,False,True
53,old20,n213,old master,person,1,False,False,,,False,False
53,old20,n214,East Corridor,location,3,False,False,,,True,True
53,old20,n215,raccoon fur coat,clue_object,1,False,False,,,False,False
53,old20,n216,young man,person,1,False,False,,,False,False
53,old20,n217,cases,clue_object,0,False,False,,,False,False
53,old20,n218,doctor,person,5,False,False,,,False,True
53,old20,n219,safe,clue_object,1,False,False,,,False,False
53,old20,n220,ys,person,1,False,False,,,False,False
53,old20,n221,cold metal,clue_object,5,False,False,,,True,True
53,old20,n222,warm flesh,clue_object,3,False,False,,,True,True
53,old20,n223,blood vessels,clue_object,3,False,False,,,True,True
53,old20,n224,fresh red blood,clue_object,3,False,False,,,True,True
53,old20,n226,Mingjing,person,1,False,False,,,False,False
53,old20,n227,Philip Muhous,person,3,False,False,,,True,True
53,old20,n228,hospital's interns and nurses,clue_object,0,False,False,,,False,False
53,old20,n229,lecture hall,location,0,False,False,,,False,False
53,old20,n230,north corridor,location,1,False,False,,,False,False
53,old20,n231,Fowler,person,2,False,False,,,False,True
53,old20,n232,Hendrik Dorn,person,1,False,False,,,False,False
53,old20,n233,an elderly man in a white coat,person,1,False,False,,,False,False
53,old20,n234,an intern,person,2,False,False,,,False,True
53,old20,n235,the medical staff,clue_object,1,False,False,,,False,False
53,old20,n236,the elderly man in a white coat,person,1,False,False,,,False,False
53,old20,n237,the main operating theater,location,10,False,False,,,True,True
53,old20,n238,the assistant surgeon,person,1,False,False,,,False,False
53,old20,n239,Elly,person,0,False,False,,,False,False
53,old20,n240,Old woman,person,0,False,False,,,False,False
53,old20,n241,Dr. Jones,person,1,False,False,,,False,False
53,old20,n242,"Millionaire, philanthropist, socialite, businesswoman",person,2,False,False,,,False,True
53,old20,n243,Dr. Leslie,person,4,False,False,,,True,True
53,old20,n244,Operating preparation room,location,1,False,False,,,False,False
53,old20,n245,Mr. Quinn,person,3,False,False,,,True,True
53,old20,n246,disinfection room,location,3,False,False,,,True,True
53,old20,n247,Dr. Murchison,person,3,False,False,,,True,True
53,old20,n248,operating room preparation room,location,1,False,False,,,False,False
53,old20,n249,poor old woman,person,0,False,False,,,False,False
53,old20,n250,two doctors,person,0,False,False,,,False,False
53,old20,n251,old policeman,person,0,False,False,,,False,False
53,old20,n252,Willi,person,0,False,False,,,False,False
53,old20,n253,Philip Mowhouse,person,0,False,False,,,False,False
53,old20,n254,Dr. Teng,person,0,False,False,,,False,False
53,old20,n255,Dr. Teng's daughter,person,0,False,False,,,False,False
53,old20,n256,Richie,person,0,False,False,,,False,False
53,old20,n257,Dr. Jenkins,person,0,False,False,,,False,False
53,old20,n258,Dr. Biers,person,2,False,False,,,False,True
53,old20,n259,silver pencil,clue_object,0,False,False,,,False,False
53,old20,n260,right shoe,clue_object,0,False,False,,,False,False
53,old20,n261,white shoelace,clue_object,0,False,False,,,False,False
53,old20,n262,shoe lace hole,clue_object,0,True,False,612,,False,False
53,old20,n263,shoe lace knot,clue_object,0,False,False,,,False,False
53,old20,n264,Ellery's father,person,0,False,False,,,False,False
53,old20,n265,shoelace break,clue_object,0,False,False,,,False,False
53,old20,n266,Piggett,person,0,False,False,,,False,False
53,old20,n267,missing shoe tongue,clue_object,0,False,False,,,False,False
53,old20,n268,Jenny doctor,person,0,False,False,,,False,False
53,old20,n269,Dr. John Minge,person,1,False,False,,,False,False
53,old20,n270,hospital ground floor,location,1,False,False,,,False,False
53,old20,n271,Markham,person,3,False,False,,,True,True
53,old20,n272,Johnson,person,2,False,False,,,False,True
53,old20,n273,Miss Tennings,person,3,False,False,,,True,True
53,old20,n274,Miss Dougherty,person,0,False,False,,,False,False
53,old20,n275,Mr. Dougherty,person,0,False,False,,,False,False
53,old20,n276,Miss Fowler,person,1,False,False,,,False,False
53,old20,n277,Mowat,person,2,False,False,,,False,True
53,old20,n278,Vierling,person,0,False,False,,,False,False
53,old20,n279,city police,location,0,False,False,,,False,False
53,old20,n280,local police,location,0,False,False,,,False,False
53,old20,n281,Moses the Prophet,person,0,False,False,,,False,False
53,old20,n282,Mrs. Abigail,person,2,False,False,,,False,True
53,old20,n283,the first will,clue_object,1,False,False,,,False,False
53,old20,n284,Mo Hao,person,1,False,False,,,False,False
53,old20,n285,Quin,person,1,False,False,,,False,False
53,old20,n286,the research work,clue_object,0,False,False,,,False,False
53,old20,n287,Jini,person,0,False,False,,,False,False
53,old20,n288,Mrs. Dorn,person,1,False,False,,,False,False
53,old20,n289,Mrs. Fowler,person,1,False,False,,,False,False
53,old20,n291,Dr. Kensal,person,0,False,False,,,False,False
53,old20,n292,Mr. Queene,person,0,False,False,,,False,False
53,old20,n293,the door,clue_object,0,False,False,,,False,False
53,old20,n294,a chair,clue_object,0,False,False,,,False,False
53,old20,n295,Vienna Zubik Research Center,location,1,False,False,,,False,False
53,old20,n296,Paris old Quartz Research Center,location,1,False,False,,,False,False
53,old20,n297,Massachusetts Institute of Technology (MIT),location,2,False,False,,,True,True
53,old20,n298,alloy,clue_object,10,False,False,,,True,True
53,old20,n299,steel,clue_object,1,False,False,,,False,False
53,old20,n300,safes,clue_object,1,False,False,,,False,False
53,old20,n301,walls of the lab,clue_object,1,False,False,,,False,False
53,old20,n302,state-of-the-art safes,clue_object,1,False,False,,,False,False
53,old20,n303,security measures,clue_object,1,False,False,,,False,False
53,old20,n304,new and unbiased imagination,event,0,False,False,,,False,False
53,old20,n305,the open window,clue_object,0,False,False,,,False,False
53,old20,n306,the crime,event,1,False,False,,,False,False
53,old20,n307,American Bureau of Mines,location,1,False,False,,,False,False
53,old20,n308,largest steel group in the Americas,location,1,False,False,,,False,False
53,old20,n309,Mrs. Dowen,person,0,False,False,,,False,False
53,old20,n310,Dunn,person,1,False,False,,,False,False
53,old20,n311,Sarah Fowler,person,1,False,False,,,False,False
53,old20,n313,Napoleon,person,0,False,False,,,False,False
53,old20,n314,Mrs. Fawler,person,0,False,False,,,False,False
53,old20,n315,District Attorney Sampson,person,0,False,False,,,False,False
53,old20,n316,Harper,person,1,False,False,,,False,False
53,old20,n317,Manhattan West District,location,1,False,False,,,False,False
53,old20,n318,Stone tower headquarters,location,2,False,False,,,False,False
53,old20,n319,Dr. Penini,person,1,False,False,,,False,False
53,old20,n321,Little,person,1,False,False,,,False,False
53,old20,n322,Dad,person,0,False,False,,,False,False
53,old20,n323,Jennie,person,0,False,False,,,False,False
53,old20,n324,Charles van der Donk,person,1,False,False,,,False,False
53,old20,n325,Miss Oberman,person,1,False,False,,,False,False
53,old20,n326,Hendrik Dove,person,1,False,False,,,False,False
53,old20,n327,Dr. Lucas Tanning,person,1,False,False,,,False,False
53,old20,n328,Morris Cohen,person,2,False,False,,,False,False
53,old20,n329,Central Station,location,1,False,False,,,False,False
53,old20,n330,Trenton Hotel,location,1,False,False,,,False,False
53,old20,n331,"Tuesday, 11:45 a.m.",time_anchor,0,False,False,,,False,False
53,old20,n332,John,person,0,False,False,,,False,False
53,old20,n333,Geni,person,0,False,False,,,False,False
53,old20,n334,the anesthesia room door,clue_object,1,False,False,,,False,False
53,old20,n335,Dr. Ting,person,2,False,False,,,False,False
53,old20,n336,Sarah Fulton,person,1,False,False,,,False,False
53,old20,n337,Helga Dawn,person,0,False,False,,,False,False
53,old20,n338,Edith,person,1,False,False,,,False,False
53,old20,n339,Medicine cabinet,clue_object,1,False,False,,,False,False
53,old20,n340,Strange lead sketch,clue_object,1,False,False,,,False,False
53,old20,n341,Sarah Furler,person,0,False,False,,,False,False
53,old20,n342,Dr. Jenni,person,0,True,True,255;460;461;769;2261,2261,False,False
53,old20,n343,Dr. Jinyi,person,1,False,False,,,False,False
53,old20,n344,Nurse,person,0,False,False,,,False,False
53,old20,n345,Living Room,location,2,False,False,,,False,True
53,old20,n346,Willie,person,0,False,False,,,False,False
53,old20,n347,Charity,person,1,False,False,,,False,False
53,old20,n348,Kensel guy,person,0,False,False,,,False,False
53,old20,n349,local police and detectives,person,0,False,False,,,False,False
53,old20,n350,Queen (Detective),person,0,False,False,,,False,False
53,old20,n351,"Queen (Detective, Detective) (Detective Queen)",person,0,False,False,,,False,False
53,old20,n352,Lieutenant Leit,person,0,False,False,,,False,False
53,old20,n353,Hesse,person,0,False,False,,,False,False
53,old20,n354,Reporters,person,0,False,False,,,False,False
53,old20,n355,Borough President,person,2,False,False,,,False,True
53,old20,n356,Mike Caddis,person,1,False,False,,,False,False
53,old20,n358,sketch,clue_object,0,False,False,,,False,False
53,old20,n359,policeman,person,0,False,False,,,False,False
53,old20,n360,surgery preparation room,location,0,False,False,,,False,False
53,old20,n361,Ming Ching,person,0,False,False,,,False,False
53,old20,n362,white medicine cabinet,clue_object,0,False,False,,,False,False
53,old20,n363,drawer,clue_object,0,False,False,,,False,False
53,old20,n364,labels,clue_object,0,False,False,,,False,False
53,old20,n365,drawer contents,clue_object,0,False,False,,,False,False
56,old20,n1,the gentleman with the multicolored mustache,person,1,False,False,,,False,False
56,old20,n2,Inspector,person,10,False,False,,,True,True
56,old20,n3,Sam,person,19,False,False,,,True,True
56,old20,n4,d,person,6,False,False,,,True,True
56,old20,n5,Petty,person,7,False,False,,,True,True
56,old20,n6,envelope,clue_object,3,False,False,,,True,True
56,old20,n7,curly hairs,clue_object,3,False,False,,,True,True
56,old20,n8,beard,clue_object,3,False,False,,,True,True
56,old20,n9,glasses,clue_object,3,False,False,,,True,True
56,old20,n10,clothes,clue_object,3,False,False,,,True,True
56,old20,n11,Perkins,person,10,False,False,,,True,True
56,old20,n12,Maine,location,1,False,False,,,False,False
56,old20,n14,Percy,person,14,False,False,,,True,True
56,old20,n16,Donohue,person,8,False,False,,,True,True
56,old20,n17,Hamlet's Castle,location,0,False,False,,,False,False
56,old20,n18,New York Police Department's Detective Bureau,location,0,False,False,,,False,False
56,old20,n19,Times Square,location,0,False,False,,,False,False
56,old20,n20,Mr. Fisher,person,7,False,False,,,True,True
56,old20,n21,passenger,person,0,False,False,,,False,False
56,old20,n22,Miss Saunders,person,1,False,False,,,False,False
56,old20,n23,Sergeant Percy,person,2,False,False,,,True,True
56,old20,n25,Miss Brody,person,3,False,False,,,False,False
56,old20,n26,bus driver,person,0,False,False,,,False,False
56,old20,n27,Theophile (Rivoli Bus Company manager),person,1,False,False,,,False,False
56,old20,n28,George Fisher (2),clue_object,0,False,False,,,False,False
56,old20,n29,Donohue (3),clue_object,2,False,False,,,True,True
56,old20,n30,Narrator's father,person,2,False,False,,,False,True
56,old20,n31,Park Hill,location,1,False,False,,,False,False
56,old20,n32,Square,location,1,False,False,,,False,False
56,old20,n33,Parkside restaurant,location,1,False,False,,,False,False
56,old20,n34,Concierge cowering in the lobby,person,0,False,False,,,False,False
56,old20,n35,Apollo,person,1,False,False,,,False,False
56,old20,n36,Officer Petty,person,2,False,False,,,True,True
56,old20,n37,Sergeant,person,9,False,False,,,True,True
56,old20,n38,Donahue's place,location,0,False,False,,,False,False
56,old20,n39,Museum,location,1,False,False,,,False,False
56,old20,n40,The man holding the phone in the booth,person,2,False,False,,,True,True
56,old20,n41,Theophile,person,0,False,False,,,False,False
56,old20,n42,Pechin,person,1,False,False,,,False,False
56,old20,n43,Shakespeare's portrait,clue_object,0,False,False,,,False,False
56,old20,n44,The door,clue_object,0,False,False,,,False,False
56,old20,n45,Shakespeare's nose,clue_object,0,False,False,,,False,False
56,old20,n46,Hamlet Manor,location,3,False,False,,,True,True
56,old20,n47,Public phone booth in a grocery store on the east side of Madison Avenue,clue_object,0,False,False,,,False,False
56,old20,n48,Philo Rain,person,2,False,False,,,True,True
56,old20,n49,Quasi,person,2,False,False,,,True,True
56,old20,n50,Bert,person,0,False,False,,,False,False
56,old20,n51,Rowe,person,1,False,False,,,False,False
56,old20,n52,Chief,person,1,False,False,,,False,False
56,old20,n53,Shakespeare,clue_object,1,False,False,,,False,False
56,old20,n54,museum entrance hall,location,0,False,False,,,False,False
56,old20,n55,small reception room,location,0,False,False,,,False,False
56,old20,n56,Ren,person,7,False,False,,,True,True
56,old20,n57,Dromio,person,4,False,False,,,False,True
56,old20,n58,Saxon room,location,2,False,False,,,False,True
56,old20,n59,broken glass cabinet,clue_object,0,False,False,,,False,False
56,old20,n60,Saxon Library,location,2,False,False,,,False,True
56,old20,n61,Passionate Pilgrim,clue_object,2,False,False,,,True,True
56,old20,n63,Richard Brome,person,1,False,False,,,False,False
56,old20,n64,Bartholomew Griffin,person,1,False,False,,,False,False
56,old20,n65,young man,person,2,False,False,,,False,True
56,old20,n66,Lane,person,2,False,False,,,False,True
56,old20,n67,Cadillac,clue_object,4,False,False,,,True,True
56,old20,n68,Manhattan,location,0,False,False,,,False,False
56,old20,n69,crowded Manhattan,location,0,False,False,,,False,False
56,old20,n70,"Braf City Council, Iowa",location,0,False,False,,,False,False
56,old20,n71,Saxon manor,location,0,False,False,,,False,False
56,old20,n73,France,location,0,False,False,,,False,False
56,old20,n74,inspector's office,location,0,False,False,,,False,False
56,old20,n75,a guy on the road,person,2,False,False,,,False,False
56,old20,n76,Thayer hospital,location,1,False,False,,,False,False
56,old20,n77,Thayer,location,1,False,False,,,False,False
56,old20,n79,Gordon,person,4,False,False,,,True,True
56,old20,n80,Seldrake brothers,person,1,False,False,,,False,False
56,old20,n81,the masked man,person,2,False,False,,,False,False
56,old20,n82,Alec,person,1,False,False,,,False,False
56,old20,n83,William,person,5,False,False,,,True,True
56,old20,n85,Dr. Martini,person,1,False,False,,,False,False
56,old20,n86,mustache,clue_object,0,False,False,,,False,False
56,old20,n87,note,clue_object,0,False,False,,,False,False
56,old20,n88,symbol,clue_object,0,False,False,,,False,False
56,old20,n89,colorblindness,clue_object,0,False,False,,,False,False
56,old20,n90,bomb,clue_object,2,False,False,,,True,True
56,old20,n91,documents,clue_object,2,False,False,,,True,True
56,old20,n92,Hamnet,person,3,False,False,,,True,True
56,old20,n93,Mr. Rowe,person,9,False,False,,,True,True
56,old20,n94,axe-wielder,person,2,False,False,,,True,True
56,old20,n95,document,clue_object,3,True,False,2449;2498;2608,,True,True
56,old20,n96,matchstick,clue_object,0,False,False,,,False,False
56,old20,n97,study,location,0,False,False,,,False,False
56,old20,n98,corridor,location,0,False,False,,,False,False
56,old20,n99,cellar,location,0,False,False,,,False,False
56,old20,n100,Sir Humphrey,person,0,False,False,,,False,False
56,old20,n101,Sadler brothers,person,1,False,False,,,False,False
56,old20,n102,Forty-fourth Street near Broadway,location,2,False,False,,,False,True
56,old20,n103,giant buses,clue_object,0,False,False,,,False,False
56,old20,n104,kiosk,location,1,False,False,,,False,False
56,old20,n105,Miss Perkins Sam,person,0,False,False,,,False,False
56,old20,n106,Dr. Hamnett Sedra,person,1,False,False,,,False,False
56,old20,n109,Roe,person,0,False,False,,,False,False
56,old20,n110,The old man,person,1,False,False,,,False,False
56,old20,n111,car,clue_object,0,False,False,,,False,False
56,old20,n112,alley,location,0,False,False,,,False,False
56,old20,n113,large vehicle,clue_object,0,False,False,,,False,False
56,old20,n114,trees,location,0,False,False,,,False,False
56,old20,n115,morning rain,clue_object,0,False,False,,,False,False
56,old20,n116,pebbles,clue_object,0,False,False,,,False,False
56,old20,n117,French wrestler,person,0,False,False,,,False,False
56,old20,n118,Marseille,location,0,False,False,,,False,False
56,old20,n119,entrance hall,location,0,False,False,,,False,False
56,old20,n120,small hallway,location,0,False,False,,,False,False
56,old20,n121,old chair,clue_object,0,False,False,,,False,False
56,old20,n122,umbrella stand,clue_object,0,False,False,,,False,False
56,old20,n123,small table,clue_object,0,False,False,,,False,False
56,old20,n124,living room,location,1,False,False,,,False,False
56,old20,n125,elephant or a pack of hungry tigers,clue_object,0,False,False,,,False,False
56,old20,n126,Sam Detective Agency,location,2,False,False,,,False,False
56,old20,n127,the park,location,1,False,False,,,False,False
56,old20,n128,Macy's,location,1,False,False,,,False,False
56,old20,n129,Raine,person,2,False,False,,,True,True
56,old20,n130,Detective Bolling,person,3,False,False,,,True,True
56,old20,n131,Peachins,person,2,False,False,,,True,True
56,old20,n132,young Roe,person,1,False,False,,,False,False
56,old20,n133,Bolling,person,0,False,False,,,False,False
56,old20,n134,explosives expert,person,0,False,False,,,False,False
56,old20,n135,officers,person,0,False,False,,,False,False
56,old20,n136,body,clue_object,0,False,False,,,False,False
56,old20,n137,watch,clue_object,0,False,False,,,False,False
56,old20,n138,morgue in Tarrytown,location,0,False,False,,,False,False
56,old20,n139,watch case,clue_object,0,False,False,,,False,False
56,old20,n140,synthetic metal,clue_object,0,False,False,,,False,False
56,old20,n142,Jules Renard,person,1,False,False,,,False,False
56,old20,n143,Paisley,person,0,False,False,,,False,False
56,old20,n144,Mr. Reane,person,0,False,False,,,False,False
56,old20,n146,Jowett,person,0,False,False,,,False,False
56,old20,n147,Miss Sam,person,0,False,False,,,False,False
56,old20,n148,Dr. Quirt,person,0,False,False,,,False,False
56,old20,n149,Britain,location,0,False,False,,,False,False
56,old20,n150,Mr. Saxon,person,1,False,False,,,False,False
56,old20,n151,curator,person,3,False,False,,,True,True
56,old20,n152,glass in this cabinet,clue_object,2,False,False,,,True,True
56,old20,n153,workmen,person,0,False,False,,,False,False
56,old20,n155,Mr. Rowley,person,0,False,False,,,False,False
56,old20,n156,glass,clue_object,2,False,False,,,True,True
56,old20,n157,Miss Holmes,person,0,False,False,,,False,False
56,old20,n158,Yankees,clue_object,0,False,False,,,False,False
56,old20,n159,Harvard,clue_object,0,False,False,,,False,False
56,old20,n160,Old Church Lane,location,1,False,False,,,False,False
56,old20,n161,Pechstein,person,0,False,False,,,False,False
56,old20,n162,Saxons,clue_object,0,False,False,,,False,False
56,old20,n163,a knife,clue_object,0,False,False,,,False,False
56,old20,n164,the leather and the thin cardboard that supported the whole book,clue_object,0,False,False,,,False,False
56,old20,n165,$100 bill,clue_object,0,False,False,,,False,False
56,old20,n166,a small paper clip,clue_object,0,False,False,,,False,False
56,old20,n167,brown paper,clue_object,0,False,False,,,False,False
56,old20,n168,Compensation for repair costs,clue_object,0,False,False,,,False,False
56,old20,n169,the Book of Psalms,clue_object,0,False,False,,,False,False
56,old20,n170,Sedgwick,person,0,False,False,,,False,False
56,old20,n171,Clarber,person,0,False,False,,,False,False
56,old20,n172,Dr. Jotter,person,0,False,False,,,False,False
56,old20,n173,Vance,person,1,False,False,,,False,False
56,old20,n176,Clurman,person,1,False,False,,,False,False
56,old20,n177,Klabber,person,3,False,False,,,True,True
56,old20,n178,Patti,person,1,False,False,,,False,False
56,old20,n179,Hamnet Sedlar,person,2,False,False,,,False,False
56,old20,n180,Rowley,person,1,False,False,,,False,False
56,old20,n181,London Golden Museum,location,1,False,False,,,False,False
56,old20,n182,New York,location,1,False,False,,,False,False
56,old20,n183,Letter opener,clue_object,1,False,False,,,False,False
56,old20,n184,Brown paper envelope,clue_object,0,False,False,,,False,False
56,old20,n185,Pecchinsky,person,2,False,False,,,False,True
56,old20,n186,old gentleman,person,1,False,False,,,False,False
56,old20,n187,Saxon collection,clue_object,1,False,False,,,False,False
56,old20,n188,Roeve,person,2,False,False,,,False,True
56,old20,n189,Klaber,person,2,False,False,,,False,True
56,old20,n190,note cards and envelopes,clue_object,0,False,False,,,False,False
56,old20,n191,May 6th,time_anchor,0,False,False,,,False,False
56,old20,n192,Crabbe,person,0,False,False,,,False,False
56,old20,n193,Lincoln limousine,clue_object,1,False,False,,,False,False
56,old20,n194,tall man in a dark overcoat,person,5,False,False,,,False,False
56,old20,n195,black Cadillac sedan,clue_object,1,False,False,,,False,False
56,old20,n196,telegraph office,location,1,False,False,,,False,False
56,old20,n197,desk where Renault had written the telegram,clue_object,0,False,False,,,False,False
56,old20,n198,stack of yellow paper,clue_object,0,False,False,,,False,False
56,old20,n199,yellow strokes,clue_object,1,False,False,,,False,False
56,old20,n200,stack of yellow paper with traces of Renault's writing,clue_object,1,False,False,,,False,False
56,old20,n201,pencil chained to the desk,clue_object,1,False,False,,,False,False
56,old20,n202,Miss Percy Sam,person,1,False,False,,,False,False
56,old20,n203,Miss Brady,person,1,False,False,,,False,False
56,old20,n204,Inspector's room,location,1,False,False,,,False,False
56,old20,n205,yellow envelope,clue_object,0,False,False,,,False,False
56,old20,n207,brown envelope,clue_object,0,False,False,,,False,False
56,old20,n208,Saxon library's stationery,clue_object,1,False,False,,,False,False
56,old20,n209,blank sheet of paper,clue_object,1,False,False,,,False,False
56,old20,n210,Reine,person,0,False,False,,,False,False
56,old20,n211,Mr. Crabbe,person,0,False,False,,,False,False
56,old20,n212,the librarian,person,1,False,False,,,False,False
56,old20,n214,Mr. Rene,person,1,False,False,,,False,False
56,old20,n215,the thief,person,1,False,False,,,False,False
56,old20,n216,Dr. Jott,person,0,False,False,,,False,False
56,old20,n217,Maxwell,person,2,False,False,,,False,True
56,old20,n218,Dr. Allais's house,location,3,False,False,,,False,True
56,old20,n219,the driveway,clue_object,1,False,False,,,False,False
56,old20,n220,Dr. Allais,person,8,False,False,,,True,True
56,old20,n221,May 27th,time_anchor,1,False,False,,,False,False
56,old20,n222,June 22nd,time_anchor,0,False,False,,,False,False
56,old20,n223,Vera,person,0,False,False,,,False,False
56,old20,n224,Mr. Lane,person,0,False,False,,,False,False
56,old20,n225,Hamlet Castle,location,0,False,False,,,False,False
56,old20,n227,Wester ship,location,1,False,False,,,False,False
56,old20,n228,British Museum,location,1,False,False,,,False,False
56,old20,n229,Inspector Cagney,person,3,False,False,,,False,True
56,old20,n230,Group Captain Sheff,person,1,False,False,,,False,False
56,old20,n231,Washington Intelligence Bureau,location,1,False,False,,,False,False
56,old20,n232,Seneca Hotel,location,1,False,False,,,False,False
56,old20,n233,May 29th,time_anchor,0,False,False,,,False,False
56,old20,n234,brown medicine bottle,clue_object,0,False,False,,,False,False
56,old20,n235,sticky spoon,clue_object,0,False,False,,,False,False
56,old20,n236,alarm clock,clue_object,3,False,False,,,False,True
56,old20,n237,Mr. Balling,person,1,False,False,,,False,False
56,old20,n238,wall's paneling,location,1,False,False,,,False,False
56,old20,n239,bookshelf,clue_object,0,False,False,,,False,False
56,old20,n240,Officer Pauling,person,6,False,False,,,True,True
56,old20,n241,Rayne,person,3,False,False,,,True,True
56,old20,n242,Dr. Alessi,person,1,False,False,,,False,False
56,old20,n243,Miss Sampson,person,1,False,False,,,False,False
56,old20,n244,Sedra,person,1,False,False,,,False,False
56,old20,n246,Bowling,person,1,False,False,,,False,False
56,old20,n247,Reen's car,clue_object,1,False,False,,,False,False
56,old20,n249,Constable,person,0,False,False,,,False,False
56,old20,n250,The young man without a hat,person,0,False,False,,,False,False
56,old20,n251,Rayne (2),person,0,False,False,,,False,False
56,old20,n252,The house in Tirry Town,location,0,False,False,,,False,False
56,old20,n253,killer,person,2,False,False,,,False,True
56,old20,n254,monocular,clue_object,1,False,False,,,False,False
56,old20,n255,Shakespeare's death,event,0,False,False,,,False,False
56,old20,n256,general store,location,0,False,False,,,False,False
56,old20,n257,dilapidated bungalow,location,0,False,False,,,False,False
56,old20,n258,screen door,clue_object,0,False,False,,,False,False
56,old20,n261,Police in Westchester,person,0,False,False,,,False,False
56,old20,n262,Browns,location,1,False,False,,,False,False
56,old20,n263,Westchester,location,0,False,False,,,False,False
56,old20,n264,Eatonville,location,1,False,False,,,False,False
56,old20,n265,Cadillac taxi,clue_object,2,False,False,,,False,False
56,old20,n266,"Tall, thin man",person,1,False,False,,,False,False
56,old20,n267,Narrow alley,location,1,False,False,,,False,False
56,old20,n268,Dilapidated house,location,1,False,False,,,False,False
56,old20,n269,Small porch,clue_object,0,False,False,,,False,False
56,old20,n270,Sturdy door,clue_object,0,False,False,,,False,False
56,old20,n271,Dr. Jot,person,3,False,False,,,True,True
56,old20,n272,tragic mask,clue_object,0,False,False,,,False,False
56,old20,n273,files,clue_object,0,False,False,,,False,False
56,old20,n274,house,location,0,False,False,,,False,False
56,old20,n275,nearby room,location,1,False,False,,,False,False
56,old20,n276,"dark, dirty, and stinking corridor",location,0,False,False,,,False,False
56,old20,n277,Cyrano,person,0,False,False,,,False,False
56,old20,n278,Martini,person,0,False,False,,,False,False
79,old20,n1,Inari Shrine,location,1,False,False,,,False,False
79,old20,n2,desolate area,location,3,False,False,,,False,True
79,old20,n3,Matsuzaki family territory,location,2,False,False,,,False,True
79,old20,n4,building resembling a door,clue_object,2,False,False,,,False,True
79,old20,n5,Kama-style iron gun tip,clue_object,1,False,False,,,False,False
79,old20,n6,tree-lined avenue,location,2,False,False,,,False,True
79,old20,n7,fountain,location,2,False,False,,,False,True
79,old20,n8,Inkyou Castle,location,2,False,False,,,False,True
79,old20,n9,Gothic-style mansion,clue_object,3,False,False,,,False,False
79,old20,n10,iron shutters,clue_object,0,False,False,,,False,False
79,old20,n11,Inkyou Castle doorway,location,1,False,False,,,False,False
79,old20,n12,Inkyou Castle windows,clue_object,1,False,False,,,False,False
79,old20,n13,Detective Tsubaki,person,3,False,False,,,True,True
79,old20,n14,Mukumizu,person,12,True,True,1040;3385,3385,True,True
79,old20,n15,Mr. Itou,person,1,False,False,,,False,False
79,old20,n16,Mutsu-san,person,10,False,False,,,True,True
79,old20,n17,Hoshimo-san,person,1,False,False,,,False,False
79,old20,n18,Detectives,clue_object,1,False,False,,,False,False
79,old20,n19,Police cars,location,2,False,False,,,False,True
79,old20,n20,Hall,location,5,False,False,,,True,True
79,old20,n21,Towers,location,1,False,False,,,False,False
79,old20,n22,Jouji Village,person,1,False,False,,,False,False
79,old20,n23,Kumotsuma,person,3,False,False,,,True,True
79,old20,n24,Muto,person,10,False,False,,,True,True
79,old20,n25,Ito,person,10,False,False,,,True,True
79,old20,n26,Yudo,person,0,False,False,,,False,False
79,old20,n27,Detective Horikawa,person,1,False,False,,,False,False
79,old20,n28,Mutsuzaki,person,6,True,False,1907,,True,True
79,old20,n29,Wakisaka,person,1,False,False,,,False,False
79,old20,n30,forensic team,person,1,False,False,,,False,False
79,old20,n31,chief,person,1,False,False,,,False,False
79,old20,n32,Horikawa,person,1,False,False,,,False,False
79,old20,n33,Mukai,person,4,False,False,,,True,True
79,old20,n34,Detective Nakamura,person,3,False,False,,,True,True
79,old20,n35,Miri Hayashi,person,0,False,False,,,False,False
79,old20,n36,Detective Jirochi,person,0,False,False,,,False,False
79,old20,n38,Kōjirō,person,3,False,False,,,True,True
79,old20,n39,Itō,clue_object,10,False,False,,,True,True
79,old20,n40,horse,clue_object,0,False,False,,,False,False
79,old20,n41,Akiyoshi,person,1,False,False,,,False,False
79,old20,n42,Kurosu,person,3,False,False,,,True,True
79,old20,n43,Uma,person,6,False,False,,,True,True
79,old20,n44,Higuchi,person,0,False,False,,,False,False
79,old20,n45,Yoshino,person,4,False,False,,,True,True
79,old20,n46,Tsutsuji,location,0,False,False,,,False,False
79,old20,n47,Danbo Plateau,location,0,False,False,,,False,False
79,old20,n48,Suzuki-san,person,1,False,False,,,False,False
79,old20,n49,Tsukimi,person,2,False,False,,,False,True
79,old20,n50,Jiban,person,6,False,False,,,True,True
79,old20,n51,Kyuugakujou,location,2,False,False,,,False,True
79,old20,n52,Akihito-san,person,1,False,False,,,False,False
79,old20,n53,Hell's Gate,location,3,False,False,,,True,True
79,old20,n54,The door,location,6,False,False,,,True,True
79,old20,n55,Rodin,person,1,False,False,,,False,False
79,old20,n56,Russian sculptor,person,1,False,False,,,False,False
79,old20,n57,Wakamatsu-san,person,1,False,False,,,False,False
79,old20,n58,Sugayan,person,3,False,False,,,False,False
79,old20,n59,Kumazawa,person,1,False,False,,,False,False
79,old20,n60,Letters,clue_object,3,False,False,,,False,False
79,old20,n61,Key,clue_object,4,False,False,,,True,True
79,old20,n62,Paper knife,clue_object,0,False,False,,,False,False
79,old20,n63,Brown paper envelope,clue_object,1,False,False,,,False,False
79,old20,n64,our relationship,clue_object,2,False,False,,,True,True
79,old20,n65,Mochizuki's place,location,3,False,False,,,True,True
79,old20,n66,the letter,clue_object,4,False,False,,,True,True
79,old20,n67,fountain pen,clue_object,1,False,False,,,False,False
79,old20,n68,the sender,person,2,False,False,,,True,True
79,old20,n69,Tomijiro Itô,person,0,False,False,,,False,False
79,old20,n70,Ito Kagami,person,0,False,False,,,False,False
79,old20,n71,Mukawa Tadashi,person,0,False,False,,,False,False
79,old20,n72,Sōyama city,location,0,False,False,,,False,False
79,old20,n73,lamp oil,clue_object,0,False,False,,,False,False
79,old20,n74,cylindrical space,location,0,False,False,,,False,False
79,old20,n75,entrance to hell,location,1,False,False,,,False,False
79,old20,n76,prison cell,location,4,False,False,,,True,True
79,old20,n77,Ito's head,clue_object,1,False,False,,,False,False
79,old20,n78,corpse,clue_object,10,False,False,,,True,True
79,old20,n79,crimson trail of blood,clue_object,0,False,False,,,False,False
79,old20,n80,Frankenstein's monster,clue_object,0,False,False,,,False,False
79,old20,n81,Detective,person,14,False,False,,,True,True
79,old20,n82,Black leather wallet,clue_object,1,False,False,,,False,False
79,old20,n83,Room key,clue_object,1,False,False,,,False,False
79,old20,n84,Handkerchief with a floral pattern,clue_object,1,False,False,,,False,False
79,old20,n85,Miyazu,location,0,False,False,,,False,False
79,old20,n86,Mutsumi,person,3,False,False,,,True,True
79,old20,n87,Tsujimura,person,1,False,False,,,False,False
79,old20,n88,Wakutsumizu,person,1,False,False,,,False,False
79,old20,n89,Murakami,person,1,False,False,,,False,False
79,old20,n90,Kanai,person,2,False,False,,,True,True
79,old20,n91,Woodin,person,0,False,False,,,False,False
79,old20,n93,Umezu,person,0,False,False,,,False,False
79,old20,n94,Mr. Kusaka,person,1,False,False,,,False,False
79,old20,n95,Mr. Ushijima,person,1,False,False,,,False,False
79,old20,n96,Wakamura,person,1,False,False,,,False,False
79,old20,n99,Mutsuji,person,6,False,False,,,True,True
79,old20,n100,Detective Jiru,person,0,False,False,,,False,False
79,old20,n101,Ito's feet,clue_object,0,False,False,,,False,False
79,old20,n103,envelope,clue_object,5,False,False,,,False,False
79,old20,n104,Goryokuchō,location,1,False,False,,,False,False
79,old20,n105,Motoyama,person,1,False,False,,,False,False
79,old20,n106,"envelope, sealed edge",clue_object,2,False,False,,,False,True
79,old20,n107,Kumagai,person,0,False,False,,,False,False
79,old20,n108,Toriyama,person,3,False,False,,,True,True
79,old20,n109,Mutsuken,person,1,False,False,,,False,False
79,old20,n110,"envelope, large characters",clue_object,1,False,False,,,False,False
79,old20,n111,Umayo's room,location,0,False,False,,,False,False
79,old20,n112,Kusanagi,person,3,False,False,,,True,True
79,old20,n113,Mishima,person,2,False,False,,,True,True
79,old20,n114,Mochizuki,person,9,False,False,,,True,True
79,old20,n115,Stereo speakers,clue_object,3,False,False,,,True,True
79,old20,n116,LP record,clue_object,2,False,False,,,True,False
79,old20,n117,Smetana's 'Death and the Maiden',clue_object,5,False,False,,,True,False
79,old20,n118,American spiritual song,clue_object,1,False,False,,,False,False
79,old20,n119,Kaneko,person,6,False,False,,,True,True
79,old20,n120,room on the third floor,location,4,False,False,,,True,True
79,old20,n121,courtyard,location,3,False,False,,,True,True
79,old20,n122,guest bedroom,location,1,False,False,,,False,False
79,old20,n123,bathroom,clue_object,1,False,False,,,False,False
79,old20,n124,bed,clue_object,1,False,False,,,False,False
79,old20,n125,Akiyama,person,1,False,False,,,False,False
79,old20,n126,red string,clue_object,0,False,False,,,False,False
79,old20,n127,threatening letter,clue_object,0,False,False,,,False,False
79,old20,n128,nuclear weapon,clue_object,0,False,False,,,False,False
79,old20,n129,Woodstock,person,0,False,False,,,False,False
79,old20,n130,commission_letter,clue_object,0,False,False,,,False,False
79,old20,n131,Hayama,person,1,False,False,,,False,False
79,old20,n132,Uchida,person,2,False,False,,,True,True
79,old20,n133,Arai,person,0,False,False,,,False,False
79,old20,n134,Yuzuha,person,0,False,False,,,False,False
79,old20,n135,I (myself),person,0,False,False,,,False,False
79,old20,n136,Satsuki,person,0,False,False,,,False,False
79,old20,n137,Yuki,person,6,False,False,,,True,True
79,old20,n138,Wakaba-san,person,0,False,False,,,False,False
79,old20,n139,Satsuki (second mention),person,0,False,False,,,False,False
79,old20,n140,Wakaba,person,3,False,False,,,True,True
79,old20,n141,Aoyang,person,0,False,False,,,False,False
79,old20,n142,Woodjing,person,0,False,False,,,False,False
79,old20,n143,Yuyan (the quiet horse),person,2,False,False,,,True,True
79,old20,n144,Yuki (second mention),clue_object,0,False,False,,,False,False
79,old20,n145,Mukotsu,person,1,False,False,,,False,False
79,old20,n146,Gumiz,person,0,False,False,,,False,False
79,old20,n147,the first night's dinner,event,0,False,False,,,False,False
79,old20,n148,the spacious room,clue_object,0,False,False,,,False,False
79,old20,n149,the cold wind,clue_object,0,False,False,,,False,False
79,old20,n150,the corridor,location,3,False,False,,,False,False
79,old20,n151,the stranger,person,0,False,False,,,False,False
79,old20,n152,Akatsuki,person,0,False,False,,,False,False
79,old20,n153,Motoue,location,0,False,False,,,False,False
79,old20,n154,Matsuo,person,4,False,False,,,True,True
79,old20,n155,Yamada,person,1,False,False,,,False,False
79,old20,n156,Kurojishi mansion,location,7,False,False,,,True,True
79,old20,n157,maid,person,1,False,False,,,False,False
79,old20,n158,Clotho,person,1,False,False,,,False,False
79,old20,n159,Atropos,person,1,False,False,,,False,False
79,old20,n160,Lachesis,person,1,False,False,,,False,False
79,old20,n161,Death,clue_object,1,False,False,,,False,False
79,old20,n162,Blackthorn,person,1,False,False,,,False,False
79,old20,n163,Jinma,person,0,False,False,,,False,False
79,old20,n164,Yuzuyuri,person,2,False,False,,,True,True
79,old20,n165,Inaba,person,1,False,False,,,False,False
79,old20,n166,Kei,person,0,False,False,,,False,False
79,old20,n167,Wanli Hua,person,1,False,False,,,False,False
79,old20,n168,Kyokuto City,location,0,False,False,,,False,False
79,old20,n169,Yuki's brother's room,location,0,False,False,,,False,False
79,old20,n170,The book,clue_object,2,False,False,,,True,True
79,old20,n171,The cover of the book,clue_object,1,False,False,,,False,False
79,old20,n172,The pages of the book,clue_object,1,False,False,,,False,False
79,old20,n173,The jail,location,5,False,False,,,True,True
79,old20,n174,The entrance of the jail,location,3,False,False,,,True,True
79,old20,n175,Mukumuku,person,3,False,False,,,True,True
79,old20,n176,Yurie,person,0,False,False,,,False,False
79,old20,n177,Lecanova Book,clue_object,0,False,False,,,False,False
79,old20,n178,Lectern Novel,clue_object,0,False,False,,,False,False
79,old20,n179,apocryphal gospels of the New Testament,evidence_sentence,0,False,False,,,False,False
79,old20,n180,Old Testament,clue_object,0,False,False,,,False,False
79,old20,n181,Bible,clue_object,0,False,False,,,False,False
79,old20,n182,"Trinity of God, Christ, and the Holy Spirit",evidence_sentence,0,False,False,,,False,False
79,old20,n183,Jesus-Christianity,clue_object,0,False,False,,,False,False
79,old20,n184,heresy,evidence_sentence,0,False,False,,,False,False
79,old20,n185,Book of Raknawa,clue_object,0,False,False,,,False,False
79,old20,n186,Jesus twin theory,evidence_sentence,0,False,False,,,False,False
79,old20,n187,Mary,person,0,False,False,,,False,False
79,old20,n188,Jesus,person,3,False,False,,,False,True
79,old20,n190,rose-patterned washi paper bookmark,clue_object,0,False,False,,,False,False
79,old20,n191,third chapter 35,time_anchor,1,False,False,,,False,False
79,old20,n192,Golgotha,location,1,False,False,,,False,False
79,old20,n193,Judas,person,0,False,False,,,False,False
79,old20,n194,Pope,person,1,False,False,,,False,False
79,old20,n195,Wakisawa,person,2,False,False,,,False,True
79,old20,n196,Kaname's room,location,2,False,False,,,False,True
79,old20,n197,The painting,clue_object,3,False,False,,,True,True
79,old20,n198,Le Cenacol Book,clue_object,0,False,False,,,False,False
79,old20,n199,The Book of Lecanova,clue_object,0,False,False,,,False,False
79,old20,n200,Motegi,person,1,False,False,,,False,False
79,old20,n201,Horikoshi,person,2,False,False,,,False,False
79,old20,n202,Murata,person,3,False,False,,,True,False
79,old20,n203,Snowflakes,clue_object,0,False,False,,,False,False
79,old20,n204,Yuzu,person,7,False,False,,,True,True
79,old20,n205,Shizuma-san,person,4,False,False,,,True,True
79,old20,n206,Siren,clue_object,1,False,False,,,False,False
79,old20,n207,"Shima, Mr.",person,0,False,False,,,False,False
79,old20,n208,"Kiri, Miss",person,0,False,False,,,False,False
79,old20,n209,Mr. Shizuma,person,1,False,False,,,False,False
79,old20,n210,Xuyan,person,3,False,False,,,False,True
79,old20,n211,Cleo,person,0,False,False,,,False,False
79,old20,n212,McCarto-san,person,0,False,False,,,False,False
79,old20,n213,Akagi,person,1,False,False,,,False,False
79,old20,n214,Shizuki,person,1,False,False,,,False,False
79,old20,n215,Hozumi,person,0,False,False,,,False,False
79,old20,n216,Kanae,person,0,False,False,,,False,False
79,old20,n217,Michiyo,person,0,False,False,,,False,False
79,old20,n218,Yasuko,person,1,False,False,,,False,False
79,old20,n219,Boots,clue_object,0,False,False,,,False,False
79,old20,n220,Locked room,clue_object,6,False,False,,,True,True
79,old20,n221,Kumquat seeds,clue_object,0,False,False,,,False,False
79,old20,n222,White powder,clue_object,0,False,False,,,False,False
79,old20,n223,Coffin,clue_object,2,False,False,,,False,True
79,old20,n224,Twins Kanae and Michiyo,clue_object,0,False,False,,,False,False
79,old20,n225,America,clue_object,0,False,False,,,False,False
79,old20,n226,Ido,person,2,False,False,,,False,True
79,old20,n227,Hagino-san,person,1,False,False,,,False,False
79,old20,n228,McCarty-san,person,1,False,False,,,False,False
79,old20,n232,Kanayan's house,location,1,False,False,,,False,False
79,old20,n233,the mountains,location,0,False,False,,,False,False
79,old20,n234,Mistuhide,person,4,False,False,,,True,True
79,old20,n235,Takatori,clue_object,1,False,False,,,False,False
79,old20,n236,large knife,clue_object,2,False,False,,,True,True
79,old20,n237,mallet,clue_object,0,False,False,,,False,False
79,old20,n238,Utsunomiya,person,1,False,False,,,False,False
79,old20,n239,Maki,person,1,False,False,,,False,False
79,old20,n240,Ushio,person,0,False,False,,,False,False
79,old20,n241,Gate of Hell,location,1,False,False,,,False,False
79,old20,n242,Ito's room,location,1,False,False,,,False,False
79,old20,n243,Uma's player,clue_object,1,False,False,,,False,False
79,old20,n244,Uma's room,location,2,False,False,,,True,True
79,old20,n245,Fujiko,person,7,False,False,,,True,True
79,old20,n247,Tomioka,person,0,False,False,,,False,False
79,old20,n248,Misuho,person,0,False,False,,,False,False
79,old20,n249,Yūen,person,0,False,False,,,False,False
79,old20,n250,Kayanagi,person,1,False,False,,,False,False
79,old20,n251,Roman Hat,clue_object,0,False,False,,,False,False
79,old20,n252,Mikumo family,location,1,False,False,,,False,False
79,old20,n253,Kaji,person,0,False,False,,,False,False
79,old20,n254,Mistuho,person,0,False,False,,,False,False
79,old20,n255,Kanou,person,2,False,False,,,True,True
79,old20,n256,iron door,clue_object,3,False,False,,,True,True
79,old20,n257,stone door,clue_object,3,False,False,,,True,True
79,old20,n258,oil lamp,clue_object,6,False,False,,,True,True
79,old20,n259,Domo,person,2,False,False,,,False,True
79,old20,n260,passage,location,2,False,False,,,True,True
79,old20,n261,stone room,location,3,False,False,,,True,True
79,old20,n262,Marlboro,clue_object,1,False,False,,,False,False
79,old20,n263,Kane,person,2,False,False,,,False,True
79,old20,n264,verbal assault,event,1,False,False,,,False,False
79,old20,n265,box,clue_object,1,False,False,,,False,False
79,old20,n266,tenjiku,person,1,False,False,,,False,False
79,old20,n267,Wakimizu,person,1,False,False,,,False,False
79,old20,n268,fog,clue_object,1,False,False,,,False,False
79,old20,n269,Country of Origin series,clue_object,1,False,False,,,False,False
79,old20,n270,The Mystery of the Japanese Sparrow,clue_object,0,False,False,,,False,False
79,old20,n271,Pacific War,event,0,False,False,,,False,False
79,old20,n272,Mitsuho,person,3,False,False,,,False,True
79,old20,n273,Mrs. Kazuo Tajima,person,2,False,False,,,False,True
79,old20,n274,Mitsuko Naito,person,1,False,False,,,False,False
79,old20,n275,Tsukiyomi,person,4,False,False,,,True,False
79,old20,n276,Tsubaki,person,1,False,False,,,False,False
79,old20,n277,Yashiro,person,9,False,False,,,True,True
79,old20,n278,Sōrōgafu,location,2,False,False,,,True,False
79,old20,n279,Mukimizu family,person,1,False,False,,,False,False
79,old20,n280,shadow,person,2,False,False,,,True,False
79,old20,n281,Wakizaki,person,5,False,False,,,False,True
79,old20,n282,Aoi,person,1,False,False,,,False,False
79,old20,n283,Hama,person,1,False,False,,,False,False
79,old20,n284,foreign-made LP record,clue_object,1,False,False,,,False,False
79,old20,n285,pips of the citron,clue_object,1,False,False,,,False,False
79,old20,n286,Frankenstein's monster-like idea,clue_object,1,False,False,,,False,False
79,old20,n287,Kaname,person,11,False,False,,,True,True
79,old20,n288,Mukae Detective Agency,person,1,False,False,,,False,False
79,old20,n289,MacArthur,person,18,False,False,,,True,True
79,old20,n290,Shin'ichi Himori,person,0,False,False,,,False,False
79,old20,n291,Inagawa family,person,2,False,False,,,True,True
79,old20,n292,fog drawing,clue_object,2,False,False,,,True,True
79,old20,n293,Mukae,location,0,False,False,,,False,False
79,old20,n294,Ellery Queen,person,3,False,False,,,False,True
79,old20,n295,Wakatake,person,1,False,False,,,False,False
79,old20,n296,Princess Anastasia,person,1,False,False,,,False,False
79,old20,n297,Medvedev's 'Imakagami' piano quintet third movement,clue_object,1,False,False,,,False,False
79,old20,n298,Taima family,location,1,False,False,,,False,False
79,old20,n299,Medvedev,person,3,False,False,,,True,True
79,old20,n300,Anna Tatiana Romanova,person,0,False,False,,,False,False
79,old20,n301,Tsar Nicholas II Romanov,person,0,False,False,,,False,False
79,old20,n302,Multishida,person,0,False,False,,,False,False
79,old20,n303,your brother,person,0,False,False,,,False,False
79,old20,n304,your father,person,0,False,False,,,False,False
79,old20,n305,yourself,person,0,False,False,,,False,False
79,old20,n306,Cronus,person,0,False,False,,,False,False
79,old20,n307,Japanese,location,0,False,False,,,False,False
79,old20,n308,Bolsheviks,clue_object,0,False,False,,,False,False
79,old20,n309,Russian Revolution,event,0,False,False,,,False,False
79,old20,n310,"July 17, 1918",time_anchor,0,False,False,,,False,False
79,old20,n311,Nicholas,person,1,False,False,,,False,False
79,old20,n312,grandmother,person,6,False,False,,,True,True
79,old20,n313,cold stone coffin,location,0,False,False,,,False,False
79,old20,n314,ancient city of Rome,clue_object,0,False,False,,,False,False
79,old20,n315,Jyuchuon,person,0,False,False,,,False,False
79,old20,n316,Nakamura,person,0,False,False,,,False,False
79,old20,n317,Hirai,person,0,False,False,,,False,False
79,old20,n318,racehorses,clue_object,0,False,False,,,False,False
79,old20,n320,Kurogane Castle,location,0,False,False,,,False,False
79,old20,n321,Kumozawa,person,1,False,False,,,False,False
79,old20,n322,Jingma,person,2,False,False,,,False,True
79,old20,n323,Aaru,person,1,False,False,,,False,False
79,old20,n324,painting in large frame,clue_object,1,False,False,,,False,False
79,old20,n325,Soggy Castle,location,1,False,False,,,False,False
79,old20,n326,Otomo,person,2,False,False,,,False,True
79,old20,n327,Toriumi,person,1,False,False,,,False,False
79,old20,n328,Tōshi Mori,person,1,False,False,,,False,False
79,old20,n329,Yasu (housekeeper),person,3,False,False,,,True,True
79,old20,n330,Tōmiri family,person,0,False,False,,,False,False
79,old20,n331,Kōryūjō,location,0,False,False,,,False,False
79,old20,n332,arsenic poisoning,event,0,False,False,,,False,False
79,old20,n333,black and broken intestines,clue_object,0,False,False,,,False,False
79,old20,n334,private physician,person,0,False,False,,,False,False
79,old20,n335,ten o'clock,time_anchor,0,False,False,,,False,False
79,old20,n336,Yuzuyan,person,0,False,False,,,False,False
79,old20,n337,Kurage city,location,0,False,False,,,False,False
79,old20,n338,Piazza car,clue_object,0,False,False,,,False,False
79,old20,n339,commercial street café,location,0,False,False,,,False,False
79,old20,n340,Miyuki,person,0,False,False,,,False,False
79,old20,n341,Xiang Yue,person,0,False,False,,,False,False
79,old20,n342,SOURCESKE,clue_object,0,False,False,,,False,False
79,old20,n343,Nami,person,0,False,False,,,False,False
79,old20,n344,Kainuri,person,0,False,False,,,False,False
79,old20,n345,Wakari,person,0,False,False,,,False,False
79,old20,n346,Kagetora,person,0,False,False,,,False,False
79,old20,n347,Miwako,person,0,False,False,,,False,False
79,old20,n348,I,person,4,False,False,,,True,True
79,old20,n349,twins,person,2,False,False,,,True,True
79,old20,n350,Miki,person,0,False,False,,,False,False
79,old20,n351,Kana,person,0,False,False,,,False,False
79,old20,n352,neighbor,person,1,False,False,,,False,False
79,old20,n353,woman in portrait,person,1,False,False,,,False,False
79,old20,n354,Crow Castle,location,5,False,False,,,True,True
79,old20,n355,model in portrait,person,1,False,False,,,False,False
79,old20,n357,Yukiye,person,6,False,False,,,True,True
79,old20,n358,Detective Koumon,person,1,False,False,,,False,False
79,old20,n359,Watari,person,1,False,False,,,False,False
79,old20,n360,Fukuda,person,0,False,False,,,False,False
79,old20,n361,Hina,person,1,False,False,,,False,False
79,old20,n362,portrait,clue_object,2,False,False,,,True,True
79,old20,n363,black dress,clue_object,0,False,False,,,False,False
79,old20,n364,black lace hat,clue_object,0,False,False,,,False,False
79,old20,n365,black hair,clue_object,0,False,False,,,False,False
79,old20,n366,painting (location),location,1,False,False,,,False,False
79,old20,n367,Yakumo,person,0,False,False,,,False,False
79,old20,n368,Kouichi,person,0,False,False,,,False,False
79,old20,n369,Motosada,person,0,False,False,,,False,False
79,old20,n370,Yuzuyo,person,0,False,False,,,False,False
79,old20,n371,Mochitsuki,person,0,False,False,,,False,False
79,old20,n372,Harbin,location,0,False,False,,,False,False
79,old20,n373,Tomijima family,person,0,False,False,,,False,False
79,old20,n374,black rose,clue_object,2,False,False,,,False,True
79,old20,n375,pale rose,clue_object,1,False,False,,,False,False
79,old20,n376,Le Mei Ta,location,1,False,False,,,False,False
79,old20,n377,Miss Yuxian,person,2,False,False,,,True,True
79,old20,n378,Mizuho,person,0,False,False,,,False,False
79,old20,n379,Kouki,person,0,False,False,,,False,False
79,old20,n380,Misty,person,4,False,False,,,True,True
79,old20,n381,Fuyu,person,0,False,False,,,False,False
79,old20,n382,Inspector Jushi Village,person,1,False,False,,,False,False
79,old20,n383,Detective Juzu,person,2,False,False,,,True,True
79,old20,n384,Mutoh,person,3,False,False,,,True,True
79,old20,n385,Sugiyama,person,1,False,False,,,False,False
79,old20,n386,Mizuho's mother,person,1,False,False,,,False,False
79,old20,n387,Maria Kuchera,person,0,False,False,,,False,False
79,old20,n388,Akafuku and Hirugami,person,0,False,False,,,False,False
79,old20,n389,Mutsuwa,person,0,False,False,,,False,False
79,old20,n390,Kanai sisters,person,0,False,False,,,False,False
79,old20,n391,Kinu,person,0,False,False,,,False,False
79,old20,n392,Mounta-san,person,0,False,False,,,False,False
79,old20,n393,Keiichiro,person,0,False,False,,,False,False
79,old20,n394,Kataoka,person,0,False,False,,,False,False
79,old20,n395,Matsuda,person,0,False,False,,,False,False
79,old20,n396,Brutus,person,1,False,False,,,False,False
79,old20,n397,"the lawn-laid, leveled path",clue_object,2,False,False,,,False,True
79,old20,n398,garden-like outer courtyard of the Inoue family,location,2,False,False,,,False,True
79,old20,n399,lake about a kilometer behind,location,1,False,False,,,False,False
79,old20,n400,Mr. Kouyama,person,1,False,False,,,False,False
79,old20,n401,Wakamizu,person,2,False,False,,,False,True
79,old20,n402,Selene,person,1,False,False,,,False,False
79,old20,n403,Harumi,person,0,False,False,,,False,False
79,old20,n404,Yamauchi,person,1,False,False,,,False,False
79,old20,n405,Shima,person,4,False,False,,,False,False
79,old20,n406,Aoyama,person,1,False,False,,,False,False
79,old20,n407,Ando,person,0,False,False,,,False,False
79,old20,n408,Apollo,person,1,False,False,,,False,False
79,old20,n409,closet,location,1,False,False,,,False,False
79,old20,n410,carpet,clue_object,1,False,False,,,False,False
79,old20,n411,head,clue_object,1,False,False,,,False,False
79,old20,n412,decapitation,event,0,False,False,,,False,False
79,old20,n413,Jochi,person,0,False,False,,,False,False
79,old20,n414,Chief Inspector,person,8,False,False,,,True,True
79,old20,n415,Akibabe,person,1,False,False,,,False,False
79,old20,n416,Kuroyama Castle,location,2,False,False,,,False,True
79,old20,n417,First-floor dining room,location,0,False,False,,,False,False
79,old20,n418,Storage room on the first floor,location,1,False,False,,,False,False
79,old20,n419,Building opposite the dining room,location,1,False,False,,,False,False
79,old20,n420,Staircase,clue_object,1,False,False,,,False,False
79,old20,n421,Arimatsu's room,location,0,False,False,,,False,False
79,old20,n422,Jumaru-san,person,3,False,False,,,False,False
79,old20,n423,Kiri-drawn-san,person,1,False,False,,,False,False
79,old20,n424,Yuki-san,person,0,False,False,,,False,False
79,old20,n425,Shanda,person,1,False,False,,,False,False
79,old20,n426,black travel bag,clue_object,1,False,False,,,False,False
79,old20,n427,Mr. Mount,person,0,False,False,,,False,False
79,old20,n428,Mr. Yamada,person,0,False,False,,,False,False
79,old20,n429,Mr. Yamada's room,location,1,False,False,,,False,False
79,old20,n430,kitchen,location,0,False,False,,,False,False
79,old20,n431,Inspector Tsuji,person,0,False,False,,,False,False
79,old20,n432,Wakatsuki,person,0,False,False,,,False,False
79,old20,n433,chef,person,1,False,False,,,False,False
79,old20,n434,Oyama Motoharu,person,3,False,False,,,True,True
79,old20,n435,Hinata,person,2,False,False,,,True,True
79,old20,n436,Kurenaga Castle,location,3,False,False,,,True,True
79,old20,n437,Katsushika,location,1,False,False,,,False,False
79,old20,n438,Tetsuzo Murakami,person,3,False,False,,,True,True
79,old20,n439,"Ito, Ogata, Kubo",person,1,False,False,,,False,False
79,old20,n440,Motoshige (Ito Group commander),person,3,False,False,,,True,False
79,old20,n441,"Yodo, Uma, Kouzu",person,2,False,False,,,True,False
79,old20,n442,Mutōmochi (Ashikaga shogunate figure),person,2,False,False,,,False,False
79,old20,n443,Uzuki,person,1,False,False,,,False,False
79,old20,n444,Kurajō Castle,location,3,False,False,,,True,False
79,old20,n445,"Tokyo, Osaka, regional cities",location,0,False,False,,,False,False
79,old20,n446,Grandfather,person,1,False,False,,,False,False
79,old20,n447,will,clue_object,3,False,False,,,False,False
79,old20,n448,fifty days after his death,time_anchor,2,False,False,,,False,False
79,old20,n449,this month's thirteenth,time_anchor,1,False,False,,,False,False
79,old20,n450,Kikumaru,person,3,False,False,,,False,False
79,old20,n451,corner cabinet,clue_object,1,False,False,,,False,False
79,old20,n452,Tomimura family,person,2,False,False,,,False,False
79,old20,n453,embalming room,location,0,False,False,,,False,False
79,old20,n454,coffins,clue_object,1,False,False,,,False,False
79,old20,n455,Takao,person,0,False,False,,,False,False
79,old20,n456,Father Brown,person,0,False,False,,,False,False
79,old20,n457,search team,person,0,False,False,,,False,False
79,old20,n458,malignant tumor,person,0,False,False,,,False,False
79,old20,n459,Daisuke Inagaki,person,0,False,False,,,False,False
79,old20,n460,Tomita,person,1,False,False,,,False,False
79,old20,n461,Doujoumomo's will,clue_object,1,False,False,,,False,False
79,old20,n462,Tomijima household,location,1,False,False,,,False,False
79,old20,n463,Kurokawa City,location,1,False,False,,,False,False
79,old20,n464,mortuary,location,1,False,False,,,False,False
79,old20,n465,entrance door,clue_object,1,False,False,,,False,False
79,old20,n466,coffin room,location,2,False,False,,,False,True
79,old20,n467,Mutsuo,person,0,False,False,,,False,False
79,old20,n468,Kan'ichi,person,2,False,False,,,False,True
79,old20,n469,oshi,person,1,False,False,,,False,False
79,old20,n470,Mr. McArthur,person,0,False,False,,,False,False
79,old20,n471,Kumigami,person,0,False,False,,,False,False
79,old20,n472,River Town,location,0,False,False,,,False,False
79,old20,n473,Matsukaze,person,0,False,False,,,False,False
79,old20,n474,Van Gogh painting,clue_object,0,False,False,,,False,False
79,old20,n475,Kei Maru-san,person,0,False,False,,,False,False
79,old20,n476,Xiyuan,person,0,False,False,,,False,False
79,old20,n477,Lake,location,1,False,False,,,False,False
79,old20,n478,Daya,person,1,False,False,,,False,False
79,old20,n479,Macatou,person,2,False,False,,,False,False
79,old20,n480,Mistuho-san,person,0,False,False,,,False,False
79,old20,n481,Outer Garden,location,2,False,False,,,False,False
79,old20,n482,Jian Yan,person,2,False,False,,,True,True
79,old20,n483,small boat,clue_object,2,False,False,,,True,True
79,old20,n484,twin's small boat,clue_object,3,False,False,,,True,False
79,old20,n485,key boat,clue_object,2,False,False,,,True,False
79,old20,n486,second small boat,clue_object,2,False,False,,,True,False
79,old20,n487,Detective Hidewell,person,1,False,False,,,False,False
79,old20,n488,Detective Tsujimura,person,1,False,False,,,False,False
79,old20,n490,Mr. Kou,person,0,False,False,,,False,False
79,old20,n491,Chief Wakisugi,person,1,False,False,,,False,False
79,old20,n492,Woodjutsu-san,person,2,False,False,,,True,True
79,old20,n494,Muto-san,person,0,False,False,,,False,False
79,old20,n495,McCarty,person,11,False,False,,,True,True
79,old20,n496,Misty's room,location,1,False,False,,,False,False
79,old20,n497,second-floor corridor,location,0,False,False,,,False,False
79,old20,n498,Kajiya,person,2,False,False,,,False,True
79,old20,n499,Kiri,person,1,False,False,,,False,False
79,old20,n500,Mrs. Hina,person,0,False,False,,,False,False
79,old20,n501,Medvedev's record,clue_object,1,False,False,,,False,False
79,old20,n502,Yasunori,person,0,False,False,,,False,False
79,old20,n503,Kumotsumi,person,0,False,False,,,False,False
79,old20,n504,Woodmore case,event,1,False,False,,,False,False
79,old20,n505,Yasuko's head and body,clue_object,1,False,False,,,False,False
79,old20,n506,record and the head,clue_object,1,False,False,,,False,False
79,old20,n507,apron with blood,clue_object,1,False,False,,,False,False
79,old20,n508,Day,person,2,False,False,,,False,False
79,old20,n509,Inspector Hatohara,person,1,False,False,,,False,False
79,old20,n510,Detective Hatohara,person,0,False,False,,,False,False
79,old20,n511,Hirano-san,person,2,False,False,,,False,True
79,old20,n512,ring,clue_object,1,False,False,,,False,False
79,old20,n513,Yuzuki,person,1,False,False,,,False,False
79,old20,n514,Higuchi Detective,person,1,False,False,,,False,False
79,old20,n515,Jichiro,person,1,False,False,,,False,False
79,old20,n516,MacCarty,person,0,False,False,,,False,False
79,old20,n517,Yamamoto,person,0,False,False,,,False,False
79,old20,n518,Hikari,person,0,False,False,,,False,False
79,old20,n519,Kikuchi,person,0,False,False,,,False,False
79,old20,n520,Kuroi,person,0,False,False,,,False,False
79,old20,n522,Aoyagi,person,1,False,False,,,False,False
79,old20,n523,'The Judas Window',clue_object,2,False,False,,,False,True
79,old20,n524,'The Peacock Feather Murder Case',clue_object,2,False,False,,,False,False
79,old20,n525,H.M.,person,1,False,False,,,False,False
79,old20,n526,high IQ killer,person,2,False,False,,,False,False
79,old20,n527,Dickson Carr,person,1,False,False,,,False,False
79,old20,n528,Hideo Minakawa,person,1,False,False,,,False,False
79,old20,n529,Mukuzuki,person,1,False,False,,,False,False
79,old20,n530,Yuzuki-san,person,1,False,False,,,False,False
79,old20,n531,Tomonori Motomu-san,person,1,False,False,,,False,False
79,old20,n532,Tsar family,person,0,False,False,,,False,False
79,old20,n533,Romanovs,person,0,False,False,,,False,False
79,old20,n535,Kumagai-san,person,1,False,False,,,False,False
79,old20,n536,Wakuzukin,person,1,False,False,,,False,False
79,old20,n537,Jianyan,person,1,False,False,,,False,False
79,old20,n538,Kirito,person,1,False,False,,,False,False
79,old20,n539,Mukatsu,person,1,False,False,,,False,False
79,old20,n540,MacArthur-san,person,0,False,False,,,False,False
79,old20,n541,Kumashira Mountain,location,0,False,False,,,False,False
79,old20,n542,Mount Kumashira,clue_object,0,False,False,,,False,False
79,old20,n543,Mal,person,0,False,False,,,False,False
79,old20,n544,Mukae-san,person,0,False,False,,,False,False
79,old20,n545,Kanako,person,0,False,False,,,False,False
79,old20,n546,Wu Xie,person,0,False,False,,,False,False
79,old20,n547,Kubo,person,1,False,False,,,False,False
79,old20,n548,Lady Hinata,person,1,False,False,,,False,False
79,old20,n549,Higurashi family,location,1,False,False,,,False,False
79,old20,n550,window,clue_object,0,False,False,,,False,False
79,old20,n551,Two girls,person,1,False,False,,,False,False
79,old20,n552,The bench,clue_object,1,False,False,,,False,False
79,old20,n553,The house,location,0,False,False,,,False,False
79,old20,n554,piecing together unexpected connections,clue_object,0,False,False,,,False,False
79,old20,n555,"unexpected, not the process",evidence_sentence,0,False,False,,,False,False
15,old20,n1,Inoue Hiroshi,person,2,False,False,,,False,False
15,old20,n2,K Furniture Store,person,0,False,False,,,False,False
15,old20,n3,Rice,person,4,False,False,,,True,True
15,old20,n4,Room 13 of Kanto Building,location,1,False,False,,,False,False
15,old20,n5,public phone booth (4),location,1,False,False,,,False,False
15,old20,n6,bathroom,location,1,False,False,,,False,False
15,old20,n7,Fangzhi,person,4,False,False,,,True,True
15,old20,n8,man,person,2,False,False,,,True,True
15,old20,n9,veranda,location,1,True,False,120,,False,False
15,old20,n10,Miss Fangzhi,person,1,False,False,,,False,False
15,old20,n11,Inagawa,person,4,False,False,,,True,True
15,old20,n12,Fujiko,person,8,False,False,,,True,True
15,old20,n13,Kusaka,person,3,False,False,,,True,True
15,old20,n14,Ytown Kanto Building,location,2,False,False,,,True,True
15,old20,n15,Inagawa Art Gallery,clue_object,3,False,False,,,True,True
15,old20,n16,Nishimura,person,0,False,False,,,False,False
15,old20,n17,Rikuyo,person,0,False,False,,,False,False
15,old20,n18,Fujimiya family,person,0,False,False,,,False,False
15,old20,n19,Shibazaki,person,0,False,False,,,False,False
15,old20,n20,Noguchi,person,6,False,False,,,True,True
15,old20,n21,Kanto Building,location,1,False,False,,,False,False
15,old20,n22,The girl,person,9,False,False,,,True,True
15,old20,n23,The owner of Room 13,person,6,True,False,1446,,True,True
15,old20,n24,The doctor,person,17,True,False,241;320;623;628;824;825,,True,True
15,old20,n25,The main road in front of the building,location,1,False,False,,,False,False
15,old20,n26,The opposite intersection,location,1,False,False,,,False,False
15,old20,n27,'Misato Taxi Service',location,2,False,False,,,True,True
15,old20,n28,Kyobashi,location,2,False,False,,,True,True
15,old20,n29,plaster arm,clue_object,5,False,False,,,False,False
15,old20,n30,ants,clue_object,1,False,False,,,False,False
15,old20,n31,small holes,clue_object,1,False,False,,,False,False
15,old20,n32,plaster figure,clue_object,1,False,False,,,False,False
15,old20,n33,newspaper,clue_object,0,False,False,,,False,False
15,old20,n34,car,location,13,False,False,,,True,True
15,old20,n35,store,location,1,False,False,,,False,False
15,old20,n36,Dr. Pankin,person,19,False,False,,,True,True
15,old20,n38,the two others,person,2,False,False,,,True,True
15,old20,n39,the study,location,2,False,False,,,False,True
15,old20,n40,the courtyard,location,2,False,False,,,True,True
15,old20,n41,the table,clue_object,1,False,False,,,False,False
15,old20,n42,Dr. Pankre,person,2,False,False,,,False,False
15,old20,n43,iron hammer,clue_object,1,False,False,,,False,False
15,old20,n44,plaster statue,clue_object,3,False,False,,,False,False
15,old20,n45,opulent furnishings,clue_object,1,False,False,,,False,False
15,old20,n46,young delinquent,person,1,False,False,,,False,False
15,old20,n47,Lisa,person,0,False,False,,,False,False
15,old20,n48,Mr. Naito's assistant,person,0,False,False,,,False,False
15,old20,n49,Assistant,person,1,False,False,,,False,False
15,old20,n50,Mr. Nomura,person,4,False,False,,,True,True
15,old20,n51,Bookworm,person,4,True,False,623,,True,True
15,old20,n52,Driver,person,2,False,False,,,True,True
15,old20,n53,Maids,person,1,False,False,,,False,False
15,old20,n54,Hinoki,person,0,False,False,,,False,False
15,old20,n55,Tanaka,person,21,False,False,,,True,True
15,old20,n56,Guest Room Window,clue_object,4,False,False,,,True,True
15,old20,n57,Parking Lot,location,2,False,False,,,True,True
15,old20,n58,Gravel,clue_object,0,False,False,,,False,False
15,old20,n59,Gate,clue_object,0,False,False,,,False,False
15,old20,n60,Footprints,clue_object,0,False,False,,,False,False
15,old20,n61,Escape Route,event,0,False,False,,,False,False
15,old20,n62,body parts,clue_object,1,False,False,,,False,False
15,old20,n63,killer,person,11,False,False,,,True,True
15,old20,n64,Rikio Saito,person,1,False,False,,,False,False
15,old20,n65,Mr. Hiroshi Hirano,person,1,False,False,,,False,False
15,old20,n66,police,person,1,False,False,,,False,False
15,old20,n67,newspaper reporter,person,1,False,False,,,False,False
15,old20,n68,Western-style bathroom,location,1,False,False,,,False,False
15,old20,n69,Dr. Sakaki,person,0,False,False,,,False,False
15,old20,n70,Dr. Pankyo,person,0,False,False,,,False,False
15,old20,n71,Detective Inspector Bo Yue,person,0,False,False,,,False,False
15,old20,n72,Professor Pian Liu,person,0,False,False,,,False,False
15,old20,n73,Dr. F,person,0,False,False,,,False,False
15,old20,n74,Mr. Inoue,person,0,False,False,,,False,False
15,old20,n75,Yūki,person,0,False,False,,,False,False
15,old20,n76,The wanted poster,clue_object,0,False,False,,,False,False
15,old20,n77,The two countries bridge,location,1,False,False,,,False,False
15,old20,n78,S Town,location,3,False,False,,,True,False
15,old20,n79,glass board,clue_object,1,False,False,,,False,False
15,old20,n80,tank,clue_object,4,False,False,,,True,False
15,old20,n81,young painter,person,2,True,False,1446,,True,False
15,old20,n82,old man with the tudou pipe (18),person,3,False,False,,,True,False
15,old20,n83,sink,clue_object,1,False,False,,,False,False
15,old20,n84,mermaid,clue_object,1,False,False,,,False,False
15,old20,n85,Dr. Panko,person,1,False,False,,,False,False
15,old20,n87,fisherman,person,1,False,False,,,False,False
15,old20,n88,Nagisa,location,2,False,False,,,False,True
15,old20,n89,empty house (No. 19),location,1,False,False,,,False,False
15,old20,n90,long bridge,location,1,False,False,,,False,False
15,old20,n91,Dr. Panen,person,0,False,False,,,False,False
15,old20,n92,farmer Ato,person,0,False,False,,,False,False
15,old20,n93,little thug,person,0,False,False,,,False,False
15,old20,n94,old lady at the grocery store,person,0,False,False,,,False,False
15,old20,n95,Detective Obo,person,0,False,False,,,False,False
15,old20,n96,Nakazaki,person,4,False,False,,,True,True
15,old20,n97,over a dozen other police officers,person,0,False,False,,,False,False
15,old20,n98,detective,person,24,False,False,,,True,True
15,old20,n99,K's maid,person,1,False,False,,,False,False
15,old20,n100,Yoko,person,5,False,False,,,True,True
15,old20,n101,mailman,person,0,False,False,,,False,False
15,old20,n102,hospital,location,0,False,False,,,False,False
15,old20,n103,ice shop,location,0,False,False,,,False,False
15,old20,n104,grocery store,location,0,False,False,,,False,False
15,old20,n105,mailbox in front of the house,clue_object,0,False,False,,,False,False
15,old20,n106,K's house,location,1,False,False,,,False,False
15,old20,n107,Yuki's room,location,1,False,False,,,False,False
15,old20,n108,mansion,location,0,False,False,,,False,False
15,old20,n109,small shack,clue_object,0,False,False,,,False,False
15,old20,n110,unknown object on the wall,clue_object,1,False,False,,,False,False
15,old20,n111,Wildaki,person,7,False,False,,,True,True
15,old20,n112,villain,person,11,False,False,,,True,True
15,old20,n114,"Machi, R-cho",location,0,False,False,,,False,False
15,old20,n115,tiny building,location,0,False,False,,,False,False
15,old20,n116,opposite house,location,0,False,False,,,False,False
15,old20,n117,Bluebeard,person,15,True,True,1045,1045,True,True
15,old20,n118,headlights,clue_object,0,False,False,,,False,False
15,old20,n119,Yasuko,person,24,False,False,,,True,True
15,old20,n120,Mr. Hanaoka,person,2,False,False,,,True,True
15,old20,n121,K couple,person,2,False,False,,,True,True
15,old20,n123,Mr. Hōyō,person,1,False,False,,,False,False
15,old20,n124,K,person,5,False,False,,,True,True
15,old20,n126,Hirata,person,10,False,False,,,True,True
15,old20,n127,Reiko,person,0,False,False,,,False,False
15,old20,n128,"R-cho, Minato-ku",location,0,False,False,,,False,False
15,old20,n129,empty house,location,5,True,True,194;512;1546,1546,True,True
15,old20,n130,Jima Island,location,2,False,False,,,True,True
15,old20,n131,Fujimoto,person,10,False,False,,,True,True
15,old20,n132,Yasuzaki,person,7,False,False,,,True,True
15,old20,n133,Fuyu-chan,person,1,False,False,,,False,False
15,old20,n134,R-machi,location,0,False,False,,,False,False
15,old20,n135,police station,location,1,False,False,,,False,False
15,old20,n136,enemy,person,2,False,False,,,True,True
15,old20,n137,entrance hall,location,3,False,False,,,True,True
15,old20,n138,flashlight,clue_object,1,False,False,,,False,False
15,old20,n139,tatami mat,location,2,False,False,,,True,True
15,old20,n140,concrete floorboards,clue_object,1,False,False,,,False,False
15,old20,n141,Japanese-style room,location,1,False,False,,,False,False
15,old20,n142,narrow staircase,clue_object,1,False,False,,,False,False
15,old20,n143,sturdy sliding door,clue_object,2,False,False,,,True,True
15,old20,n144,sliding door,clue_object,3,False,False,,,True,True
15,old20,n145,basement,location,4,True,False,1446,,True,True
15,old20,n146,heavy door,clue_object,1,False,False,,,False,False
15,old20,n148,Yasuzi,person,4,False,False,,,True,True
15,old20,n149,Inoue Yuki,person,1,False,False,,,False,False
15,old20,n150,Pickled vegetables storage cellar,location,2,False,False,,,True,True
15,old20,n151,Miss Fujiko,person,3,False,False,,,True,True
15,old20,n152,Cat's Eye Gang (37),clue_object,0,False,False,,,False,False
15,old20,n153,Nakajima,person,1,True,False,194,,False,False
15,old20,n154,5-watt bulb,clue_object,1,False,False,,,False,False
15,old20,n155,room,location,5,False,False,,,True,True
15,old20,n156,wooden panel,clue_object,2,False,False,,,False,True
15,old20,n157,door,clue_object,1,False,False,,,False,False
15,old20,n158,poster,clue_object,2,False,False,,,False,True
15,old20,n159,short knife,clue_object,1,True,False,1446;1589,,False,False
15,old20,n160,Mr. Noguchi,person,1,False,False,,,False,False
15,old20,n161,Inspector Oyama,person,4,False,False,,,True,True
15,old20,n162,Mr. Noguchi's cries,clue_object,0,False,False,,,False,False
15,old20,n163,the pickle jar,clue_object,0,False,False,,,False,False
15,old20,n164,"the empty house in R-cho, Minato-ku",location,0,False,False,,,False,False
15,old20,n165,Tokyo Station (38),location,0,False,False,,,False,False
15,old20,n166,the hotel at Tokyo Station,location,2,False,False,,,False,True
15,old20,n167,K's car,clue_object,2,False,False,,,False,True
15,old20,n168,Kyoto-Hamamatsu Highway at night,location,1,False,False,,,False,False
15,old20,n169,hospitals,clue_object,1,False,False,,,False,False
15,old20,n170,Fujiko-san,person,0,False,False,,,False,False
15,old20,n171,wooden stick,clue_object,0,False,False,,,False,False
15,old20,n172,thick wooden door,clue_object,0,False,False,,,False,False
15,old20,n173,Bo Detective,person,0,False,False,,,False,False
15,old20,n174,warehouse,location,0,False,False,,,False,False
15,old20,n175,criminal,person,0,False,False,,,False,False
15,old20,n176,tall and slender,clue_object,0,False,False,,,False,False
15,old20,n177,British gentleman,clue_object,0,False,False,,,False,False
15,old20,n178,genuine Japanese,clue_object,0,False,False,,,False,False
15,old20,n179,house number,clue_object,0,False,False,,,False,False
15,old20,n180,scholar,person,0,False,False,,,False,False
15,old20,n181,Mr. Yasuaki,person,0,False,False,,,False,False
15,old20,n182,Miyazaki,person,1,False,False,,,False,False
15,old20,n183,Ah? You are?,person,2,False,False,,,False,False
15,old20,n184,But I thought you weren't in Japan.,person,1,False,False,,,False,False
15,old20,n185,This time he whispered for five minutes.,person,1,False,False,,,False,False
15,old20,n186,Sai,person,0,False,False,,,False,False
15,old20,n187,Mr. Nozaki,person,2,False,False,,,False,False
15,old20,n188,Shuang Zhi,person,0,False,False,,,False,False
15,old20,n189,Dr. Bashu,person,0,False,False,,,False,False
15,old20,n190,Sai couldn't wait any longer.,person,2,False,False,,,False,True
15,old20,n191,"Have you figured out the two things... in the abdomen... and then... ah, nothing wrong with the legs... you didn't let the other party find out, did you? Is everything okay?",person,2,False,False,,,False,False
15,old20,n192,"Alright, I'll come over right away. Keep a close eye on him, and call me if anything happens. See you later.",person,1,False,False,,,False,False
15,old20,n193,"Everyone, there's no more doubt. My deduction is completely correct.",person,1,False,False,,,False,False
15,old20,n194,"lying in bed asleep at the K house, suddenly became a dummy without anyone noticing.",person,2,False,False,,,False,False
15,old20,n195,"According to the list provided by Detective Boo, someone was watching her throughout that time, and at least two people were in the room to take care of her.",person,0,False,False,,,False,False
15,old20,n196,"Later, you ordered the nurse to go rest, and there were only Detective Boo and Dr. Panayama left in the room.",person,0,False,False,,,False,False
15,old20,n197,"They took turns going to the downstairs bathroom, leaving only Detective Boo or Dr. Panayama.",person,1,False,False,,,False,False
15,old20,n199,Panliu,person,0,False,False,,,False,False
15,old20,n200,Mingzhi,person,2,False,False,,,False,False
15,old20,n201,Tokyo map,clue_object,1,False,False,,,False,False
15,old20,n202,G-cho,location,1,False,False,,,False,False
15,old20,n203,R-cho,location,1,False,False,,,False,False
15,old20,n204,N-cho,location,0,False,False,,,False,False
15,old20,n205,Tokyo Station,location,1,False,False,,,False,False
15,old20,n206,Kikuhara's mansion,location,0,False,False,,,False,False
15,old20,n207,Dream Hall,clue_object,0,False,False,,,False,False
15,old20,n208,secret passage,clue_object,0,False,False,,,False,False
15,old20,n209,Detective Oishi,person,0,False,False,,,False,False
15,old20,n210,Dr. Kikuhara,person,0,False,False,,,False,False
15,old20,n212,Fujio,person,1,False,False,,,False,False
15,old20,n213,Secret passage from the bathroom,clue_object,0,False,False,,,False,False
15,old20,n214,Vacant house in R Town,location,2,False,False,,,True,True
15,old20,n215,Bottle of anesthetic,clue_object,2,False,False,,,True,True
15,old20,n217,Akasu Chief,person,1,False,False,,,False,False
15,old20,n218,Spider Man vs. Detective Kurosawa,event,0,False,False,,,False,False
15,old20,n219,Doctor Pan Teng,person,2,False,False,,,True,True
15,old20,n220,human bone specimen,clue_object,1,False,False,,,False,False
15,old20,n221,medical store,location,0,False,False,,,False,False
15,old20,n222,crematorium,location,3,False,False,,,True,True
15,old20,n223,Yutaka,person,0,False,False,,,False,False
15,old20,n224,Higashi,person,0,False,False,,,False,False
15,old20,n225,R wall,clue_object,1,False,False,,,False,False
15,old20,n226,Factory,location,0,False,False,,,False,False
15,old20,n227,Youth Center,location,2,False,False,,,False,True
15,old20,n228,Imperial Palace Outer Garden,location,0,False,False,,,False,False
15,old20,n229,Toshiko,person,3,False,False,,,False,True
15,old20,n230,friend,person,1,False,False,,,False,False
15,old20,n231,park,location,1,False,False,,,False,False
15,old20,n232,provincial railway station,location,0,False,False,,,False,False
15,old20,n233,grove,location,0,False,False,,,False,False
15,old20,n234,tall young man in a suit,person,1,False,False,,,False,False
15,old20,n235,Deng Zhi,person,0,False,False,,,False,False
15,old20,n236,Deng Zhi Zi,person,3,False,False,,,False,False
15,old20,n237,"the tall, well-dressed young man",person,1,False,False,,,False,False
15,old20,n238,the kimono-clad young man,person,2,False,False,,,False,False
15,old20,n239,the little girl,person,1,False,False,,,False,False
15,old20,n240,the Marquess,person,3,False,False,,,False,True
15,old20,n241,the Motomachi train station,location,1,False,False,,,False,False
15,old20,n242,November 3rd,time_anchor,2,False,False,,,False,True
15,old20,n243,Pingtan's young men,person,1,False,False,,,False,False
15,old20,n244,secret action plan,event,2,False,False,,,False,True
15,old20,n245,Tokyo's fire season,time_anchor,0,False,False,,,False,False
15,old20,n246,November 2nd,time_anchor,1,False,False,,,False,False
15,old20,n247,Edo's flower tradition,event,0,False,False,,,False,False
15,old20,n248,Shibuya district,location,2,False,False,,,True,False
15,old20,n249,Harajuku district,location,2,False,False,,,True,True
15,old20,n250,Ginza district,location,2,False,False,,,True,True
15,old20,n251,Tokyo's small fires,event,6,False,False,,,True,True
15,old20,n252,November 3rd (fire occurrence),time_anchor,0,False,False,,,False,False
15,old20,n253,Tokyo's fire sirens,clue_object,3,False,False,,,True,False
15,old20,n254,the Spider Man,person,16,True,True,1546;2017,1546;2017,True,True
15,old20,n255,doll,clue_object,5,False,False,,,True,True
15,old20,n256,audience,person,1,False,False,,,False,False
15,old20,n257,Panorama Hall,location,1,False,False,,,False,False
15,old20,n258,fence,clue_object,0,False,False,,,False,False
15,old20,n259,Y-town Kanto Building Inagawa Art Goods Store,location,2,False,False,,,True,True
15,old20,n260,"Y-town, Kanto Building, Shinjuku",location,1,False,False,,,False,False
15,old20,n261,June 19th,time_anchor,2,False,False,,,True,True
15,old20,n262,June 22nd,time_anchor,2,False,False,,,True,True
15,old20,n263,Inoshita store,clue_object,0,False,False,,,False,False
15,old20,n264,16th of this month,time_anchor,0,False,False,,,False,False
15,old20,n265,two job advertisements,clue_object,0,False,False,,,False,False
15,old20,n266,bookkeeper,person,0,False,False,,,False,False
15,old20,n267,Miss Reiko Yamada (13),person,0,False,False,,,False,False
15,old20,n268,Dr. Nakajima,person,0,False,False,,,False,False
15,old20,n269,inspector,person,3,False,False,,,True,True
15,old20,n271,glass hut building,location,1,False,False,,,False,False
15,old20,n272,secluded area,location,0,False,False,,,False,False
15,old20,n273,Wakizaki,person,4,False,False,,,True,True
15,old20,n274,bandit,person,2,False,False,,,True,False
15,old20,n275,engine,clue_object,1,False,False,,,False,False
15,old20,n276,window frame,clue_object,3,False,False,,,True,True
15,old20,n277,rope ladder,clue_object,2,False,False,,,True,True
15,old20,n278,hook,clue_object,0,False,False,,,False,False
15,old20,n279,I,person,3,True,False,1446,,True,True
15,old20,n280,open door,location,0,True,False,1446,,False,False
15,old20,n281,open gate,location,0,True,False,1446,,False,False
15,old20,n282,Akasugi,person,0,False,False,,,False,False
15,old20,n283,Hakase Nagi,person,0,False,False,,,False,False
15,old20,n284,business card,clue_object,0,False,False,,,False,False
15,old20,n285,Hesen Yuyuan Panorama Gallery,location,0,False,False,,,False,False
15,old20,n286,Yuan Tian,person,1,False,False,,,False,False
15,old20,n287,Panorama Gallery,clue_object,0,False,False,,,False,False
15,old20,n288,Hesen,person,0,False,False,,,False,False
15,old20,n289,design drawings,clue_object,1,False,False,,,False,False
15,old20,n290,doll makers,person,0,False,False,,,False,False
15,old20,n291,paint,clue_object,0,False,False,,,False,False
15,old20,n292,back door,location,1,False,False,,,False,False
15,old20,n293,front door,location,1,False,False,,,False,False
15,old20,n294,Mr. Ohsawa,person,0,False,False,,,False,False
15,old20,n295,cloth bag,clue_object,0,False,False,,,False,False
15,old20,n296,art industry,location,0,False,False,,,False,False
15,old20,n297,secretary,person,0,False,False,,,False,False
15,old20,n298,Nioyama,person,0,False,False,,,False,False
15,old20,n299,Rizuki Hanabi,person,1,False,False,,,False,False
15,old20,n300,Rice Field,person,2,False,False,,,False,False
15,old20,n301,Liang Yun,person,2,False,False,,,True,False
15,old20,n302,Y town,location,1,False,False,,,False,False
15,old20,n303,Two Nations Bridge,location,1,False,False,,,False,False
15,old20,n304,Nioi,person,3,False,False,,,True,False
15,old20,n305,Bianzhi,person,2,False,False,,,True,False
15,old20,n306,spider,clue_object,3,False,False,,,True,False
15,old20,n307,bathtub,location,0,False,False,,,False,False
15,old20,n308,Arimoto,person,2,False,False,,,True,False
15,old20,n309,Pindata,person,3,False,False,,,False,False
15,old20,n310,Inada Store,clue_object,2,False,False,,,False,False
15,old20,n311,Kanto Building office,location,1,False,False,,,False,False
15,old20,n312,Room No. 13,location,1,False,False,,,False,False
15,old20,n313,Inada family,person,1,False,False,,,False,False
15,old20,n314,Norio,person,4,False,False,,,False,True
15,old20,n315,Dr. Pankin's fame,clue_object,1,False,False,,,False,False
15,old20,n316,foreign detective novels,clue_object,1,False,False,,,False,False
15,old20,n317,reporters from different newspapers,clue_object,1,False,False,,,False,False
15,old20,n318,Dr. Pan Liu,person,0,False,False,,,False,False
15,old20,n319,Asahi Shimbun,clue_object,0,False,False,,,False,False
15,old20,n320,"Rental office, vacant rooms, first floor, 6 tsubo 1 room, rent 60 yen",clue_object,0,False,False,,,False,False
15,old20,n321,"Yachiyo District, Yachiyo Town, Kanto Building",location,0,False,False,,,False,False
15,old20,n322,Ginza office,clue_object,0,False,False,,,False,False
15,old20,n323,Yachiyo Building,location,0,False,False,,,False,False
15,old20,n324,Rice Field Art Gallery,clue_object,1,False,False,,,False,False
15,old20,n325,madman,person,0,False,False,,,False,False
15,old20,n326,Miss Yūki,person,0,False,False,,,False,False
15,old20,n327,the missing girls' photos,clue_object,1,False,False,,,False,False
15,old20,n328,poisonous spider silk,clue_object,1,False,False,,,False,False
15,old20,n329,Rie Hana,person,0,False,False,,,False,False
15,old20,n330,Nakagawa,person,2,False,False,,,True,False
15,old20,n331,Inspector Wakayama,person,0,False,False,,,False,False
15,old20,n332,Doctor's house,location,6,False,False,,,True,True
15,old20,n333,Old lady,person,2,False,False,,,True,False
15,old20,n334,Teacher,person,3,False,False,,,True,False
15,old20,n335,Miss Rikako,person,3,False,False,,,True,False
15,old20,n336,Naito,person,2,False,False,,,False,False
15,old20,n337,Mr. Waga,person,1,False,False,,,False,False
15,old20,n338,the open window,clue_object,0,False,False,,,False,False
15,old20,n339,the car that picked up Miss Rikako,clue_object,0,False,False,,,False,False
15,old20,n340,Dr. Hanaoka,person,1,False,False,,,False,False
15,old20,n342,the ticketing clerk,person,1,False,False,,,False,False
15,old20,n343,the elderly janitor,person,1,False,False,,,False,False
15,old20,n344,Detective Kato,person,2,False,False,,,True,True
15,old20,n345,Dr. Pananashi,person,2,False,False,,,True,True
15,old20,n346,N director,person,3,False,False,,,True,True
15,old20,n347,K theater,location,3,False,False,,,True,True
15,old20,n348,small screening room of the studio,location,2,False,False,,,False,False
15,old20,n349,projection room,location,2,False,False,,,False,False
15,old20,n350,red ink,clue_object,2,False,False,,,False,False
15,old20,n351,close-up shot,clue_object,1,False,False,,,False,False
15,old20,n352,Director N,person,8,False,False,,,True,True
15,old20,n353,July 5th,time_anchor,4,False,False,,,True,True
15,old20,n354,K film studio,location,2,False,False,,,True,True
15,old20,n355,Mr. Pansuke,person,0,False,False,,,False,False
15,old20,n356,Chief Inspector,person,0,False,False,,,False,False
15,old20,n357,O-land,location,0,False,False,,,False,False
15,old20,n358,Yuzu,person,0,False,False,,,False,False
15,old20,n359,K film factory,location,0,False,False,,,False,False
15,old20,n360,Mr. K,person,0,False,False,,,False,False
15,old20,n361,Okazaki,person,0,False,False,,,False,False
15,old20,n362,farmer,person,0,False,False,,,False,False
15,old20,n363,Aya,person,0,False,False,,,False,False
15,old20,n364,Noguchi (item),clue_object,0,False,False,,,False,False
15,old20,n365,worn-out Tokyo map,clue_object,0,False,False,,,False,False
15,old20,n366,Bo-ya,person,0,False,False,,,False,False
15,old20,n368,Panshin's house,location,0,False,False,,,False,False
15,old20,n369,Bo-ya's residence,location,0,False,False,,,False,False
15,old20,n370,previous car,clue_object,0,False,False,,,False,False
15,old20,n371,murderer,person,0,False,False,,,False,False
15,old20,n372,Inspector Waga,person,2,False,False,,,True,True
15,old20,n374,Pan Liu doctor,person,1,False,False,,,False,False
15,old20,n375,Bo Yue police officer,person,1,False,False,,,False,False
15,old20,n376,letter,clue_object,4,False,False,,,True,True
15,old20,n377,note,clue_object,2,False,False,,,True,True
15,old20,n379,Detective Boo Yasu,person,1,False,False,,,False,False
15,old20,n380,gun,clue_object,3,False,False,,,True,True
15,old20,n381,large props-filled space,location,1,False,False,,,False,False
15,old20,n382,two background walls' seam (30),location,1,False,False,,,False,False
15,old20,n384,Props worker,person,3,False,False,,,True,True
15,old20,n385,Dark room,location,1,False,False,,,False,False
15,old20,n386,Main entrance,location,1,False,False,,,False,False
15,old20,n387,Third exit,location,0,False,False,,,False,False
15,old20,n388,factory manager N director,person,0,False,False,,,False,False
15,old20,n389,actresses,person,0,False,False,,,False,False
15,old20,n390,detectives disguised as technicians and props workers,person,0,False,False,,,False,False
15,old20,n391,"real actors, technicians, and props workers",person,0,False,False,,,False,False
15,old20,n392,empty room,location,0,False,False,,,False,False
15,old20,n393,S,person,0,False,False,,,False,False
15,old20,n394,Dr. Hama,person,1,False,False,,,False,False
15,old20,n395,Detective Waga,person,1,False,False,,,False,False
15,old20,n396,Nakazaki Sanji,person,1,False,False,,,False,False
15,old20,n397,Dr. Matsuri,person,1,False,False,,,False,False
15,old20,n399,the nurse,person,1,False,False,,,False,False
15,old20,n400,high concrete wall,clue_object,2,False,False,,,True,True
15,old20,n401,broken glass,clue_object,0,False,False,,,False,False
15,old20,n402,medicine bottle,clue_object,0,False,False,,,False,False
15,old20,n403,cup,clue_object,0,False,False,,,False,False
15,old20,n404,bottle of water,clue_object,0,False,False,,,False,False
15,old20,n405,copper basin,clue_object,0,False,False,,,False,False
15,old20,n406,technical department room,location,1,False,False,,,False,False
15,old20,n407,blue-painted board,clue_object,3,False,False,,,False,True
15,old20,n408,small arrow,clue_object,1,False,False,,,False,False
15,old20,n409,number '3',clue_object,1,False,False,,,False,False
15,old20,n410,secret code,clue_object,0,False,False,,,False,False
15,old20,n411,toilets,location,1,False,False,,,False,False
15,old20,n412,electric poles,location,1,False,False,,,False,False
15,old20,n413,trees,location,1,False,False,,,False,False
15,old20,n414,film studio,location,3,False,False,,,False,False
15,old20,n415,Professor Panliu,person,1,False,False,,,False,False
15,old20,n416,K town police station,location,1,False,False,,,False,False
15,old20,n417,The bed,clue_object,1,False,False,,,False,False
15,old20,n418,The pocket watch,clue_object,0,False,False,,,False,False
15,old20,n419,Detective Bo'o,person,0,False,False,,,False,False
15,old20,n420,Kogorou-san,person,0,False,False,,,False,False
15,old20,n421,Sato,person,0,False,False,,,False,False
15,old20,n422,Director,person,0,False,False,,,False,False
15,old20,n423,Mr. Kuroda,person,0,False,False,,,False,False
15,old20,n424,Hoya,person,0,False,False,,,False,False
15,old20,n425,Wakisaka,person,9,False,False,,,False,False
15,old20,n426,Rikka's statue,clue_object,1,False,False,,,False,False
15,old20,n427,Chikako's aquarium,clue_object,1,False,False,,,False,False
15,old20,n428,Chikako's kidnapping attempt in O town,event,1,False,False,,,False,False
15,old20,n429,Chikako's kidnapping attempt in K film studio,event,1,False,False,,,False,False
15,old20,n430,Chikako's substitution in K house,event,1,False,False,,,False,False
15,old20,n431,Empty house in R town,location,1,False,False,,,False,False
15,old20,n432,Spider Man case,event,1,False,False,,,False,False
15,old20,n433,49 potential suspects,clue_object,1,False,False,,,False,False
15,old20,n434,List of characters in Chikako's room before and after the substitution incident,clue_object,1,False,False,,,False,False
15,old20,n435,Luggage swaying in the cabin,clue_object,0,False,False,,,False,False
15,old20,n436,Swaying ship,clue_object,0,False,False,,,False,False
15,old20,n437,Director of the police department holding a gun to rob a bank,clue_object,0,False,False,,,False,False
15,old20,n438,Detective Bōyō,person,5,False,False,,,True,True
15,old20,n439,Hattori Heiji,person,1,False,False,,,False,False
15,old20,n440,Doctor's study,location,2,False,False,,,False,False
15,old20,n441,Phone booth,clue_object,1,False,False,,,False,False
15,old20,n442,Study and bedroom adjacent,location,1,False,False,,,False,False
15,old20,n443,Maid's room,location,1,False,False,,,False,False
15,old20,n444,Bookshelf room,location,1,False,False,,,False,False
15,old20,n445,R Town empty house,location,0,False,False,,,False,False
15,old20,n446,Detective Wakagi,person,1,False,False,,,False,False
15,old20,n447,bedroom,location,5,False,False,,,True,True
15,old20,n448,pure white bed,clue_object,2,False,False,,,True,True
15,old20,n449,Dr. Pankōji,person,0,False,False,,,False,False
15,old20,n450,Hōe,person,1,False,False,,,False,False
15,old20,n451,Kei,person,2,False,False,,,True,True
15,old20,n452,Indian,person,2,False,False,,,False,True
15,old20,n453,secret door,location,1,False,False,,,False,False
15,old20,n454,Platina,person,1,False,False,,,False,False
15,old20,n455,patrol officers,person,4,False,False,,,True,True
15,old20,n457,Inspector Hiroshi Kagawa,person,1,False,False,,,False,False
15,old20,n458,patrolling officer with glasses and a small black mustache,person,1,False,False,,,False,False
15,old20,n459,young patrolling officer,person,1,False,False,,,False,False
15,old20,n461,Takada,person,1,False,False,,,False,False
15,old20,n462,Mr. Ohashi,person,1,False,False,,,False,False
15,old20,n463,Specimen,clue_object,3,False,False,,,True,True
15,old20,n464,Kogorou,person,1,False,False,,,False,False
15,old20,n465,coffin,clue_object,0,False,False,,,False,False
15,old20,n467,Detective Higuchi,person,0,False,False,,,False,False
15,old20,n468,Detective Naito,person,0,False,False,,,False,False
15,old20,n469,coffin lid,clue_object,0,False,False,,,False,False
15,old20,n470,body,clue_object,0,False,False,,,False,False
15,old20,n471,destination,location,0,False,False,,,False,False
15,old20,n472,wedge-shaped stone block,clue_object,0,False,False,,,False,False
15,old20,n473,rustic village near Tokyo,location,0,False,False,,,False,False
15,old20,n474,small house,location,0,False,False,,,False,False
15,old20,n475,old man,person,3,False,False,,,True,True
15,old20,n476,wife,person,0,False,False,,,False,False
15,old20,n477,cook,person,0,False,False,,,False,False
15,old20,n478,Tokyo girl,person,0,False,False,,,False,False
15,old20,n479,cliff,location,2,False,False,,,True,True
15,old20,n480,Tama River,location,0,False,False,,,False,False
15,old20,n482,K (factory owner),person,0,False,False,,,False,False
15,old20,n483,elderly relative living in H village,person,0,False,False,,,False,False
15,old20,n484,H village,location,1,False,False,,,False,False
15,old20,n485,morning glories,clue_object,0,False,False,,,False,False
15,old20,n486,Detective Clever,person,1,False,False,,,False,False
15,old20,n487,Zheng Ming,person,5,False,False,,,True,True
15,old20,n488,Mishima,person,1,False,False,,,False,False
15,old20,n489,Dr. Fujinami,person,1,False,False,,,False,False
15,old20,n490,Yoshiko Fuyu,person,1,False,False,,,False,False
15,old20,n492,Pan Liu,person,2,False,False,,,True,True
15,old20,n493,Tsugumi,person,2,False,False,,,True,True
15,old20,n495,Oyae,person,2,False,False,,,True,True
15,old20,n496,the yard,location,0,False,False,,,False,False
15,old20,n497,Miss Yoshiko,person,0,False,False,,,False,False
15,old20,n499,Tokyo,location,0,False,False,,,False,False
15,old20,n500,house,location,0,False,False,,,False,False
15,old20,n501,fields,location,0,False,False,,,False,False
15,old20,n502,Yasuko-san,person,0,False,False,,,False,False
15,old20,n503,Doctor Pan-ju,person,0,False,False,,,False,False
15,old20,n504,Oyuki,person,0,False,False,,,False,False
15,old20,n505,Tohru,person,1,False,False,,,False,False
15,old20,n506,dolls,clue_object,1,False,False,,,False,False
15,old20,n507,Panorama Museum,location,1,False,False,,,False,False
15,old20,n508,"5,000 yuan",clue_object,0,False,False,,,False,False
15,old20,n509,Panorama Museum entrance,location,2,False,False,,,False,False
15,old20,n510,empty rooms,clue_object,1,False,False,,,False,False
15,old20,n511,"dark, narrow tunnel-like hole",location,1,False,False,,,False,False
15,old20,n512,Panorama Pavilion,location,2,False,False,,,False,True
15,old20,n513,dark tunnel,location,0,False,False,,,False,False
15,old20,n514,world of red and blue intertwined,location,0,False,False,,,False,False
15,old20,n515,Panorama Museum lobby,location,1,False,False,,,False,False
15,old20,n516,storage room,location,1,False,False,,,False,False
15,old20,n517,pile of dummies,clue_object,1,False,False,,,False,False
15,old20,n518,living person,person,3,False,False,,,False,True
15,old20,n519,Mr. Fukuda,person,1,False,False,,,False,False
15,old20,n520,mannequin,person,1,True,False,1169,,False,False
15,old20,n521,demon,person,0,False,False,,,False,False
15,old20,n522,fifty-nine meat blocks,clue_object,0,False,False,,,False,False
15,old20,n523,cotton-like white object,clue_object,0,False,False,,,False,False
15,old20,n524,watch,clue_object,0,False,False,,,False,False
15,old20,n525,forty-nine girls,person,4,False,False,,,True,True
15,old20,n526,Strange mannequin,clue_object,2,False,False,,,True,True
15,old20,n527,Anesthetic drug,clue_object,1,False,False,,,False,False
15,old20,n528,Pannoramic Hall,location,1,False,False,,,False,False
15,old20,n529,Small room like a box,location,2,False,False,,,False,True
15,old20,n530,Back of Pannoramic Hall's curtain,location,0,False,False,,,False,False
15,old20,n531,Circular window with glass,clue_object,1,False,False,,,False,False
15,old20,n532,Poison gas device,clue_object,0,False,False,,,False,False
15,old20,n533,Button,clue_object,0,False,False,,,False,False
15,old20,n534,Audience's seats,location,0,False,False,,,False,False
15,old20,n535,Fukushima Torajirou,person,0,False,False,,,False,False
15,old20,n536,Naked dolls,clue_object,0,False,False,,,False,False
15,old20,n537,Doll factory,location,0,False,False,,,False,False
15,old20,n538,Dead bodies of girls,clue_object,0,False,False,,,False,False
15,old20,n539,Chief Bao,person,0,False,False,,,False,False
15,old20,n540,three detectives,person,0,False,False,,,False,False
15,old20,n541,Inspector Namikoshi,person,0,False,False,,,False,False
15,old20,n542,sharp points of the knives and swords,clue_object,0,False,False,,,False,False
15,old20,n543,paper sheet,clue_object,0,False,False,,,False,False
15,old20,n544,O-land residential area,location,1,False,False,,,False,False
15,old20,n545,Kyoto-Hamamatsu railway line,location,0,False,False,,,False,False
15,old20,n546,O district,location,1,False,False,,,False,False
15,old20,n547,Inoue,person,1,False,False,,,False,False
15,old20,n548,Visitor (girl),person,3,False,False,,,True,True
15,old20,n549,Bank,location,0,False,False,,,False,False
15,old20,n550,Oshino,person,1,False,False,,,False,False
15,old20,n551,strange empty house,location,4,False,False,,,True,True
15,old20,n552,coffee shop,location,0,False,False,,,False,False
15,old20,n553,hotel,location,0,False,False,,,False,False
15,old20,n554,Goda-machi,location,0,False,False,,,False,False
15,old20,n555,plaster statues,clue_object,0,False,False,,,False,False
15,old20,n556,window of that room,clue_object,1,False,False,,,False,False
15,old20,n557,third person,person,1,False,False,,,False,False
15,old20,n558,sister,person,1,False,False,,,False,False
15,old20,n559,mother,person,3,False,False,,,False,False
15,old20,n560,relative in Tokyo,person,1,False,False,,,False,False
15,old20,n561,close friends,person,0,False,False,,,False,False
15,old20,n562,plaster craft,clue_object,0,False,False,,,False,False
15,old20,n563,the item,clue_object,0,False,False,,,False,False
15,old20,n564,the professor,person,6,False,False,,,True,True
15,old20,n565,Onizaki,person,2,False,False,,,True,True
15,old20,n566,Rikiko Ijima,person,1,False,False,,,False,False
15,old20,n567,Y,person,1,False,False,,,False,False
15,old20,n568,K-chan,person,1,False,False,,,False,False
15,old20,n569,the police section (25),location,0,False,False,,,False,False
15,old20,n570,Boo Yongbu,person,2,False,False,,,True,True
15,old20,n571,gentleman in a white and blue striped kimono,clue_object,1,False,False,,,False,False
15,old20,n572,Onizuka,person,0,False,False,,,False,False
15,old20,n573,car seat,clue_object,1,False,False,,,False,False
15,old20,n574,dilapidated farmhouse warehouse,location,0,False,False,,,False,False
15,old20,n575,Detective Wakahara,person,0,False,False,,,False,False
15,old20,n576,Cameraman,person,0,False,False,,,False,False
15,old20,n577,Actors,person,0,False,False,,,False,False
15,old20,n578,Actors' assistants,person,0,False,False,,,False,False
15,old20,n579,Undercover detectives,person,0,False,False,,,False,False
15,old20,n581,I (industry veteran),person,0,False,False,,,False,False
15,old20,n582,Male Boy (29),person,0,False,False,,,False,False
15,old20,n583,Prop man,person,0,False,False,,,False,False
15,old20,n584,Detective Oyama (actor),clue_object,0,False,False,,,False,False
15,old20,n585,Drink,clue_object,0,False,False,,,False,False
15,old20,n586,Restaurant,location,0,False,False,,,False,False
15,old20,n587,Film crew,location,0,False,False,,,False,False
15,old20,n588,cinematographer's assistant,person,1,False,False,,,False,False
15,old20,n589,spotlight,clue_object,1,False,False,,,False,False
15,old20,n590,large prop,location,0,False,False,,,False,False
15,old20,n591,search team,person,4,False,False,,,True,True
15,old20,n592,track,clue_object,3,False,False,,,True,True
15,old20,n593,horizontal bar,clue_object,2,False,False,,,True,True
15,old20,n594,water tank,clue_object,0,False,False,,,False,False
15,old20,n595,Bo-ya Jouda,person,0,False,False,,,False,False
15,old20,n597,guards,person,1,False,False,,,False,False
15,old20,n598,suspect,person,2,False,False,,,True,True
15,old20,n599,field,location,1,False,False,,,False,False
15,old20,n600,Dr. Pankan,person,0,False,False,,,False,False
15,old20,n601,Rie Arisugawa,person,0,False,False,,,False,False
15,old20,n603,K (factory manager),person,0,False,False,,,False,False
15,old20,n606,Dr. Hanae,person,1,False,False,,,False,False
15,old20,n607,Platano,person,1,False,False,,,False,False
15,old20,n608,Hajime Gotō,person,1,False,False,,,False,False
15,old20,n609,Hidaka,person,0,False,False,,,False,False
15,old20,n610,Hirano,person,0,False,False,,,False,False
15,old20,n611,manager,person,0,False,False,,,False,False
15,old20,n612,old house owner,person,0,False,False,,,False,False
15,old20,n613,package,clue_object,0,False,False,,,False,False
15,old20,n614,ovens,clue_object,0,False,False,,,False,False
15,old20,n615,square,location,0,False,False,,,False,False
15,old20,n616,Yōko,person,0,False,False,,,False,False
15,old20,n617,rapids of the Tama River,location,0,False,False,,,False,False
15,old20,n618,Darkroom,location,2,False,False,,,False,True
15,old20,n619,Forty-nine victims,person,1,False,False,,,False,False
15,old20,n620,Red light,clue_object,0,False,False,,,False,False
15,old20,n622,The giant,person,1,False,False,,,False,False
15,old20,n623,Dr. Hatanaka,person,1,False,False,,,False,False
15,old20,n624,Inspector Hirata,person,1,False,False,,,False,False
15,old20,n625,Rikako Fujisawa,person,0,False,False,,,False,False
15,old20,n626,The three girls,person,0,False,False,,,False,False
15,old20,n627,A student,person,1,False,False,,,False,False
15,old20,n628,The plaster,clue_object,2,False,False,,,False,False
15,old20,n629,A circular car,clue_object,0,False,False,,,False,False
15,old20,n630,The aquarium murder,event,1,False,False,,,False,False
15,old20,n631,The living room,location,5,False,False,,,False,True
15,old20,n632,Dr. Shang,person,0,False,False,,,False,False
15,old20,n634,Wakayama,person,1,False,False,,,False,False
15,old20,n635,Fuji Yoko,person,0,False,False,,,False,False
15,old20,n636,Western-style envelope,clue_object,0,False,False,,,False,False
15,old20,n637,Miss Chinen,person,1,False,False,,,False,False
15,old20,n638,the man who wrote the fake letter,person,1,False,False,,,False,False
15,old20,n639,Yuzuki,person,2,False,False,,,True,True
15,old20,n640,the enemy's invitation,clue_object,2,False,False,,,True,True
15,old20,n641,Wave,person,2,False,False,,,False,True
15,old20,n642,the doctor's appointment,event,1,False,False,,,False,False
15,old20,n643,Photographer S,person,0,False,False,,,False,False
15,old20,n644,Fujiko Yoko,person,0,False,False,,,False,False
15,old20,n645,three secret bodyguards,person,1,False,False,,,False,False
15,old20,n646,six detectives,person,1,False,False,,,False,False
15,old20,n647,Detective Ohashi,person,9,False,False,,,True,True
15,old20,n648,Detective O,person,1,False,False,,,False,False
15,old20,n649,assistant director,person,0,False,False,,,False,False
15,old20,n650,photography assistant,person,0,False,False,,,False,False
15,old20,n651,small gang member,person,0,False,False,,,False,False
15,old20,n652,movie studio cars,clue_object,0,False,False,,,False,False
15,old20,n653,police car,clue_object,0,False,False,,,False,False
15,old20,n654,road,location,1,False,False,,,False,False
15,old20,n655,bushes,location,1,False,False,,,False,False
15,old20,n656,bend,location,1,False,False,,,False,False
15,old20,n658,plainclothes detectives,person,7,False,False,,,False,True
15,old20,n659,chair with cushion,clue_object,1,False,False,,,False,False
15,old20,n660,cushion,clue_object,1,False,False,,,False,False
15,old20,n661,"shirt, white socks with felt sandals",clue_object,1,False,False,,,False,False
15,old20,n662,red and swollen scars,clue_object,1,False,False,,,False,False
15,old20,n663,gold-capped teeth,clue_object,1,False,False,,,False,False
15,old20,n664,smiling face,clue_object,1,False,False,,,False,False
15,old20,n665,female leg,clue_object,1,False,False,,,False,False
15,old20,n666,ghost or murderer,event,0,False,False,,,False,False
15,old20,n667,female clerk Rikiko Harumi,person,0,False,False,,,False,False
15,old20,n668,plaster cast right arm,clue_object,0,False,False,,,False,False
15,old20,n669,D Middle School,location,1,False,False,,,False,False
15,old20,n670,drawing model,clue_object,1,False,False,,,False,False
15,old20,n671,O town's hillside residential area,location,0,False,False,,,False,False
15,old20,n672,Hagiwara,person,1,False,False,,,False,False
15,old20,n673,inexplicable lovers,person,0,False,False,,,False,False
15,old20,n674,rapids,location,0,False,False,,,False,False
15,old20,n676,Kogō Shōzō,person,0,False,False,,,False,False
15,old20,n677,rocks,location,1,False,False,,,False,False
15,old20,n678,grave,location,2,False,False,,,True,True
15,old20,n679,Hiroshi Hirano,person,1,False,False,,,False,False
15,old20,n680,Spider Man's crimes,clue_object,1,False,False,,,False,False
16,old20,n1,The wise man,person,11,False,False,,,True,True
16,old20,n2,Nagao,person,0,False,False,,,False,False
16,old20,n3,young master,person,3,False,False,,,True,False
16,old20,n4,investigator,person,1,False,False,,,False,False
16,old20,n5,servant,person,2,False,False,,,False,False
16,old20,n6,red cat,clue_object,8,False,False,,,True,False
16,old20,n7,broken doorway,location,1,False,False,,,False,False
16,old20,n8,corridor,location,7,False,False,,,True,False
16,old20,n9,study,location,3,False,False,,,True,False
16,old20,n10,bedroom,location,3,False,False,,,True,False
16,old20,n11,body,clue_object,4,False,False,,,True,False
16,old20,n12,chrysanthemums,clue_object,0,False,False,,,False,False
16,old20,n13,Mr. Takamura,person,0,False,False,,,False,False
16,old20,n14,Inspector Wakayama,person,0,False,False,,,False,False
16,old20,n15,Booze Inspector,person,3,False,False,,,False,True
16,old20,n16,Yamauchi family,person,0,False,False,,,False,False
16,old20,n17,blood handprint,clue_object,1,False,False,,,False,False
16,old20,n18,ruler,clue_object,0,False,False,,,False,False
16,old20,n19,court,person,1,False,False,,,False,False
16,old20,n20,Fukuda's residence,location,1,False,False,,,False,False
16,old20,n21,bridge,location,1,False,False,,,False,False
16,old20,n22,Tokujiro Kishi,person,3,False,False,,,False,True
16,old20,n23,Ueno Station,location,0,False,False,,,False,False
16,old20,n24,gas chandelier,clue_object,1,False,False,,,False,False
16,old20,n25,luxurious sofa,clue_object,1,False,False,,,False,False
16,old20,n26,thick cushions,clue_object,1,False,False,,,False,False
16,old20,n27,woman,person,19,False,False,,,True,True
16,old20,n28,black silk loose dress,clue_object,1,False,False,,,False,False
16,old20,n29,silver tray,clue_object,1,False,False,,,False,False
16,old20,n30,drinks,clue_object,1,False,False,,,False,False
16,old20,n31,snacks,clue_object,1,False,False,,,False,False
16,old20,n32,residence,location,2,False,False,,,True,True
16,old20,n33,daughter,person,1,False,False,,,False,False
16,old20,n34,danger,event,0,False,False,,,False,False
16,old20,n35,strange car,clue_object,0,False,False,,,False,False
16,old20,n36,house,location,3,False,False,,,True,True
16,old20,n37,Tokyo,location,1,False,False,,,False,False
16,old20,n38,Wise,person,3,False,False,,,True,False
16,old20,n39,Intelligent,person,3,False,False,,,True,False
16,old20,n40,Owner,person,1,False,False,,,False,False
16,old20,n41,Girl,person,8,False,False,,,True,False
16,old20,n42,Miki,person,0,False,False,,,False,False
16,old20,n43,Fukuda,person,5,False,False,,,True,True
16,old20,n44,Hattori,person,0,False,False,,,False,False
16,old20,n45,thief leader,person,0,False,False,,,False,False
16,old20,n46,masked men,person,0,False,False,,,False,False
16,old20,n47,joker mask,clue_object,0,False,False,,,False,False
16,old20,n48,Fukuda's body,clue_object,0,False,False,,,False,False
16,old20,n49,Keiji Miyoshi,person,6,False,False,,,False,False
16,old20,n50,Zhuang Zi,person,1,False,False,,,False,False
16,old20,n51,monster-like intellect,clue_object,1,False,False,,,False,False
16,old20,n52,small boat,clue_object,2,False,False,,,False,True
16,old20,n53,vast and unfathomable nature,clue_object,1,False,False,,,False,False
16,old20,n54,small factory,location,1,False,False,,,False,False
16,old20,n55,clock,clue_object,5,False,False,,,True,True
16,old20,n56,clock pendulum,clue_object,2,False,False,,,True,True
16,old20,n57,mechanical room,location,5,False,False,,,True,True
16,old20,n58,note,clue_object,4,False,False,,,True,True
16,old20,n59,gun,clue_object,1,False,False,,,False,False
16,old20,n60,stick,clue_object,1,False,False,,,False,False
16,old20,n61,monster,person,14,False,False,,,True,True
16,old20,n62,Ichirō,person,10,False,False,,,True,True
16,old20,n63,One-ling,person,1,False,False,,,False,False
16,old20,n64,villain,person,10,False,False,,,True,True
16,old20,n65,clock tower,location,6,False,False,,,True,True
16,old20,n66,guillotine,clue_object,1,False,False,,,False,False
16,old20,n67,dial,clue_object,3,False,False,,,True,False
16,old20,n68,long hand,clue_object,1,False,False,,,False,False
16,old20,n69,round hole,clue_object,3,False,False,,,True,False
16,old20,n70,Garden Yamanaka 25,location,1,False,False,,,False,False
16,old20,n71,Yamamura family,person,4,False,False,,,True,True
16,old20,n72,Shibumi,person,2,False,False,,,True,False
16,old20,n73,Shoji,person,3,False,False,,,True,False
16,old20,n74,Ogi-san,person,2,False,False,,,False,False
16,old20,n75,Yoshino,person,1,False,False,,,False,False
16,old20,n76,One son,person,0,False,False,,,False,False
16,old20,n77,Two sons,person,0,False,False,,,False,False
16,old20,n78,Oyaji (old man),person,0,False,False,,,False,False
16,old20,n79,Mariko,person,8,False,False,,,True,True
16,old20,n80,Clock's mechanism,clue_object,0,False,False,,,False,False
16,old20,n81,Secret room,location,0,False,False,,,False,False
16,old20,n82,Niiro,person,1,False,False,,,False,False
16,old20,n83,garden girl,person,2,False,False,,,False,False
16,old20,n84,Sanjuro,person,3,False,False,,,True,True
16,old20,n86,Yasuko,person,1,False,False,,,False,False
16,old20,n87,Ichiro,person,1,False,False,,,False,False
16,old20,n88,Erlang,person,8,False,False,,,True,False
16,old20,n89,Great Magic,clue_object,0,False,False,,,False,False
16,old20,n90,heavy broadsword,clue_object,2,False,False,,,True,False
16,old20,n91,red liquid,clue_object,2,False,False,,,True,False
16,old20,n92,chair,location,1,False,False,,,False,False
16,old20,n93,torso,clue_object,1,False,False,,,False,False
16,old20,n94,two lords,person,1,False,False,,,False,False
16,old20,n95,garden yamazaki,person,1,False,False,,,False,False
16,old20,n96,musicians,person,0,False,False,,,False,False
16,old20,n97,magician,person,4,False,False,,,True,True
16,old20,n98,severed head and limbs,clue_object,2,False,False,,,False,True
16,old20,n99,second son,person,1,False,False,,,False,False
16,old20,n100,Onizuka,person,1,False,False,,,False,False
16,old20,n101,Yongji,person,4,False,False,,,True,False
16,old20,n102,Inari villa,location,2,False,False,,,True,False
16,old20,n103,entrance,location,2,False,False,,,True,False
16,old20,n104,wooden door,clue_object,0,False,False,,,False,False
16,old20,n105,man,person,3,False,False,,,True,False
16,old20,n106,sack,clue_object,0,False,False,,,False,False
16,old20,n107,lighter,clue_object,1,False,False,,,False,False
16,old20,n108,iron shovel,clue_object,1,False,False,,,False,False
16,old20,n109,Yaoji,person,1,False,False,,,False,False
16,old20,n110,Yoshio,person,1,False,False,,,False,False
16,old20,n111,Toraji,person,0,False,False,,,False,False
16,old20,n112,Hua Yuanyang,person,1,False,False,,,False,False
16,old20,n113,Yingji,person,1,False,False,,,False,False
16,old20,n114,Satoshi Akagi,person,3,False,False,,,True,True
16,old20,n115,Inspector Waga,person,0,False,False,,,False,False
16,old20,n116,Osaki,person,0,False,False,,,False,False
16,old20,n117,Mei-ko,person,0,False,False,,,False,False
16,old20,n118,Ichi-ko,person,0,False,False,,,False,False
16,old20,n119,the Inagaki house,location,1,False,False,,,False,False
16,old20,n120,the newspaper,clue_object,0,False,False,,,False,False
16,old20,n121,the slingshot,clue_object,0,False,False,,,False,False
16,old20,n122,the cup,clue_object,0,False,False,,,False,False
16,old20,n123,the poisoned tea,clue_object,0,False,False,,,False,False
16,old20,n125,Miyoshi,person,0,False,False,,,False,False
16,old20,n126,Genji,clue_object,0,False,False,,,False,False
16,old20,n127,The bandit,person,0,False,False,,,False,False
16,old20,n128,the leader,person,1,False,False,,,False,False
16,old20,n129,backstage exit,location,0,False,False,,,False,False
16,old20,n130,audience,person,1,False,False,,,False,False
16,old20,n131,backstage,location,2,False,False,,,False,True
16,old20,n132,audience below,location,2,False,False,,,False,True
16,old20,n133,stage,location,0,False,False,,,False,False
16,old20,n134,backstage exit is a dead end,clue_object,1,False,False,,,False,False
16,old20,n135,one escape route,clue_object,1,False,False,,,False,False
16,old20,n136,audience making noise,event,1,False,False,,,False,False
16,old20,n137,women screaming,event,0,False,False,,,False,False
16,old20,n138,prop red ink,clue_object,0,False,False,,,False,False
16,old20,n139,labyrinth of sets and props,location,1,False,False,,,False,False
16,old20,n140,ladder,clue_object,0,False,False,,,False,False
16,old20,n141,ceiling,location,2,False,False,,,True,True
16,old20,n142,clown,person,1,False,False,,,False,False
16,old20,n143,pursuers,person,2,False,False,,,False,True
16,old20,n144,audience's ceiling,location,2,False,False,,,False,True
16,old20,n145,attic,location,0,False,False,,,False,False
16,old20,n146,clown suit,clue_object,0,False,False,,,False,False
16,old20,n147,wire,clue_object,0,False,False,,,False,False
16,old20,n148,audience seats,clue_object,0,False,False,,,False,False
16,old20,n149,policemen,person,0,False,False,,,False,False
16,old20,n150,managers,person,0,False,False,,,False,False
16,old20,n151,Mutsuhito,person,6,False,False,,,False,True
16,old20,n152,himura,person,1,False,False,,,False,False
16,old20,n153,Matsuda,person,1,False,False,,,False,False
16,old20,n154,Sato,person,2,False,False,,,False,True
16,old20,n155,the detached house,location,1,False,False,,,False,False
16,old20,n156,the long box that looked like a coffin,clue_object,1,False,False,,,False,False
16,old20,n157,the woman tied to the column,person,1,False,False,,,False,False
16,old20,n158,the demon's henchmen,person,1,False,False,,,False,False
16,old20,n159,y gun,clue_object,0,False,False,,,False,False
16,old20,n160,young man,person,5,False,False,,,True,False
16,old20,n161,police,person,2,False,False,,,True,False
16,old20,n162,Miss Jiao,person,1,False,False,,,False,False
16,old20,n163,Miss Chiho,person,1,False,False,,,False,False
16,old20,n164,Miaozi Miss,person,0,False,False,,,False,False
16,old20,n165,diamond collection,clue_object,1,False,False,,,False,False
16,old20,n166,Yujin,person,1,False,False,,,False,False
16,old20,n167,Gauyuan,person,0,False,False,,,False,False
16,old20,n168,prized diamond,clue_object,3,False,False,,,True,True
16,old20,n169,cow (Wang's family member),person,4,False,False,,,True,False
16,old20,n170,Matsuko,person,8,False,False,,,True,True
16,old20,n171,dinner party,event,2,False,False,,,True,False
16,old20,n172,vengeful ghost,person,0,False,False,,,False,False
16,old20,n173,Taro,person,1,False,False,,,False,False
16,old20,n174,Jūmura family,person,1,False,False,,,False,False
16,old20,n175,Jūmura,person,0,False,False,,,False,False
16,old20,n176,microfilm,clue_object,0,False,False,,,False,False
16,old20,n177,playroom,location,1,False,False,,,False,False
16,old20,n178,basement,location,8,False,False,,,True,True
16,old20,n179,staircase,clue_object,0,False,False,,,False,False
16,old20,n180,iron door,clue_object,1,False,False,,,False,False
16,old20,n181,white cloth curtain,clue_object,0,False,False,,,False,False
16,old20,n182,Niohara,person,0,False,False,,,False,False
16,old20,n183,Lover,person,0,False,False,,,False,False
16,old20,n184,Master's Guest,person,0,False,False,,,False,False
16,old20,n185,Host,person,2,False,False,,,False,False
16,old20,n186,Nakanishi,person,0,False,False,,,False,False
16,old20,n187,Cabinet,clue_object,3,False,False,,,True,True
16,old20,n188,Steps,clue_object,0,False,False,,,False,False
16,old20,n189,Cave,clue_object,0,False,False,,,False,False
16,old20,n190,Red Brick,clue_object,0,False,False,,,False,False
16,old20,n191,Trowel,clue_object,0,False,False,,,False,False
16,old20,n192,wall hole,location,1,False,False,,,False,False
16,old20,n193,bottle of wine,clue_object,1,False,False,,,False,False
16,old20,n194,laughter,event,1,False,False,,,False,False
16,old20,n195,Takamura,person,0,False,False,,,False,False
16,old20,n196,Oyama Mitsuzo,person,0,False,False,,,False,False
16,old20,n197,Yashiro Kouhei,person,0,False,False,,,False,False
16,old20,n198,Yumeko,person,0,False,False,,,False,False
16,old20,n199,Hakkyū,person,0,False,False,,,False,False
16,old20,n200,Mitsuzo's mistress,person,0,False,False,,,False,False
16,old20,n201,red brick basement,location,1,False,False,,,False,False
16,old20,n202,Okura Yoshinobu,person,2,False,False,,,False,False
16,old20,n203,wall that Okura Yoshinobu mentioned,location,2,False,False,,,False,False
16,old20,n204,red brick wall,clue_object,4,False,False,,,True,True
16,old20,n205,dark hole leading to the entrance of hell,location,2,False,False,,,False,False
16,old20,n206,Miyako,person,1,False,False,,,False,False
16,old20,n207,Terrifying Will,clue_object,1,False,False,,,False,False
16,old20,n208,"brick wall collapsed with a loud rumble, revealing a pit behind it",event,2,False,False,,,False,False
16,old20,n209,red bricks in front of the hole,clue_object,0,False,False,,,False,False
16,old20,n210,"Wen Dai, the daughter of the demon",person,9,False,False,,,True,False
16,old20,n211,Zhuang,person,2,False,False,,,False,False
16,old20,n212,Detective Bōyō,person,6,False,False,,,True,True
16,old20,n213,Kita no Higashi residence,location,2,False,False,,,True,True
16,old20,n214,local police station,location,1,False,False,,,False,False
16,old20,n215,mansion,location,1,False,False,,,False,False
16,old20,n216,ship,clue_object,1,False,False,,,False,False
16,old20,n217,third time,clue_object,1,False,False,,,False,False
16,old20,n218,beast,person,3,False,False,,,True,True
16,old20,n219,Sengaku,person,4,False,False,,,True,True
16,old20,n220,Yuanzao,person,3,False,False,,,True,True
16,old20,n221,three times,person,0,False,False,,,False,False
16,old20,n222,Tanjou,person,0,False,False,,,False,False
16,old20,n223,Mingzhi,person,5,False,False,,,True,True
16,old20,n224,Inspector Bao Ye,person,1,False,False,,,False,False
16,old20,n225,Souryo,person,3,False,False,,,True,True
16,old20,n226,patrol boat,clue_object,1,False,False,,,False,False
16,old20,n227,police patrol boat,clue_object,0,False,False,,,False,False
16,old20,n228,Zhenzhi,person,2,False,False,,,True,True
16,old20,n229,Zhuangyi,person,1,False,False,,,False,False
16,old20,n230,Source,person,2,False,False,,,False,False
16,old20,n231,Detective Wakayama,person,2,False,False,,,True,True
16,old20,n232,Miyamoto,person,3,False,False,,,True,True
16,old20,n233,Shinichi Himori,person,2,False,False,,,True,True
16,old20,n234,Taketaro,person,2,False,False,,,True,True
16,old20,n235,Fukuda-san,person,2,False,False,,,False,True
16,old20,n236,Mr. Yamamura Shuntao,person,0,False,False,,,False,False
16,old20,n237,the client,person,1,False,False,,,False,False
16,old20,n238,the hotel room,location,1,False,False,,,False,False
16,old20,n239,the white sheet,clue_object,1,False,False,,,False,False
16,old20,n240,the client's relative,person,1,False,False,,,False,False
16,old20,n241,November 20th,time_anchor,1,False,False,,,False,False
16,old20,n242,Fukuda Derijirou,person,1,False,False,,,False,False
16,old20,n243,Inspector,person,0,False,False,,,False,False
16,old20,n244,Scholars,person,0,False,False,,,False,False
16,old20,n245,Yokohama River,location,1,False,False,,,False,False
16,old20,n246,Bridge railings,location,0,False,False,,,False,False
16,old20,n247,Floating wood,clue_object,1,False,False,,,False,False
16,old20,n248,Man's head,clue_object,2,False,False,,,False,True
16,old20,n249,Police search team,person,0,False,False,,,False,False
16,old20,n250,Cargo ships and ferries,clue_object,1,False,False,,,False,False
16,old20,n251,One-chan,person,2,False,False,,,True,True
16,old20,n252,digital clock face,clue_object,1,False,False,,,False,False
16,old20,n253,roof of the house,location,2,False,False,,,True,True
16,old20,n254,Yujin Matsuda,person,2,False,False,,,False,False
16,old20,n255,Niohara's residence,location,1,False,False,,,False,False
16,old20,n256,wall hole in front of the brick wall,clue_object,3,False,False,,,True,False
16,old20,n257,live burial ceremony,event,2,False,False,,,True,False
16,old20,n258,mortar,clue_object,1,False,False,,,False,False
16,old20,n259,brick wall,clue_object,4,False,False,,,True,False
16,old20,n260,drunk man,person,5,False,False,,,True,False
16,old20,n261,He,person,0,False,False,,,False,False
16,old20,n262,Yucun,person,1,False,False,,,False,False
16,old20,n263,Wenchang,person,1,False,False,,,False,False
16,old20,n264,Fung,person,0,False,False,,,False,False
16,old20,n265,Three,person,2,False,False,,,True,True
16,old20,n266,Daiichiro,person,4,False,False,,,True,False
16,old20,n267,the eastern sky,location,2,False,False,,,True,False
16,old20,n268,the deck,location,2,False,False,,,True,False
16,old20,n269,the bookworm,person,3,False,False,,,True,True
16,old20,n270,the locked door,clue_object,2,False,False,,,False,False
16,old20,n271,the key,clue_object,1,False,False,,,False,False
16,old20,n272,the flute sound,event,0,False,False,,,False,False
16,old20,n273,Danzhu,person,1,False,False,,,False,False
16,old20,n274,the four-room keys,clue_object,0,False,False,,,False,False
16,old20,n275,Danzhu's father's bedroom,location,2,False,False,,,False,True
16,old20,n276,the train departing at 2:10 pm and arriving at Ueno at 7:30 pm,event,1,False,False,,,False,False
16,old20,n277,Mr. Fukuda,person,1,False,False,,,False,False
16,old20,n278,Mingyi,person,0,False,False,,,False,False
16,old20,n279,Detective Omi,person,4,False,False,,,False,True
16,old20,n280,Detective Wakasato,person,1,False,False,,,False,False
16,old20,n281,Patrol officer,person,1,False,False,,,False,False
16,old20,n282,Driver,person,2,False,False,,,False,True
16,old20,n283,Detective Matsuda,person,0,False,False,,,False,False
16,old20,n284,Er Lang,person,0,False,False,,,False,False
16,old20,n285,Akutagawa,person,0,False,False,,,False,False
16,old20,n286,stone wall by the seashore,location,0,False,False,,,False,False
16,old20,n287,Omi Island coast,location,0,False,False,,,False,False
16,old20,n288,Hachiro,person,0,False,False,,,False,False
16,old20,n289,private room,location,0,False,False,,,False,False
16,old20,n290,Yutaka,person,1,False,False,,,False,False
16,old20,n291,Shiroh,person,2,False,False,,,True,True
16,old20,n292,prank messages,clue_object,2,False,False,,,True,True
16,old20,n293,the other party,person,1,False,False,,,False,False
16,old20,n294,the warning letters,clue_object,2,False,False,,,False,True
16,old20,n295,the sealed room,location,2,False,False,,,False,True
16,old20,n296,Yoshimura,person,2,False,False,,,False,False
16,old20,n297,Detective Ueno,person,2,False,False,,,True,False
16,old20,n298,Kaido-kun,person,2,False,False,,,True,False
16,old20,n299,Shinichi,person,0,False,False,,,False,False
16,old20,n300,deceased,person,3,False,False,,,True,False
16,old20,n301,seven-foot-tall giant,clue_object,0,False,False,,,False,False
16,old20,n302,Mingzhu,person,0,False,False,,,False,False
16,old20,n303,candle,clue_object,0,False,False,,,False,False
16,old20,n304,ocean,location,0,False,False,,,False,False
16,old20,n305,starlight,clue_object,0,False,False,,,False,False
16,old20,n306,Wencai,person,0,False,False,,,False,False
16,old20,n307,Fujie,person,1,False,False,,,False,False
16,old20,n308,Tiger's den,location,1,False,False,,,False,False
16,old20,n309,Wolf's den,location,1,False,False,,,False,False
16,old20,n310,Endless expanse of dark water,location,1,False,False,,,False,False
16,old20,n311,Dark shadow,clue_object,2,False,False,,,True,True
16,old20,n312,Small sea,location,1,False,False,,,False,False
16,old20,n313,Railing,clue_object,1,False,False,,,False,False
16,old20,n314,Yoshijiro,person,1,False,False,,,False,False
16,old20,n315,unusual flute sound,clue_object,2,False,False,,,False,True
16,old20,n316,Miss's room,location,2,False,False,,,False,True
16,old20,n317,uko,person,0,False,False,,,False,False
16,old20,n318,card,clue_object,0,False,False,,,False,False
16,old20,n319,4,clue_object,0,False,False,,,False,False
16,old20,n320,killer's ability to freely enter the room,clue_object,2,False,False,,,False,True
16,old20,n321,Ichirou,person,1,False,False,,,False,False
16,old20,n322,young man dressed in a clown suit,person,2,False,False,,,False,True
16,old20,n323,magician troupe,location,1,False,False,,,False,False
16,old20,n324,tightrope,clue_object,1,False,False,,,False,False
16,old20,n325,Mouri,person,0,False,False,,,False,False
16,old20,n326,Yokumura household,location,0,False,False,,,False,False
16,old20,n327,gang,person,0,False,False,,,False,False
16,old20,n328,theater,location,0,False,False,,,False,False
16,old20,n329,hideout of the gang,location,1,False,False,,,False,False
16,old20,n330,Liang'er,person,1,False,False,,,False,False
16,old20,n331,police officers,person,2,False,False,,,True,False
16,old20,n332,short knife,clue_object,0,False,False,,,False,False
16,old20,n333,coastline,location,3,False,False,,,False,True
16,old20,n334,town of Oomizu,location,0,False,False,,,False,False
16,old20,n335,town of Mori,location,1,False,False,,,False,False
16,old20,n336,villa on the hill,clue_object,2,False,False,,,False,True
16,old20,n337,waves hitting rocks,clue_object,1,False,False,,,False,False
16,old20,n338,colorful paper lanterns,clue_object,1,False,False,,,False,False
16,old20,n339,Zhuangzhi,person,4,False,False,,,True,False
16,old20,n340,the second lieutenant,person,2,False,False,,,True,False
16,old20,n341,the door,clue_object,3,False,False,,,True,True
16,old20,n342,a woman in a dress,person,0,False,False,,,False,False
16,old20,n343,Wenchai,person,3,False,False,,,True,False
16,old20,n344,Jirou,person,2,False,False,,,True,True
16,old20,n345,Ichijiro,person,0,False,False,,,False,False
16,old20,n346,the small room,location,2,False,False,,,False,False
16,old20,n347,black box,clue_object,2,False,False,,,False,False
16,old20,n348,the hall,location,0,False,False,,,False,False
16,old20,n349,Zhenming,person,1,False,False,,,False,False
16,old20,n350,Yu Cun Xiaozi,person,1,False,False,,,False,False
16,old20,n351,Dafeng General Hospital,location,0,False,False,,,False,False
16,old20,n352,Inoue residence,location,0,False,False,,,False,False
16,old20,n353,Tanihara,person,0,False,False,,,False,False
16,old20,n354,Inoue,person,1,False,False,,,False,False
16,old20,n355,Keisuke Miyoshi,person,0,False,False,,,False,False
16,old20,n356,Kanetaro,person,1,False,False,,,False,False
16,old20,n357,Okura Matsuo,person,0,False,False,,,False,False
16,old20,n358,darkness below,location,0,False,False,,,False,False
16,old20,n359,eternal grave,location,1,False,False,,,False,False
16,old20,n360,Ako,person,1,False,False,,,False,False
16,old20,n361,Yoshida Yoshikatsu,person,1,False,False,,,False,False
16,old20,n362,A-chan,person,0,False,False,,,False,False
16,old20,n363,Oper,clue_object,0,False,False,,,False,False
16,old20,n364,Aoki,person,2,False,False,,,False,True
16,old20,n365,Hakuryūudōrō,person,1,False,False,,,False,False
16,old20,n366,Yamanobe Jirō,person,1,False,False,,,False,False
16,old20,n367,Ichiyanagi,person,0,False,False,,,False,False
16,old20,n368,Father,person,5,False,False,,,True,True
16,old20,n369,Yamanobe clan skeleton,clue_object,0,False,False,,,False,False
16,old20,n370,Matchstick,clue_object,0,False,False,,,False,False
16,old20,n371,skeleton,clue_object,3,False,False,,,True,True
16,old20,n372,posture of walking and floating without touching the ground,clue_object,2,False,False,,,True,True
16,old20,n373,hand of Nio,clue_object,0,False,False,,,False,False
16,old20,n374,burning matchstick,clue_object,0,False,False,,,False,False
16,old20,n375,narrow basement,location,5,False,False,,,True,True
16,old20,n376,smoky smoke,clue_object,1,False,False,,,False,False
16,old20,n377,flames dancing on the spiral-shaped rolls of film,clue_object,1,False,False,,,False,False
16,old20,n378,first son and daughter,person,0,False,False,,,False,False
16,old20,n379,posture of the source of the bones' agonizing struggle,clue_object,1,False,False,,,False,False
16,old20,n380,waterfall,clue_object,1,False,False,,,False,False
16,old20,n381,sister,person,1,False,False,,,False,False
16,old20,n382,Jiaozi,person,4,False,False,,,True,True
16,old20,n383,Miss Furen,person,2,False,False,,,True,False
16,old20,n384,veranda,location,0,False,False,,,False,False
16,old20,n385,Yujin family,person,3,False,False,,,True,True
16,old20,n386,Zheng Ming,person,0,False,False,,,False,False
16,old20,n387,water,clue_object,1,False,False,,,False,False
16,old20,n388,brothers,person,0,False,False,,,False,False
16,old20,n389,Buddhist sutras,clue_object,0,False,False,,,False,False
16,old20,n390,bamboo pole,clue_object,1,False,False,,,False,False
16,old20,n391,Nijirō,person,2,False,False,,,False,False
16,old20,n392,Father Tatsuo,person,1,False,False,,,False,False
16,old20,n393,ily,person,1,False,False,,,False,False
16,old20,n394,Hakushū Suguru,person,1,False,False,,,False,False
16,old20,n395,Inspector Hōeijirō,person,0,False,False,,,False,False
16,old20,n396,Jūmaru family,person,5,False,False,,,False,False
16,old20,n397,Sugamo Police Station,location,0,False,False,,,False,False
16,old20,n398,Magician's Revenge Case,event,0,False,False,,,False,False
16,old20,n399,steamship moored at the mouth of the Sumida River,location,1,False,False,,,False,False
16,old20,n400,flagstone mansion,location,1,False,False,,,False,False
16,old20,n401,secret staircase,clue_object,1,False,False,,,False,False
16,old20,n402,heavy iron door,clue_object,0,False,False,,,False,False
16,old20,n403,solid red brick wall,clue_object,0,False,False,,,False,False
16,old20,n404,Miaozi,person,0,False,False,,,False,False
16,old20,n405,Yujing father and son,person,0,False,False,,,False,False
16,old20,n406,Hihonke house,location,0,False,False,,,False,False
16,old20,n407,third brother,person,4,False,False,,,True,True
16,old20,n408,Miss Wen Dai,person,2,False,False,,,True,True
16,old20,n409,stone wall by the shore,location,1,False,False,,,False,False
16,old20,n410,stone steps,location,1,False,False,,,False,False
16,old20,n411,Miss,person,0,False,False,,,False,False
16,old20,n412,boat,clue_object,1,False,False,,,False,False
16,old20,n413,basement entrance,location,2,False,False,,,True,True
16,old20,n414,Sourzou,person,4,False,False,,,False,False
16,old20,n415,Furen,person,1,False,False,,,False,False
16,old20,n416,Oyamada family's daughter,person,1,False,False,,,False,False
16,old20,n417,rope,clue_object,0,False,False,,,False,False
16,old20,n418,Mitsuoki,person,0,False,False,,,False,False
16,old20,n419,snake,clue_object,9,False,False,,,True,True
16,old20,n420,Ozawa Yoshizou's curse,clue_object,1,False,False,,,False,False
16,old20,n421,Tsukishima coast,location,1,False,False,,,False,False
16,old20,n422,Muto,person,0,False,False,,,False,False
16,old20,n423,Ozawa Yoshizou,person,0,False,False,,,False,False
16,old20,n424,Yokoyama family,location,4,False,False,,,True,True
16,old20,n425,magician's accomplices,person,3,False,False,,,True,True
16,old20,n426,demon gang,clue_object,4,False,False,,,True,True
16,old20,n427,Shintaro,person,12,False,False,,,True,True
16,old20,n428,Shin'ichi,person,1,False,False,,,False,False
16,old20,n429,Hakkyouji Naoki,person,1,False,False,,,False,False
16,old20,n430,giant man,person,6,False,False,,,True,True
16,old20,n431,gray wall,location,1,False,False,,,False,False
16,old20,n432,bed,location,2,False,False,,,True,True
16,old20,n433,Ōmura Genzō,person,0,False,False,,,False,False
16,old20,n434,sumo wrestler,person,2,False,False,,,True,True
16,old20,n435,Kyogoku Shounosuke,person,0,False,False,,,False,False
16,old20,n436,Yoshizou,person,0,False,False,,,False,False
16,old20,n437,city,location,0,False,False,,,False,False
16,old20,n438,Okura Yosuke,person,4,False,False,,,False,True
16,old20,n439,conspiracy,clue_object,2,False,False,,,False,True
16,old20,n440,criminal,person,1,False,False,,,False,False
16,old20,n441,remaining gang members in detention,person,1,False,False,,,False,False
16,old20,n442,eight subordinates,person,1,False,False,,,False,False
16,old20,n443,windows,clue_object,1,False,False,,,False,False
16,old20,n444,shoji screens,clue_object,1,False,False,,,False,False
16,old20,n445,four bedrooms,location,0,False,False,,,False,False
16,old20,n446,secret door,clue_object,0,False,False,,,False,False
16,old20,n447,Koguro the wise,person,1,False,False,,,False,False
16,old20,n448,Magician Otsu Yamamoto,person,1,False,False,,,False,False
16,old20,n449,Detective Fujisawa,person,0,False,False,,,False,False
16,old20,n450,Detective Sonzō,person,0,False,False,,,False,False
16,old20,n451,Inoue's house,location,1,False,False,,,False,False
16,old20,n452,the police station,location,1,False,False,,,False,False
16,old20,n453,phone room,location,0,False,False,,,False,False
16,old20,n454,Inoue's apartment,location,1,False,False,,,False,False
16,old20,n455,the public cemetery,location,0,False,False,,,False,False
16,old20,n456,Detective Fujisawa and Detective Sonzō meeting at Inoue's house,event,2,False,False,,,False,False
16,old20,n457,the police search,event,1,False,False,,,False,False
16,old20,n458,Mayuko,person,2,False,False,,,True,True
16,old20,n459,Detective Higuchi,person,1,False,False,,,False,False
16,old20,n460,Miss Mayuko,person,0,False,False,,,False,False
16,old20,n461,Mr. Yamamura,person,0,False,False,,,False,False
16,old20,n462,the open window,clue_object,0,False,False,,,False,False
16,old20,n463,an old Western-style house with a stone gate,location,0,False,False,,,False,False
16,old20,n464,three windows in a row,clue_object,0,False,False,,,False,False
16,old20,n465,the leftmost window,clue_object,0,False,False,,,False,False
16,old20,n466,Detective Wakasugi,person,0,False,False,,,False,False
16,old20,n467,Jiazi,person,1,False,False,,,False,False
16,old20,n468,Yonchou,location,0,False,False,,,False,False
16,old20,n469,Tantanzaya,location,0,False,False,,,False,False
16,old20,n470,Hachiman Shrine Forest,location,0,False,False,,,False,False
16,old20,n471,stone gate,location,2,False,False,,,False,True
16,old20,n472,Western-style house,location,1,False,False,,,False,False
16,old20,n473,straight corridor,location,1,False,False,,,False,False
16,old20,n474,curtain gap,clue_object,2,False,False,,,True,False
16,old20,n475,Matsuo,person,2,False,False,,,True,False
16,old20,n476,Mei Zi,person,6,False,False,,,True,True
16,old20,n477,Mr. Keen,person,3,False,False,,,False,False
16,old20,n478,Momo,person,1,False,False,,,False,False
16,old20,n479,Yumura family,person,1,False,False,,,False,False
16,old20,n480,jade-colored girl,person,3,False,False,,,True,False
16,old20,n481,red cloth curtain,clue_object,0,False,False,,,False,False
16,old20,n482,partition,location,2,False,False,,,True,False
16,old20,n483,Detective Wakisaka,person,1,False,False,,,False,False
16,old20,n484,Okura Matsuko,person,0,False,False,,,False,False
16,old20,n485,main character,person,3,False,False,,,False,True
16,old20,n486,Yamanaka family members,person,0,False,False,,,False,False
16,old20,n487,Detective Wakisaka's boat,location,1,False,False,,,False,False
16,old20,n488,secret passage in the basement,clue_object,1,False,False,,,False,False
16,old20,n489,Fumiyo,person,0,False,False,,,False,False
16,old20,n490,Akechi Kogoro,person,0,False,False,,,False,False
16,old20,n491,Kaihwa Apartments,location,0,False,False,,,False,False
16,old20,n492,Jody,person,0,False,False,,,False,False
16,old20,n493,Saito,person,0,False,False,,,False,False
16,old20,n494,numbers,clue_object,0,False,False,,,False,False
16,old20,n495,crime predictions,clue_object,0,False,False,,,False,False
16,old20,n496,fourteen-day grace period,time_anchor,1,False,False,,,False,False
16,old20,n497,eight days,time_anchor,2,False,False,,,False,True
16,old20,n498,four days,time_anchor,1,False,False,,,False,False
16,old20,n499,post office,location,1,False,False,,,False,False
16,old20,n500,Tōtarō,person,5,False,False,,,False,False
16,old20,n501,detective,person,1,False,False,,,False,False
16,old20,n502,scholar,person,1,False,False,,,False,False
16,old20,n503,maid,person,1,False,False,,,False,False
16,old20,n504,corpses,clue_object,1,False,False,,,False,False
16,old20,n505,darkness,clue_object,0,False,False,,,False,False
16,old20,n506,Miyazaki,person,2,False,False,,,False,True
16,old20,n507,thief,person,1,False,False,,,False,False
16,old20,n508,Yokozawa family,location,1,False,False,,,False,False
16,old20,n509,Wise One,person,0,False,False,,,False,False
16,old20,n510,Jirō,person,0,False,False,,,False,False
16,old20,n511,Niichiro,person,1,False,False,,,False,False
16,old20,n512,Miss Miaozi,person,0,False,False,,,False,False
16,old20,n513,secret passage,clue_object,2,False,False,,,True,True
16,old20,n514,Detective Wakui,person,2,False,False,,,True,True
16,old20,n515,seven outlaws,person,2,False,False,,,True,True
16,old20,n516,open doorway,location,0,False,False,,,False,False
16,old20,n517,Mount Utsunomiya,clue_object,0,False,False,,,False,False
16,old20,n518,the snake and the sumo wrestler,clue_object,1,False,False,,,False,False
16,old20,n519,Otsuru Yosuke,person,2,False,False,,,False,True
16,old20,n520,the evil spirit,person,1,False,False,,,False,False
16,old20,n521,Niúláng,person,1,False,False,,,False,False
16,old20,n522,Miàozǐ,person,1,False,False,,,False,False
16,old20,n523,Zhangyi,person,2,False,False,,,True,True
16,old20,n524,empty house,location,1,False,False,,,False,False
16,old20,n525,spacious room,location,0,False,False,,,False,False
16,old20,n526,red curtain,clue_object,1,False,False,,,False,False
16,old20,n527,hallway,location,1,False,False,,,False,False
16,old20,n528,Yamura Shutarou,person,0,False,False,,,False,False
16,old20,n529,Yuri,person,1,False,False,,,False,False
16,old20,n530,Daro,person,1,False,False,,,False,False
16,old20,n531,Ojii-san,person,0,False,False,,,False,False
16,old20,n532,headlight glass,clue_object,1,False,False,,,False,False
16,old20,n533,milk bottle,clue_object,1,False,False,,,False,False
16,old20,n534,withered leaf,clue_object,1,False,False,,,False,False
16,old20,n535,"number 1,2,3,4",clue_object,1,False,False,,,False,False
16,old20,n536,December 30th,time_anchor,1,False,False,,,False,False
16,old20,n537,Old Man Yin,person,1,False,False,,,False,False
16,old20,n538,Tanji,person,0,False,False,,,False,False
16,old20,n539,bookshelf room,location,0,False,False,,,False,False
16,old20,n540,front door of the mansion,clue_object,0,False,False,,,False,False
16,old20,n541,straight line,clue_object,0,False,False,,,False,False
16,old20,n542,Kogi,person,0,False,False,,,False,False
16,old20,n543,Lake S,location,0,False,False,,,False,False
16,old20,n544,Takaishi Shigekatsu,person,0,False,False,,,False,False
16,old20,n545,Detective Boo,person,0,False,False,,,False,False
16,old20,n546,Nagatsuka,person,0,False,False,,,False,False
16,old20,n547,Masako,person,0,False,False,,,False,False
16,old20,n548,Yokomura,person,0,False,False,,,False,False
16,old20,n549,Tokyo citizens,person,0,False,False,,,False,False
16,old20,n550,Yamamura mansion,location,0,False,False,,,False,False
16,old20,n551,garden,location,0,False,False,,,False,False
25,old20,n1,Poussac,person,0,False,False,,,False,False
25,old20,n3,detective near the back,person,0,False,False,,,False,False
25,old20,n4,Ellery,person,23,True,False,1689,,True,True
25,old20,n5,Inspector Quine,person,0,False,False,,,False,False
25,old20,n7,officer,person,9,False,False,,,True,True
25,old20,n8,Baskerville,person,1,False,False,,,False,False
25,old20,n9,corpse on the ground,clue_object,4,False,False,,,True,True
25,old20,n10,Wiley,person,3,False,False,,,True,True
25,old20,n11,dead man's chest,clue_object,2,False,False,,,True,True
25,old20,n12,shirt,clue_object,0,False,False,,,False,False
25,old20,n13,blood,clue_object,0,False,False,,,False,False
25,old20,n15,methanol poisoned?,clue_object,0,False,False,,,False,False
25,old20,n16,officer's hand,clue_object,0,False,False,,,False,False
25,old20,n17,heart and neck,clue_object,0,False,False,,,False,False
25,old20,n18,collar was loosened,clue_object,0,False,False,,,False,False
25,old20,n19,black silk-lined cape,clue_object,0,False,False,,,False,False
25,old20,n20,silver long-necked bottle,clue_object,2,False,False,,,False,True
25,old20,n21,clean handkerchief,clue_object,1,False,False,,,False,False
25,old20,n22,evening bag for ladies,clue_object,0,False,False,,,False,False
25,old20,n23,lipstick,clue_object,0,False,False,,,False,False
25,old20,n24,business card holder,clue_object,0,False,False,,,False,False
25,old20,n25,documents,clue_object,3,False,False,,,True,True
25,old20,n26,sealed letterhead,clue_object,1,False,False,,,False,False
25,old20,n27,Monte Field,person,17,False,False,,,True,True
25,old20,n28,Erlie,person,8,False,False,,,True,True
25,old20,n29,Quinn,person,31,True,False,443;624,,True,True
25,old20,n30,Maggie O'Connell,person,4,False,False,,,True,True
25,old20,n32,inn,person,1,False,False,,,False,False
25,old20,n33,Johnson,person,2,False,False,,,True,True
25,old20,n34,Morgan,person,4,False,False,,,True,True
25,old20,n35,Mr. Morgan,person,0,False,False,,,False,False
25,old20,n37,Nelson,person,4,False,False,,,True,True
25,old20,n38,Roman Theater stationery,clue_object,1,False,False,,,False,False
25,old20,n39,Promotional work paper,clue_object,0,False,False,,,False,False
25,old20,n40,Hat and gloves,clue_object,0,False,False,,,False,False
25,old20,n41,Underwear,clue_object,0,False,False,,,False,False
25,old20,n42,Hat,clue_object,4,False,False,,,True,True
25,old20,n43,Gloves,clue_object,0,False,False,,,False,False
25,old20,n44,Handkerchief,clue_object,0,False,False,,,False,False
25,old20,n45,Cigar,clue_object,0,False,False,,,False,False
25,old20,n46,Office,location,0,False,False,,,False,False
25,old20,n47,Hat and gloves search,event,0,False,False,,,False,False
25,old20,n48,Commotion in the room,event,2,False,False,,,True,True
25,old20,n49,Henry,person,1,False,False,,,False,False
25,old20,n51,Sampson,person,6,False,False,,,True,True
25,old20,n52,Sherlock,person,0,False,False,,,False,False
25,old20,n53,"Henry's friend, District Attorney Henry",clue_object,1,False,False,,,False,False
25,old20,n54,District Attorney,person,4,False,False,,,True,True
25,old20,n55,Cohen,person,2,False,False,,,False,True
25,old20,n56,the District Attorney's condition,clue_object,1,False,False,,,False,False
25,old20,n57,jar of coffee,clue_object,0,False,False,,,False,False
25,old20,n58,paper bag,clue_object,0,False,False,,,False,False
25,old20,n59,ushers standing under the stairs leading to the second floor in the theater,person,0,False,False,,,False,False
25,old20,n60,the second act,time_anchor,3,False,False,,,True,True
25,old20,n61,two doors at the leftmost aisle,clue_object,0,False,False,,,False,False
25,old20,n63,the side doors,clue_object,0,False,False,,,False,False
25,old20,n64,Croning,person,0,False,False,,,False,False
25,old20,n65,Stouess,person,0,False,False,,,False,False
25,old20,n66,Loyn,person,0,False,False,,,False,False
25,old20,n67,Erikr,person,0,False,False,,,False,False
25,old20,n68,Cronin,person,2,False,False,,,True,True
25,old20,n69,Officer Wiley,person,0,False,False,,,False,False
25,old20,n70,The fourth hat,clue_object,0,False,False,,,False,False
25,old20,n71,The file,clue_object,0,False,False,,,False,False
25,old20,n72,The bundle of papers,clue_object,0,False,False,,,False,False
25,old20,n73,The envelope,clue_object,1,False,False,,,False,False
25,old20,n74,The report,clue_object,0,False,False,,,False,False
25,old20,n75,The outside door,location,0,False,False,,,False,False
25,old20,n76,The hallway,location,0,False,False,,,False,False
25,old20,n77,The room,location,0,False,False,,,False,False
25,old20,n79,The gang,clue_object,0,False,False,,,False,False
25,old20,n80,Jo Casanelli,person,1,False,False,,,False,False
25,old20,n81,District Attorney Sampson,person,1,False,False,,,False,False
25,old20,n82,Parson Johnny,person,7,False,False,,,True,True
25,old20,n83,Esther Jablow,person,1,False,False,,,False,False
25,old20,n84,T. O'W.,location,0,False,False,,,False,False
25,old20,n85,Tenth Avenue,location,2,False,False,,,True,True
25,old20,n86,Fourth Floor,location,2,False,False,,,True,True
25,old20,n87,Eighth Avenue,location,0,False,False,,,False,False
25,old20,n88,Forty-eighth Street,location,0,False,False,,,False,False
25,old20,n89,Roman Theater,location,4,True,True,7;562;707;1692;2155,2155,True,True
25,old20,n90,Chinese Restaurant,clue_object,0,False,False,,,False,False
25,old20,n92,employment agency,location,1,False,False,,,False,False
25,old20,n93,Barry,person,13,False,False,,,True,True
25,old20,n94,Evans-Pope,person,0,False,False,,,False,False
25,old20,n95,the theater,location,16,False,False,,,True,True
25,old20,n96,costume storage room,location,1,False,False,,,False,False
25,old20,n97,dressing room,location,1,False,False,,,False,False
25,old20,n98,stalls,location,1,False,False,,,False,False
25,old20,n99,alley,location,1,False,False,,,False,False
25,old20,n100,Frances,person,5,False,False,,,True,True
25,old20,n101,Stephen Barry,person,8,False,False,,,True,True
25,old20,n103,Field's hat,clue_object,4,False,False,,,True,True
25,old20,n104,Pencroft's office,location,0,False,False,,,False,False
25,old20,n105,Police files,clue_object,0,False,False,,,False,False
25,old20,n106,Watchful gaze,event,0,False,False,,,False,False
25,old20,n107,Premium whisky,clue_object,0,False,False,,,False,False
25,old20,n108,Flashlight,clue_object,0,False,False,,,False,False
25,old20,n109,syringe,clue_object,2,False,False,,,True,True
25,old20,n110,ushers,person,1,False,False,,,False,False
25,old20,n112,tickets,clue_object,0,False,False,,,False,False
25,old20,n113,specialist in burglary,person,0,False,False,,,False,False
25,old20,n114,Friday,time_anchor,0,False,False,,,False,False
25,old20,n115,Barry's apartment,location,0,False,False,,,False,False
25,old20,n116,boy selling orange juice,person,3,False,False,,,True,True
25,old20,n117,Charles Michaels,person,4,False,False,,,True,True
25,old20,n118,original documents about Barry's background and impure blood,clue_object,0,False,False,,,False,False
25,old20,n119,the evening party,event,0,False,False,,,False,False
25,old20,n121,Juno,person,0,False,False,,,False,False
25,old20,n122,Lewin,person,1,False,False,,,False,False
25,old20,n123,murder at the Roman Theater,event,0,False,False,,,False,False
25,old20,n124,"Thursday, September 27",time_anchor,0,False,False,,,False,False
25,old20,n127,Thomas Wiley,person,0,False,False,,,False,False
25,old20,n128,park entrance,location,0,False,False,,,False,False
25,old20,n129,top hat,clue_object,0,False,False,,,False,False
25,old20,n130,stage,location,1,False,False,,,False,False
25,old20,n131,left box,location,1,False,False,,,False,False
25,old20,n132,newspaper,clue_object,1,False,False,,,False,False
25,old20,n133,murderer's own top hat,clue_object,2,False,False,,,True,True
25,old20,n134,props in the backstage,clue_object,2,False,False,,,True,True
25,old20,n135,audience members in the back row on the left,person,1,False,False,,,False,False
25,old20,n136,theater lights,clue_object,1,False,False,,,False,False
25,old20,n139,audience,person,2,False,False,,,False,True
25,old20,n140,policeman (upper-level audience),person,2,False,False,,,False,True
25,old20,n143,officer's whistle,clue_object,1,False,False,,,False,False
25,old20,n144,Theater manager,person,3,False,False,,,True,True
25,old20,n145,Doral,person,1,False,False,,,False,False
25,old20,n146,Woman,person,2,False,False,,,True,True
25,old20,n148,Tall man in plainclothes,person,2,False,False,,,False,True
25,old20,n149,Group of people in blue uniforms,person,1,False,False,,,False,False
25,old20,n150,Doyle,person,1,False,False,,,False,False
25,old20,n151,Poe,person,0,False,False,,,False,False
25,old20,n153,Mr. Pierce,person,0,False,False,,,False,False
25,old20,n154,usher,person,0,True,False,82,,False,False
25,old20,n155,show,event,4,True,False,80,,True,True
25,old20,n156,climax,event,1,False,False,,,False,False
25,old20,n157,old man,person,12,False,False,,,True,True
25,old20,n158,document,clue_object,2,False,False,,,True,True
25,old20,n159,agent,person,0,False,False,,,False,False
25,old20,n160,Pendergast,person,3,False,False,,,True,True
25,old20,n161,snuff box,clue_object,1,False,False,,,False,False
25,old20,n162,theater's main entrance,location,1,False,False,,,False,False
25,old20,n164,Louis Posen,person,0,False,False,,,False,False
25,old20,n165,Pincus,person,8,False,False,,,True,True
25,old20,n166,the girl sitting next to him,person,1,False,False,,,False,False
25,old20,n167,young man,person,2,False,False,,,True,True
25,old20,n168,the other two women,person,1,False,False,,,False,False
25,old20,n169,the lobby,location,1,False,False,,,False,False
25,old20,n170,cheap black felt hat,clue_object,1,False,False,,,False,False
25,old20,n171,Quincannon,person,1,False,False,,,False,False
25,old20,n172,Flint,person,0,False,False,,,False,False
25,old20,n173,Junna,person,1,False,False,,,False,False
25,old20,n175,tapestry,clue_object,1,False,False,,,False,False
25,old20,n176,duke,person,0,False,False,,,False,False
25,old20,n177,crossbow knife,clue_object,1,False,False,,,False,False
25,old20,n178,entrance hall,location,3,False,False,,,True,True
25,old20,n179,living room,location,5,False,False,,,True,True
25,old20,n180,fireplace,clue_object,0,False,False,,,False,False
25,old20,n181,armchairs,clue_object,0,False,False,,,False,False
25,old20,n182,sofa,clue_object,0,False,False,,,False,False
25,old20,n183,footstools,clue_object,0,False,False,,,False,False
25,old20,n184,cushions,clue_object,0,False,False,,,False,False
25,old20,n186,bedroom,location,3,False,False,,,True,True
25,old20,n187,Mrs. Roxo,person,3,False,False,,,True,True
25,old20,n189,Hagstrom,person,7,True,False,867,,True,True
25,old20,n190,Mr. Monte Field's private friends,clue_object,0,False,False,,,False,False
25,old20,n191,Detective Quinn's notebook,clue_object,0,False,False,,,False,False
25,old20,n193,Moseby,person,1,False,False,,,False,False
25,old20,n194,Ellery's newspaper,clue_object,0,False,False,,,False,False
25,old20,n195,Field's accident report,clue_object,0,False,False,,,False,False
25,old20,n198,Eve Ellis,person,0,False,False,,,False,False
25,old20,n199,Edmund Krueger,person,1,False,False,,,False,False
25,old20,n200,tetraethyl lead,clue_object,2,True,True,1328;1346;2122;2184;2215,2184;2215,False,True
25,old20,n201,gasoline,clue_object,1,True,False,1346,,False,False
25,old20,n202,toxicologist,person,0,False,False,,,False,False
25,old20,n205,Wheeler,person,1,False,False,,,False,False
25,old20,n206,Haggstrom's report,clue_object,1,False,False,,,False,False
25,old20,n208,three young men,person,0,False,False,,,False,False
25,old20,n210,Maggie O'Connell (tickets),clue_object,0,False,False,,,False,False
25,old20,n211,officer's proud demeanor,clue_object,0,False,False,,,False,False
25,old20,n212,cash window,location,0,False,False,,,False,False
25,old20,n213,ticket booth,location,0,False,False,,,False,False
25,old20,n214,left aisle,location,0,False,False,,,False,False
25,old20,n215,back row,location,0,False,False,,,False,False
25,old20,n217,Tim,person,0,False,False,,,False,False
25,old20,n218,Ives-Pope,person,1,False,False,,,False,False
25,old20,n219,Fifth Avenue,location,1,False,False,,,False,False
25,old20,n220,Central Park,location,1,False,False,,,False,False
25,old20,n221,Westchester,location,1,False,False,,,False,False
25,old20,n222,check,clue_object,0,False,False,,,False,False
25,old20,n223,original document,clue_object,0,False,False,,,False,False
25,old20,n224,handwriting analysis book,clue_object,1,False,False,,,False,False
25,old20,n225,fruit salad,clue_object,0,False,False,,,False,False
25,old20,n226,report on the plate,evidence_sentence,0,False,False,,,False,False
25,old20,n227,Jones,person,1,False,False,,,False,False
25,old20,n228,old Quin,person,0,False,False,,,False,False
25,old20,n229,Field case,event,0,False,False,,,False,False
25,old20,n230,Juana,person,1,False,False,,,False,False
25,old20,n231,Field case investigation progress,event,1,False,False,,,False,False
25,old20,n232,7:45 express train,clue_object,0,False,False,,,False,False
25,old20,n234,paper,clue_object,1,False,False,,,False,False
25,old20,n235,train,location,0,False,False,,,False,False
25,old20,n236,Shawman,location,1,False,False,,,False,False
25,old20,n237,telegram,clue_object,2,False,False,,,False,True
25,old20,n238,yellow telegram,clue_object,0,False,False,,,False,False
25,old20,n239,note,clue_object,0,False,False,,,False,False
25,old20,n241,Detective Ritter,person,8,False,False,,,True,True
25,old20,n242,Officer Quin,person,1,False,False,,,False,False
25,old20,n243,149th Street and Third Avenue,location,0,False,False,,,False,False
25,old20,n244,Mailbox,clue_object,0,False,False,,,False,False
25,old20,n245,149th Street,location,0,False,False,,,False,False
25,old20,n246,Third Avenue,location,0,False,False,,,False,False
25,old20,n247,11:50 PM,time_anchor,1,False,False,,,False,False
25,old20,n248,5th Avenue,location,1,False,False,,,False,False
25,old20,n249,Park Bench,clue_object,0,False,False,,,False,False
25,old20,n250,Dark Park,location,1,False,False,,,False,False
25,old20,n251,cold air,location,4,False,False,,,False,True
25,old20,n252,traffic police,person,1,False,False,,,False,False
25,old20,n253,tree branches,location,1,False,False,,,False,False
25,old20,n254,girl's laughter,clue_object,1,False,False,,,False,False
25,old20,n255,church,location,2,False,False,,,False,True
25,old20,n256,entrance,location,0,False,False,,,False,False
25,old20,n257,path,location,0,False,False,,,False,False
25,old20,n258,shadows cast by his hat and collar,clue_object,0,False,False,,,False,False
25,old20,n259,benches,location,1,False,False,,,False,False
25,old20,n261,arc lamp,clue_object,1,False,False,,,False,False
25,old20,n262,revolver,clue_object,1,False,False,,,False,False
25,old20,n263,murderer's hat,clue_object,4,False,False,,,False,True
25,old20,n264,Le Brun,person,1,False,False,,,False,False
25,old20,n265,men's dressing room,location,1,False,False,,,False,False
25,old20,n266,wardrobe room,location,1,False,False,,,False,False
25,old20,n268,Eighty-seventh Street,location,0,False,False,,,False,False
25,old20,n269,Wednesday morning,time_anchor,1,False,False,,,False,False
25,old20,n270,Thursday morning,time_anchor,1,False,False,,,False,False
25,old20,n271,Monday evening,time_anchor,0,False,False,,,False,False
25,old20,n272,Hessey,person,1,False,False,,,False,False
25,old20,n273,Piggott,person,3,False,False,,,True,True
25,old20,n274,actors,person,0,False,False,,,False,False
25,old20,n275,middle row of seats,location,0,False,False,,,False,False
25,old20,n276,snuffbox,clue_object,0,False,False,,,False,False
25,old20,n277,the corpse,clue_object,1,False,False,,,False,False
25,old20,n278,the chair,clue_object,1,False,False,,,False,False
25,old20,n280,Queene,person,2,False,False,,,True,True
25,old20,n282,Quinn's fiancé,person,1,False,False,,,False,False
25,old20,n283,Linnie,person,1,False,False,,,False,False
25,old20,n284,Eleanor,person,1,False,False,,,False,False
25,old20,n285,missing hat,clue_object,0,False,False,,,False,False
25,old20,n286,Gordon Davis,person,1,False,False,,,False,False
25,old20,n288,Book 'What Can Handwriting Tell Us',clue_object,0,False,False,,,False,False
25,old20,n289,Mr. Vance-Pope,person,2,False,False,,,True,True
25,old20,n290,Stoetz,person,1,False,False,,,False,False
25,old20,n291,Loy,person,1,False,False,,,False,False
25,old20,n292,Angela Roxo,person,1,False,False,,,False,False
25,old20,n293,Angela Rasco,person,0,False,False,,,False,False
25,old20,n294,Detective Quin,person,0,False,False,,,False,False
25,old20,n295,Angela Rasco's arm,clue_object,1,False,False,,,False,False
25,old20,n296,eleven o'clock,time_anchor,1,False,False,,,False,False
25,old20,n298,the bookshelf,clue_object,0,False,False,,,False,False
25,old20,n299,Thursday evening,time_anchor,1,False,False,,,False,False
25,old20,n300,Romeo Theater,location,2,False,False,,,True,True
25,old20,n301,Inner Johnson,person,0,False,False,,,False,False
25,old20,n302,Officer Quinn,person,1,False,False,,,False,False
25,old20,n303,Charles Michaels' office,location,0,False,False,,,False,False
25,old20,n304,53rd Street on 7th Avenue,location,0,False,False,,,False,False
25,old20,n305,hypodermic syringe,clue_object,2,False,False,,,False,True
25,old20,n306,white liquid,clue_object,1,False,False,,,False,False
25,old20,n307,gray beard,clue_object,1,False,False,,,False,False
29,old20,n1,Morgue,location,3,False,False,,,False,True
29,old20,n2,A large man,person,1,False,False,,,False,False
29,old20,n3,York Blackett,person,2,False,False,,,False,True
29,old20,n4,Old Emily Blackett,person,0,False,False,,,False,False
29,old20,n5,Inspector,person,15,False,False,,,True,True
29,old20,n6,Ship's edge,location,4,False,False,,,False,True
29,old20,n7,Seawater,clue_object,2,False,False,,,False,True
29,old20,n8,Cyanide,clue_object,1,False,False,,,False,False
29,old20,n9,Dr. Kemp,person,2,False,False,,,False,False
29,old20,n10,corpse,clue_object,1,False,False,,,False,False
29,old20,n11,Second Avenue,location,1,False,False,,,False,False
29,old20,n12,Jack,person,0,False,False,,,False,False
29,old20,n13,Blackthorn case,event,2,False,False,,,False,True
29,old20,n14,old witch,person,2,False,False,,,False,True
29,old20,n15,Sam,person,20,False,False,,,True,True
29,old20,n16,inspector's taxi,clue_object,0,False,False,,,False,False
29,old20,n17,Blackthorn family,person,3,False,False,,,False,True
29,old20,n18,Giselle,person,4,False,False,,,False,True
29,old20,n19,opium,clue_object,2,False,False,,,False,True
29,old20,n20,Adirondack Mountains,location,1,False,False,,,False,False
29,old20,n21,Tom Cabbian,person,1,False,False,,,False,False
29,old20,n22,York Black,person,1,False,False,,,False,False
29,old20,n23,thirty-six-year-old spinster,person,1,False,False,,,False,False
29,old20,n24,New York,location,1,False,False,,,False,False
29,old20,n25,Jagger,person,1,False,False,,,False,False
29,old20,n26,Billy,person,5,False,False,,,True,True
29,old20,n27,Emily,person,0,False,False,,,False,False
29,old20,n28,Tom Kabbian,person,1,False,False,,,False,False
29,old20,n29,York Bates,person,0,False,False,,,False,False
29,old20,n30,Bates family,location,0,False,False,,,False,False
29,old20,n31,Hate family,location,0,False,False,,,False,False
29,old20,n32,Mrs. Blackett,person,3,False,False,,,True,True
29,old20,n33,key,clue_object,1,False,False,,,False,False
29,old20,n34,strychnine pills,clue_object,2,False,False,,,False,True
29,old20,n35,bottle,clue_object,2,False,False,,,False,True
29,old20,n36,lab,location,1,False,False,,,False,False
29,old20,n37,poison,clue_object,1,False,False,,,False,False
29,old20,n42,Captain Quiver,person,2,False,False,,,False,True
29,old20,n43,Mr. Jules Reine,person,1,False,False,,,False,False
29,old20,n45,Lucey's chair,location,0,False,False,,,False,False
29,old20,n46,bed,clue_object,2,False,False,,,True,True
29,old20,n48,Bruno the prosecutor,person,3,False,False,,,True,True
29,old20,n49,Miss Smith,person,9,False,False,,,True,True
29,old20,n50,Mr. Jury Leen,person,1,False,False,,,False,False
29,old20,n51,Miss Cabot,person,1,False,False,,,False,False
29,old20,n52,K. Blackthorn,person,0,False,False,,,False,False
29,old20,n53,Miss Smith (nurse),person,0,False,False,,,False,False
29,old20,n54,Mr. Bruno,person,0,False,False,,,False,False
29,old20,n55,Konrad Hot,person,3,False,False,,,True,True
29,old20,n56,Conrad,person,4,False,False,,,True,True
29,old20,n57,Mr. Lane,person,2,False,False,,,False,True
29,old20,n58,old actor,person,1,False,False,,,False,False
29,old20,n60,Luzia Cabian,person,1,False,False,,,False,False
29,old20,n61,Dr. Milian,person,0,False,False,,,False,False
29,old20,n62,Captain Kidd,person,1,False,False,,,False,False
29,old20,n63,Sam and Bruno's room,location,0,False,False,,,False,False
29,old20,n64,garden,location,0,False,False,,,False,False
29,old20,n65,vanilla,clue_object,0,False,False,,,False,False
29,old20,n66,Conrad Hight,person,0,False,False,,,False,False
29,old20,n67,Edgar Perrin,person,0,False,False,,,False,False
29,old20,n68,Barbara Hight,person,0,False,False,,,False,False
29,old20,n69,Jock,person,12,False,False,,,True,True
29,old20,n70,Martha,person,3,False,False,,,True,True
29,old20,n71,Vicky,person,1,False,False,,,False,False
29,old20,n72,Mr. and Mrs. Abigail,person,0,False,False,,,False,False
29,old20,n73,Mueller,person,0,False,False,,,False,False
29,old20,n74,Sergeant,person,10,False,False,,,True,True
29,old20,n75,Miss Smith's room,location,1,False,False,,,False,False
29,old20,n76,Louise Kabiyan,person,1,False,False,,,False,False
29,old20,n77,Dr. Merrill,person,2,False,False,,,True,True
29,old20,n78,nurse,person,0,False,False,,,False,False
29,old20,n79,house,location,13,False,False,,,True,True
29,old20,n80,laboratory upstairs,location,4,False,False,,,False,True
29,old20,n81,door,clue_object,1,False,False,,,False,False
29,old20,n82,windows,clue_object,1,False,False,,,False,False
29,old20,n83,bottles and jars on the shelves,clue_object,1,False,False,,,False,False
29,old20,n84,floor,location,1,False,False,,,False,False
29,old20,n85,wardrobe,clue_object,1,False,False,,,False,False
29,old20,n86,desk,clue_object,1,False,False,,,False,False
29,old20,n87,distillers,clue_object,1,False,False,,,False,False
29,old20,n88,test tubes,clue_object,1,False,False,,,False,False
29,old20,n89,electronic instruments,clue_object,1,False,False,,,False,False
29,old20,n90,phone,clue_object,1,False,False,,,False,False
29,old20,n91,police headquarters,location,4,False,False,,,False,True
29,old20,n92,Prosecutor Bruno,person,1,False,False,,,False,False
29,old20,n93,Chief of Police Barbergh,person,1,False,False,,,False,False
29,old20,n94,Hamlet Manor,location,1,False,False,,,False,False
29,old20,n95,Miss Louisa Cabbell's room,location,1,False,False,,,False,False
29,old20,n96,fireplace,clue_object,2,True,True,364;1430;1431;2650,2650,False,True
29,old20,n97,"six-foot-high, thick firebrick wall",clue_object,2,False,False,,,False,True
29,old20,n98,chimney,clue_object,4,False,False,,,False,True
29,old20,n99,six-foot-high partition,clue_object,1,False,False,,,False,False
29,old20,n100,two flues,clue_object,1,False,False,,,False,False
29,old20,n101,broken window,clue_object,1,False,False,,,False,False
29,old20,n102,two-foot-wide windowsill,clue_object,0,False,False,,,False,False
29,old20,n103,fire escapes,clue_object,0,False,False,,,False,False
29,old20,n104,attic windows,clue_object,1,False,False,,,False,False
29,old20,n105,garden floor,clue_object,1,False,False,,,False,False
29,old20,n106,Renault,person,5,False,False,,,True,True
29,old20,n107,Pike,person,0,False,False,,,False,False
29,old20,n109,Mudie,person,1,False,False,,,False,False
29,old20,n110,double fireplace,clue_object,1,False,False,,,False,False
29,old20,n111,bathroom,clue_object,0,False,False,,,False,False
29,old20,n112,fire-escape,clue_object,0,False,False,,,False,False
29,old20,n113,window-sill,clue_object,0,False,False,,,False,False
29,old20,n114,nursery,location,7,False,False,,,True,True
29,old20,n115,laboratory,location,10,False,False,,,True,True
29,old20,n116,bathroom passage,clue_object,1,False,False,,,False,False
29,old20,n117,syringe,clue_object,0,False,False,,,False,False
29,old20,n118,rotten pear,clue_object,0,False,False,,,False,False
29,old20,n119,Bruno,person,3,False,False,,,True,True
29,old20,n121,Miss Lewis,person,1,False,False,,,False,False
29,old20,n122,George Abel,person,1,False,False,,,False,False
29,old20,n124,Mr. Perry,person,1,False,False,,,False,False
29,old20,n125,Pear,clue_object,3,False,False,,,True,True
29,old20,n126,Mandolin,clue_object,3,False,False,,,True,True
29,old20,n127,Talcum Powder,clue_object,2,False,False,,,True,True
29,old20,n128,Footprints,clue_object,4,False,False,,,True,True
29,old20,n129,Modewarre,person,1,False,False,,,False,False
29,old20,n130,Nero,person,0,False,False,,,False,False
29,old20,n131,Philo Rine,person,0,False,False,,,False,False
29,old20,n132,Inspector Ren,person,0,False,False,,,False,False
29,old20,n133,The laboratory door,location,2,False,False,,,False,True
29,old20,n134,The window,clue_object,3,False,False,,,True,True
29,old20,n135,The filing cabinet,clue_object,0,False,False,,,False,False
29,old20,n136,Index cards,clue_object,0,False,False,,,False,False
29,old20,n137,The jar,clue_object,0,False,False,,,False,False
29,old20,n138,The stairs,location,0,False,False,,,False,False
29,old20,n139,The room with the windowsill,location,0,False,False,,,False,False
29,old20,n140,Miss Barbara,person,8,False,False,,,True,True
29,old20,n142,studio,location,1,False,False,,,False,False
29,old20,n143,bedroom,location,2,False,False,,,False,True
29,old20,n144,bookshelves,clue_object,0,False,False,,,False,False
29,old20,n145,typewriter,clue_object,0,False,False,,,False,False
29,old20,n146,chair,clue_object,1,False,False,,,False,False
29,old20,n147,attic stairs,location,1,False,False,,,False,False
29,old20,n148,trapdoor,clue_object,0,False,False,,,False,False
29,old20,n149,roof,location,1,False,False,,,False,False
29,old20,n150,flashlight,clue_object,0,False,False,,,False,False
29,old20,n151,partition wall,clue_object,1,False,False,,,False,False
29,old20,n152,Raine,person,18,False,False,,,True,True
29,old20,n153,test tube filled with white liquid,clue_object,0,False,False,,,False,False
29,old20,n154,Blackthorn Manor,location,2,False,False,,,False,True
29,old20,n155,Sam the cop,person,1,False,False,,,False,False
29,old20,n157,Edgar Pere Kibian,person,4,False,False,,,True,True
29,old20,n158,Rayne,person,5,False,False,,,True,True
29,old20,n159,the visitor,person,6,False,False,,,False,True
29,old20,n160,the wardrobe door,clue_object,0,False,False,,,False,False
29,old20,n161,the secret hole behind the bricks,clue_object,0,False,False,,,False,False
29,old20,n162,the bedside table,clue_object,1,False,False,,,False,False
29,old20,n163,the skimmed milk,clue_object,0,False,False,,,False,False
29,old20,n164,the killer,person,1,False,False,,,False,False
29,old20,n165,York Harte,person,0,False,False,,,False,False
29,old20,n166,the fire,clue_object,1,False,False,,,False,False
29,old20,n167,the outline,clue_object,1,False,False,,,False,False
29,old20,n168,the first poisoning,clue_object,0,False,False,,,False,False
29,old20,n169,the second poisoning,clue_object,0,False,False,,,False,False
29,old20,n170,eggnog,clue_object,3,False,False,,,True,True
29,old20,n171,Lucy,person,13,False,False,,,True,True
29,old20,n172,Y,person,7,False,False,,,True,True
29,old20,n173,Louise,person,1,False,False,,,False,False
29,old20,n174,Jed,person,0,False,False,,,False,False
29,old20,n175,Rene,person,4,False,False,,,True,True
29,old20,n176,the boy,person,0,False,False,,,False,False
29,old20,n178,the conspirator,person,0,False,False,,,False,False
29,old20,n179,the investigation,event,0,False,False,,,False,False
29,old20,n181,Kathy,person,2,False,False,,,True,True
29,old20,n182,room,location,1,False,False,,,False,False
29,old20,n183,child,person,2,False,False,,,False,False
29,old20,n184,grandmother,person,1,False,False,,,False,False
29,old20,n185,Aunt Louisa,person,1,False,False,,,False,False
29,old20,n187,York's laboratory,location,0,False,False,,,False,False
29,old20,n188,tutor,person,0,False,False,,,False,False
29,old20,n189,point board,clue_object,0,False,False,,,False,False
29,old20,n190,Mrs. Abigail,person,0,False,False,,,False,False
29,old20,n191,Pixton,person,0,False,False,,,False,False
29,old20,n192,"a small, paper-wrapped bottle",clue_object,0,False,False,,,False,False
29,old20,n193,three pears in the bowl,clue_object,0,False,False,,,False,False
29,old20,n194,the remaining glass fragments,clue_object,0,False,False,,,False,False
29,old20,n195,bottles and jars,clue_object,1,False,False,,,False,False
29,old20,n196,the charred shelves,location,0,False,False,,,False,False
29,old20,n197,the top layer of the charred shelves,location,0,False,False,,,False,False
29,old20,n198,the second floor,location,1,False,False,,,False,False
29,old20,n199,bedroom doors,clue_object,1,False,False,,,False,False
29,old20,n200,the hallway,location,2,False,False,,,False,True
29,old20,n201,Ned Mudd,person,0,False,False,,,False,False
29,old20,n202,the newspaper,clue_object,0,False,False,,,False,False
29,old20,n203,the railing of the stairs,location,1,False,False,,,False,False
29,old20,n204,Jam bread slice and cup of milk,clue_object,1,False,False,,,False,False
29,old20,n205,Tray,clue_object,1,False,False,,,False,False
29,old20,n206,Cabinet under the shelves,location,1,False,False,,,False,False
29,old20,n207,Test tube with a cork stopper,clue_object,1,False,False,,,False,False
29,old20,n208,Experimental table,location,0,False,False,,,False,False
29,old20,n209,Faucet on the experimental table,clue_object,0,False,False,,,False,False
29,old20,n210,Pipette in the hole,clue_object,0,False,False,,,False,False
29,old20,n211,Yellowed stack of papers,clue_object,0,False,False,,,False,False
29,old20,n212,Loose brick,clue_object,0,False,False,,,False,False
29,old20,n213,Dromio,person,4,False,False,,,True,True
29,old20,n214,Library,location,6,False,False,,,True,True
29,old20,n215,Martha Black,person,1,False,False,,,False,False
29,old20,n216,Giles,person,1,False,False,,,False,False
29,old20,n217,Barbara Black,person,1,False,False,,,False,False
29,old20,n218,Edgar Poe,person,1,False,False,,,False,False
29,old20,n219,Tutor's Attic Bedroom,location,1,False,False,,,False,False
29,old20,n220,Detective,person,0,False,False,,,False,False
29,old20,n221,Constable Nixon,person,1,False,False,,,False,False
29,old20,n222,Couch,location,1,False,False,,,False,False
29,old20,n223,Modigliani,person,0,False,False,,,False,False
29,old20,n224,Mrs. Abuco,person,2,False,False,,,True,True
29,old20,n225,egg-nog,clue_object,0,False,False,,,False,False
29,old20,n226,dining room,location,5,False,False,,,True,True
29,old20,n228,corridor,location,1,False,False,,,False,False
29,old20,n229,main entrance,location,0,False,False,,,False,False
29,old20,n230,George Abuco,person,2,False,False,,,True,True
29,old20,n231,Vichneya,person,3,False,False,,,True,True
29,old20,n232,Kronrad,person,2,False,False,,,True,True
29,old20,n234,Captain Cuddy,person,1,False,False,,,False,False
29,old20,n235,Lousia,person,1,False,False,,,False,False
29,old20,n236,the deaf and blind woman,person,5,False,False,,,True,True
29,old20,n237,A spotted-eared dog,clue_object,3,False,False,,,False,True
29,old20,n238,the deaf and blind woman (2),person,0,False,False,,,False,False
29,old20,n239,Doctor Miller,person,1,False,False,,,False,False
29,old20,n240,the Black family (2),person,1,False,False,,,False,False
29,old20,n241,Dr. Mirean,person,0,False,False,,,False,False
29,old20,n242,Smith,person,1,False,False,,,False,False
29,old20,n243,Miss Bates,person,1,False,False,,,False,False
29,old20,n244,Ren,person,4,False,False,,,True,True
29,old20,n245,crowd,clue_object,3,False,False,,,True,True
29,old20,n246,police officers,clue_object,4,False,False,,,True,True
29,old20,n247,motorcycle police officers,clue_object,2,False,False,,,True,True
29,old20,n248,Waverly Place,location,2,False,False,,,False,True
29,old20,n249,Washington Square,location,1,False,False,,,False,False
29,old20,n250,Eighth Street,location,1,False,False,,,False,False
29,old20,n251,Fifth Avenue to Mercer Street,location,1,False,False,,,False,False
29,old20,n252,Waverly Place to Fifth Avenue to Mercer Street,location,0,False,False,,,False,False
29,old20,n253,carriage era,time_anchor,0,False,False,,,False,False
29,old20,n254,Leroy,person,0,False,False,,,False,False
29,old20,n255,Dr. Miller,person,2,False,False,,,True,True
29,old20,n256,boudoir,location,0,False,False,,,False,False
29,old20,n257,briefcase,clue_object,1,False,False,,,False,False
29,old20,n258,bloodstains,clue_object,0,False,False,,,False,False
29,old20,n259,Mrs. Blackthorne,person,11,False,False,,,True,True
29,old20,n260,steel string,clue_object,1,False,False,,,False,False
29,old20,n261,Mrs. Heat,person,0,False,False,,,False,False
29,old20,n262,Dr. Sherington,person,1,False,False,,,False,False
29,old20,n263,four o'clock this morning,time_anchor,0,False,False,,,False,False
29,old20,n264,Dr. Thornhill,person,3,False,False,,,True,True
29,old20,n265,hypodermic syringe,clue_object,2,False,False,,,True,True
29,old20,n266,sheet,clue_object,2,False,False,,,True,True
29,old20,n267,carpet,location,0,False,False,,,False,False
29,old20,n268,powder,clue_object,0,False,False,,,False,False
29,old20,n269,Dr. Thayer,person,3,False,False,,,True,True
29,old20,n270,A plump old nurse,person,1,False,False,,,False,False
29,old20,n272,Vance,person,9,False,False,,,True,True
29,old20,n273,Fruit tray,clue_object,1,False,False,,,False,False
29,old20,n274,Apples,clue_object,0,False,False,,,False,False
29,old20,n275,Bananas,clue_object,0,False,False,,,False,False
29,old20,n276,Oranges,clue_object,0,False,False,,,False,False
29,old20,n277,Pears,clue_object,0,False,False,,,False,False
29,old20,n278,Miss Hate,person,1,False,False,,,False,False
29,old20,n279,Abu,person,0,False,False,,,False,False
29,old20,n280,Vincenza,person,2,False,False,,,True,True
29,old20,n281,Blackthorns,location,4,False,False,,,True,True
29,old20,n282,Basement,location,1,False,False,,,False,False
29,old20,n283,Sergeant's door,clue_object,0,False,False,,,False,False
29,old20,n284,Miss Hett,person,0,False,False,,,False,False
29,old20,n285,Chester Biglow,person,0,False,False,,,False,False
29,old20,n286,Miss Lucey's nurse,person,1,False,False,,,False,False
29,old20,n288,Policemen on duty,person,1,False,False,,,False,False
29,old20,n289,John Gly,person,3,False,False,,,True,True
29,old20,n290,Miss Cabian's room,location,3,False,False,,,True,True
29,old20,n291,Mandolin in glass case,clue_object,1,False,False,,,False,False
29,old20,n292,Talcum powder box on table,clue_object,1,False,False,,,False,False
29,old20,n293,orchid,clue_object,0,False,False,,,False,False
29,old20,n295,Dr. Millian,person,0,False,False,,,False,False
29,old20,n296,Captain Cutter,person,0,False,False,,,False,False
29,old20,n298,Ned Mueller,person,0,False,False,,,False,False
29,old20,n299,Pixon,person,1,False,False,,,False,False
29,old20,n300,workbench,clue_object,1,False,False,,,False,False
29,old20,n301,chairs,clue_object,1,False,False,,,False,False
29,old20,n302,three-legged stool,clue_object,1,False,False,,,False,False
29,old20,n303,low cabinet,clue_object,1,False,False,,,False,False
29,old20,n304,chemical symbols,clue_object,1,False,False,,,False,False
29,old20,n305,numbers,clue_object,1,False,False,,,False,False
29,old20,n306,Edgar Puri,person,2,False,False,,,True,True
29,old20,n307,Jie'er,person,1,False,False,,,False,False
29,old20,n308,Captain Cutwit,person,3,False,False,,,True,True
29,old20,n309,Mr. Bigger,person,1,False,False,,,False,False
29,old20,n310,Greer,person,1,False,False,,,False,False
29,old20,n311,Edgar Poirot,person,2,False,False,,,False,True
29,old20,n312,Miss Hitch,person,1,False,False,,,False,False
29,old20,n313,Gerald Blackwood,person,1,False,False,,,False,False
29,old20,n314,Chester Bigglesworth,person,1,False,False,,,False,False
29,old20,n315,Edgar Poirot's bedroom,location,1,False,False,,,False,False
29,old20,n316,window overlooking the garden,clue_object,2,False,False,,,False,True
29,old20,n317,rug,clue_object,0,False,False,,,False,False
29,old20,n318,bookshelf,clue_object,0,False,False,,,False,False
29,old20,n319,Pere,person,0,False,False,,,False,False
29,old20,n320,Biggles,person,2,False,False,,,True,True
29,old20,n321,Hight,person,2,False,False,,,True,True
29,old20,n322,Perry,person,1,False,False,,,False,False
29,old20,n323,Blacket,person,1,False,False,,,False,False
29,old20,n324,funeral parlor,location,0,False,False,,,False,False
29,old20,n325,Blacket family,person,2,False,False,,,False,False
29,old20,n326,Hatchet,person,1,False,False,,,False,False
29,old20,n327,city,location,1,False,False,,,False,False
29,old20,n328,Roen,person,0,False,False,,,False,False
29,old20,n329,Heathe family,person,1,False,False,,,False,False
29,old20,n330,Emily Heathe,person,2,False,False,,,False,True
29,old20,n331,Emily Blackthorn,person,0,False,False,,,False,False
29,old20,n332,York Blackthorn,person,0,False,False,,,False,False
29,old20,n333,Lucy Cabian,person,0,False,False,,,False,False
29,old20,n334,Gerald,person,0,False,False,,,False,False
29,old20,n335,Black,person,1,False,False,,,False,False
29,old20,n336,Bickero,person,1,False,False,,,False,False
29,old20,n337,Biggro,person,1,False,False,,,False,False
29,old20,n338,Captain Eli Cutter,person,1,False,False,,,False,False
29,old20,n340,Jia'er,person,1,False,False,,,False,False
29,old20,n341,"500,000 yuan",clue_object,0,False,False,,,False,False
29,old20,n342,"250,000 yuan fund",clue_object,0,False,False,,,False,False
29,old20,n343,Nurse Angela Smith,person,1,False,False,,,False,False
29,old20,n344,Vichnella,person,0,False,False,,,False,False
29,old20,n345,Falstaff,person,0,False,False,,,False,False
29,old20,n346,Powder Box,clue_object,0,False,False,,,False,False
29,old20,n347,Table,location,0,False,False,,,False,False
29,old20,n348,Fitzhugh,person,0,False,False,,,False,False
29,old20,n349,Kropotkin,person,0,False,False,,,False,False
29,old20,n350,Quincy,person,0,False,False,,,False,False
29,old20,n351,Uptown Club of Monks,location,0,False,False,,,False,False
29,old20,n352,Gigi,person,1,False,False,,,False,False
29,old20,n353,Kiddett,person,0,False,False,,,False,False
29,old20,n354,Butler,person,1,False,False,,,False,False
29,old20,n355,Driver,person,0,False,False,,,False,False
29,old20,n356,Family doctor,person,0,False,False,,,False,False
29,old20,n357,Family lawyer,person,0,False,False,,,False,False
29,old20,n358,Dining table,location,3,False,False,,,False,True
29,old20,n359,Chemistry experiment shelf,clue_object,0,False,False,,,False,False
29,old20,n360,Belladonna pills,clue_object,0,False,False,,,False,False
29,old20,n361,eucalyptus oil,clue_object,0,False,False,,,False,False
29,old20,n362,Bottle No. 256,clue_object,1,False,False,,,False,False
29,old20,n363,Bottle No. 220,clue_object,1,False,False,,,False,False
29,old20,n364,skim milk,clue_object,1,False,False,,,False,False
29,old20,n365,laboratory (also Y's bedroom),location,3,False,False,,,False,True
29,old20,n366,the pain that would surely follow,clue_object,1,False,False,,,False,False
29,old20,n367,"his heart sank, and his stomach churned with sorrow and fear",event,1,False,False,,,False,False
29,old20,n368,Saturday,time_anchor,2,False,False,,,False,False
29,old20,n369,the sun's rays blazing down on the river,clue_object,1,False,False,,,False,False
29,old20,n370,Lincoln,clue_object,1,False,False,,,False,False
29,old20,n371,sidewalk,location,0,False,False,,,False,False
29,old20,n372,Lincoln steps heavy as he ascended the worn stone steps,clue_object,1,False,False,,,False,False
29,old20,n373,Mr. Reine,person,1,False,False,,,False,False
29,old20,n374,empty laboratory,location,1,False,False,,,False,False
29,old20,n375,growing crime in America,clue_object,0,False,False,,,False,False
29,old20,n376,no room for opportunity,event,1,False,False,,,False,False
29,old20,n377,Captain Ketteridge,person,0,False,False,,,False,False
29,old20,n378,Gil Hate,person,0,False,False,,,False,False
29,old20,n379,Gregor,person,0,False,False,,,False,False
29,old20,n380,Becker,person,0,False,False,,,False,False
29,old20,n381,Piri,person,1,False,False,,,False,False
29,old20,n382,Quixi,person,1,False,False,,,False,False
29,old20,n383,Barbara Blackt,person,1,False,False,,,False,False
29,old20,n384,Quincey,person,1,False,False,,,False,False
29,old20,n385,Mr. Rine,person,0,False,False,,,False,False
29,old20,n387,Intruder,person,4,False,False,,,True,True
29,old20,n388,Door to the left of the entrance,location,0,False,False,,,False,False
29,old20,n389,Wall shelf in the direction of the door to the left,clue_object,1,False,False,,,False,False
29,old20,n390,Gregg,person,1,False,False,,,False,False
29,old20,n391,Captain Van Derveer,person,1,False,False,,,False,False
29,old20,n392,Longsden case,event,1,False,False,,,False,False
29,old20,n393,Louisa Kibbey,person,2,False,False,,,False,True
29,old20,n395,Dr. Merian,person,2,False,False,,,True,True
29,old20,n396,8:00 PM,time_anchor,0,False,False,,,False,False
29,old20,n397,the dark room,location,0,False,False,,,False,False
29,old20,n398,constable,person,0,False,False,,,False,False
29,old20,n399,Jed Hotchkiss,person,0,False,False,,,False,False
29,old20,n400,Peruvian oil,clue_object,2,False,False,,,True,True
29,old20,n401,vanilla scent,clue_object,2,False,False,,,True,True
29,old20,n402,Strychnine,clue_object,0,False,False,,,False,False
29,old20,n403,cyanide hydroxide,clue_object,1,False,False,,,False,False
29,old20,n404,top layer of shelf,clue_object,1,False,False,,,False,False
29,old20,n405,first segment of top layer of shelf,clue_object,1,False,False,,,False,False
29,old20,n406,ninth bottle of Strychnine,clue_object,0,False,False,,,False,False
29,old20,n407,fifty-seventh bottle of cyanide hydroxide,clue_object,0,False,False,,,False,False
29,old20,n408,Barbara Harte,person,0,False,False,,,False,False
29,old20,n409,blueprint,clue_object,2,False,False,,,False,True
29,old20,n410,chimney and fireplace,location,0,False,False,,,False,False
29,old20,n411,brick partition wall,clue_object,1,False,False,,,False,False
29,old20,n412,apple,clue_object,0,False,False,,,False,False
29,old20,n413,murderer,person,0,False,False,,,False,False
29,old20,n414,Mrs. Harte,person,0,False,False,,,False,False
29,old20,n415,Long Island cemetery,location,0,False,False,,,False,False
29,old20,n416,glass of skimmed milk,clue_object,0,False,False,,,False,False
29,old20,n417,Miss Barbara Hite,person,0,False,False,,,False,False
29,old20,n418,Mr. Philo Rene,person,0,False,False,,,False,False
29,old20,n419,attic,location,0,False,False,,,False,False
29,old20,n420,Renard,person,2,False,False,,,False,True
29,old20,n421,four o'clock in the afternoon,time_anchor,1,False,False,,,False,False
29,old20,n422,seven,time_anchor,1,False,False,,,False,False
29,old20,n423,Gilbert,person,1,False,False,,,False,False
29,old20,n424,John Gregg,person,0,False,False,,,False,False
29,old20,n425,Martha Blackthorne,person,0,False,False,,,False,False
29,old20,n426,the two children,person,0,False,False,,,False,False
29,old20,n427,the tragic play,event,1,False,False,,,False,False
29,old20,n428,incident,event,1,False,False,,,False,False
29,old20,n429,adult man,person,0,False,False,,,False,False
81,old20,n1,elderly couple,person,0,False,False,,,False,False
81,old20,n2,hot spring,clue_object,3,False,False,,,True,True
81,old20,n3,girl,person,5,False,False,,,True,True
81,old20,n4,dragon,clue_object,0,False,False,,,False,False
81,old20,n5,Penglai zither,clue_object,0,False,False,,,False,False
81,old20,n6,flood,event,0,False,False,,,False,False
81,old20,n7,couple,person,0,False,False,,,False,False
81,old20,n8,daughter,person,2,False,False,,,True,True
81,old20,n9,Qiyao,person,8,False,False,,,True,True
81,old20,n10,village,location,9,False,False,,,True,True
81,old20,n11,east,location,0,False,False,,,False,False
81,old20,n12,mother,person,20,False,False,,,True,True
81,old20,n13,son,person,1,False,False,,,False,False
81,old20,n14,Penglai,location,0,False,False,,,False,False
81,old20,n15,Shinshū region,location,0,False,False,,,False,False
81,old20,n16,travel guide magazines,clue_object,1,False,False,,,False,False
81,old20,n17,cheap yet seemingly pleasant inns,clue_object,1,False,False,,,False,False
81,old20,n18,travel guide map,clue_object,1,False,False,,,False,False
81,old20,n19,Yamauchi Village,location,0,False,False,,,False,False
81,old20,n20,mountain top,clue_object,2,False,False,,,False,True
81,old20,n21,river,clue_object,1,False,False,,,False,False
81,old20,n22,road,clue_object,1,False,False,,,False,False
81,old20,n23,rice paddies and terraced fields,clue_object,0,False,False,,,False,False
81,old20,n24,local villager,person,1,False,False,,,False,False
81,old20,n25,villager,person,3,False,False,,,True,True
81,old20,n26,inn,location,6,False,False,,,True,True
81,old20,n27,tourists,person,3,False,False,,,True,True
81,old20,n28,Kenji Maeda,person,2,False,False,,,True,True
81,old20,n29,friend,person,1,False,False,,,False,False
81,old20,n30,Dragon's Head,location,12,True,True,3922;3964,3922;3964,True,True
81,old20,n31,Quiet Horse,person,3,False,False,,,True,True
81,old20,n32,Kichijiro,person,2,False,False,,,True,True
81,old20,n33,Jūmi,person,0,False,False,,,False,False
81,old20,n34,Jirō,person,1,False,False,,,False,False
81,old20,n35,fishing gear,clue_object,0,False,False,,,False,False
81,old20,n36,Dragon's Head rock,location,3,False,False,,,True,False
81,old20,n37,fishing season,time_anchor,0,False,False,,,False,False
81,old20,n38,headless dragon,clue_object,0,False,False,,,False,False
81,old20,n39,dragon that was defeated,clue_object,0,False,False,,,False,False
81,old20,n40,Koto family,person,5,False,False,,,True,True
81,old20,n41,tower,clue_object,8,False,False,,,True,True
81,old20,n42,Kureno,person,0,False,False,,,False,False
81,old20,n43,Taisho period,time_anchor,0,False,False,,,False,False
81,old20,n44,Koto village,location,0,False,False,,,False,False
81,old20,n45,pond,clue_object,1,False,False,,,False,False
81,old20,n46,Western-style conical roof,clue_object,0,False,False,,,False,False
81,old20,n47,Jibiki,person,1,False,False,,,False,False
81,old20,n48,Yoshimaru,person,0,False,False,,,False,False
81,old20,n49,Jingma,person,44,False,False,,,True,True
81,old20,n50,Kimii (Kimi),person,3,False,False,,,True,True
81,old20,n51,father,person,10,False,False,,,True,True
81,old20,n52,Qinai Tang,location,2,False,False,,,True,True
81,old20,n53,fortuneteller,clue_object,0,False,False,,,False,False
81,old20,n54,Kurei,person,1,False,False,,,False,False
81,old20,n55,the west,location,0,False,False,,,False,False
81,old20,n56,Kei,person,9,False,False,,,True,True
81,old20,n57,Yuying,person,30,False,False,,,True,True
81,old20,n58,Kenzo Kamezaki,clue_object,1,False,False,,,False,False
81,old20,n59,Tetsuya,clue_object,2,False,False,,,True,True
81,old20,n60,Kumihira,person,0,False,False,,,False,False
81,old20,n61,First snowfall,time_anchor,4,False,False,,,True,True
81,old20,n62,Village legend,clue_object,1,False,False,,,False,False
81,old20,n63,Dragon's Pond,location,3,False,False,,,True,True
81,old20,n64,Jirou,person,7,False,False,,,True,True
81,old20,n65,Shouma,person,6,False,False,,,True,True
81,old20,n66,Pickled fish,clue_object,1,False,False,,,False,False
81,old20,n67,Shankou,person,1,False,False,,,False,False
81,old20,n69,Oyoki,person,0,False,False,,,False,False
81,old20,n70,Spring Vegetable (Yuying Miss),person,0,False,False,,,False,False
81,old20,n71,Shitara,person,3,False,False,,,True,True
81,old20,n72,Hirano-san,person,1,False,False,,,False,False
81,old20,n73,"Tokuda, Mr.",person,2,False,False,,,True,False
81,old20,n74,"Oyama, Mr.",person,3,False,False,,,True,False
81,old20,n75,"Yoshida, Mr.",person,1,False,False,,,False,False
81,old20,n76,"Betsu, Detective",person,1,False,False,,,False,False
81,old20,n77,Detective Betsu's abilities,clue_object,0,False,False,,,False,False
81,old20,n78,case,event,4,False,False,,,True,False
81,old20,n79,Shitara's daughter,person,1,False,False,,,False,False
81,old20,n80,Oyamada,person,4,False,False,,,True,True
81,old20,n81,Sasaki,person,5,False,False,,,True,True
81,old20,n82,Oyuki,person,57,False,False,,,True,True
81,old20,n84,Oyim,person,45,False,False,,,True,True
81,old20,n85,villagers,person,6,False,False,,,True,True
81,old20,n86,main house,location,6,False,False,,,True,True
81,old20,n87,Kumazawa shrine,location,11,False,False,,,True,True
81,old20,n88,small shrine,location,6,False,False,,,True,True
81,old20,n89,covered walkway,location,1,False,False,,,False,False
81,old20,n90,wooden clog cabinet,clue_object,1,False,False,,,False,False
81,old20,n91,sliding door of the entrance,clue_object,0,False,False,,,False,False
81,old20,n92,small three and a half-tatami room,location,1,False,False,,,False,False
81,old20,n93,Chikako's room,location,2,False,False,,,False,True
81,old20,n94,closet,clue_object,2,False,False,,,False,True
81,old20,n95,sliding door of the closet,clue_object,0,False,False,,,False,False
81,old20,n96,four and a half-tatami room,location,2,False,False,,,False,True
81,old20,n97,washroom,location,1,False,False,,,False,False
81,old20,n98,Ushio,person,2,False,False,,,True,True
81,old20,n99,Koi carp,clue_object,0,False,False,,,False,False
81,old20,n100,Kureha,person,1,False,False,,,False,False
81,old20,n101,Kusaka,person,1,False,False,,,False,False
81,old20,n102,Jumo,person,1,False,False,,,False,False
81,old20,n103,Shusha,location,1,False,False,,,False,False
81,old20,n104,desk,clue_object,0,True,False,2963,,False,False
81,old20,n105,window,clue_object,4,False,False,,,True,True
81,old20,n106,closets,clue_object,0,False,False,,,False,False
81,old20,n107,table,clue_object,1,False,False,,,False,False
81,old20,n108,Sheng,person,2,False,False,,,False,True
81,old20,n109,Koyuki-sama,person,0,False,False,,,False,False
81,old20,n110,Sumire,person,1,False,False,,,False,False
81,old20,n111,Jumo-kun,person,0,False,False,,,False,False
81,old20,n112,Mio-chan,person,0,False,False,,,False,False
81,old20,n113,Mei-chan,person,1,False,False,,,False,False
81,old20,n114,Kikyo-chan,person,0,False,False,,,False,False
81,old20,n115,Choume,person,7,False,False,,,True,True
81,old20,n116,Junmi,person,1,False,False,,,False,False
81,old20,n117,Yogi,person,0,False,False,,,False,False
81,old20,n118,Sanko,person,0,False,False,,,False,False
81,old20,n119,Shigen,person,1,False,False,,,False,False
81,old20,n120,Uehara-sama's seat,location,0,False,False,,,False,False
81,old20,n121,Jumaro,person,0,False,False,,,False,False
81,old20,n122,Yuri,person,14,False,False,,,True,True
81,old20,n123,Suma,person,8,False,False,,,True,True
81,old20,n124,Akuma,person,2,False,False,,,True,True
81,old20,n125,Hasegawa,person,2,False,False,,,True,True
81,old20,n126,Yuria,person,0,False,False,,,False,False
81,old20,n127,Mei,person,3,False,False,,,True,True
81,old20,n128,Matsuzaki,person,2,False,False,,,True,True
81,old20,n129,Kurose,person,1,False,False,,,False,False
81,old20,n131,Jumira-san,person,2,False,False,,,True,True
81,old20,n132,Kyomi,person,3,False,False,,,True,True
81,old20,n133,Shima,person,26,False,False,,,True,True
81,old20,n134,Guanghui,person,1,False,False,,,False,False
81,old20,n135,Ji Mi,person,2,False,False,,,False,True
81,old20,n136,Doctor Mu Ye,person,1,False,False,,,False,False
81,old20,n137,Doctor Shangren Mu,person,2,False,False,,,False,False
81,old20,n138,young doctor,person,4,False,False,,,False,True
81,old20,n139,Spring Vegetable girl,person,8,False,False,,,True,True
81,old20,n140,Kizuki family,location,1,False,False,,,False,False
81,old20,n141,Jin family,person,1,False,False,,,False,False
81,old20,n142,dragon curse,clue_object,1,False,False,,,False,False
81,old20,n143,Matsuzuka-san,person,1,False,False,,,False,False
81,old20,n144,Great Sage,clue_object,0,False,False,,,False,False
81,old20,n145,Shinobu family,person,1,False,False,,,False,False
81,old20,n146,Ogata,person,7,False,False,,,True,True
81,old20,n147,threatening letter,clue_object,1,False,False,,,False,False
81,old20,n148,Ms. Kusaka,person,1,False,False,,,False,False
81,old20,n149,Satsuki,person,0,False,False,,,False,False
81,old20,n150,Shibazaki,person,4,False,False,,,True,True
81,old20,n151,Kyoko,person,3,False,False,,,True,True
81,old20,n152,Ms. Udou,person,0,False,False,,,False,False
81,old20,n153,Spring Vegetable,person,3,False,False,,,True,True
81,old20,n154,Meiju-san,person,1,False,False,,,False,False
81,old20,n156,Yamanaka,person,8,False,False,,,True,True
81,old20,n157,Zhiyao elder,person,1,False,False,,,False,False
81,old20,n158,white and red kimono,clue_object,0,False,False,,,False,False
81,old20,n159,geisha,person,0,False,False,,,False,False
81,old20,n160,shaman,person,0,False,False,,,False,False
81,old20,n161,outsider,person,4,False,False,,,True,True
81,old20,n162,Qinai Tang shrine,location,1,False,False,,,False,False
81,old20,n163,Deng-san,person,2,False,False,,,True,True
81,old20,n164,Chikuzi family,person,0,False,False,,,False,False
81,old20,n165,Deng (main character),person,0,False,False,,,False,False
81,old20,n166,Mei Cai Zi,person,1,False,False,,,False,False
81,old20,n167,Spring Cai,person,0,False,False,,,False,False
81,old20,n168,Xia Cai,person,0,False,False,,,False,False
81,old20,n169,Qiu Yuan,person,0,False,False,,,False,False
81,old20,n170,Chiang Heng,person,1,False,False,,,False,False
81,old20,n171,dragon decoration lantern,clue_object,0,False,False,,,False,False
81,old20,n172,ancient shrine,location,1,False,False,,,False,False
81,old20,n173,footprints,clue_object,3,True,False,3589,,True,True
81,old20,n174,Fujin Tower,location,8,True,True,3922,3922,True,True
81,old20,n175,footsteps,clue_object,1,False,False,,,False,False
81,old20,n176,path,clue_object,1,False,False,,,False,False
81,old20,n177,Yoyaku,person,1,False,False,,,False,False
81,old20,n178,Gen,person,7,False,False,,,True,True
81,old20,n179,Windsee Tower,location,3,False,False,,,True,True
81,old20,n180,I,person,2,False,False,,,True,True
81,old20,n181,Hana,person,1,False,False,,,False,False
81,old20,n182,Sumi,person,3,False,False,,,True,True
81,old20,n183,Stretching,person,0,False,False,,,False,False
81,old20,n184,Mr. Shohei,person,0,False,False,,,False,False
81,old20,n185,Yumi,person,4,False,False,,,True,True
81,old20,n186,Snow,clue_object,0,False,False,,,False,False
81,old20,n187,Shingen,person,0,False,False,,,False,False
81,old20,n188,Shiro,person,2,False,False,,,True,True
81,old20,n189,Ando,person,0,False,False,,,False,False
81,old20,n190,Beisuo,person,0,False,False,,,False,False
81,old20,n191,Platsuo,person,0,False,False,,,False,False
81,old20,n192,Mr. Tokiwa,person,0,False,False,,,False,False
81,old20,n193,the horse,person,1,False,False,,,False,False
81,old20,n194,the ancient temple,location,4,False,False,,,True,True
81,old20,n195,Ogi Shrine,location,1,False,False,,,False,False
81,old20,n196,Akitsuki,person,1,False,False,,,False,False
81,old20,n197,Tsuki,person,1,False,False,,,False,False
81,old20,n198,Shunka,person,0,False,False,,,False,False
81,old20,n199,Oyumi,person,0,False,False,,,False,False
81,old20,n200,Bessho,person,1,False,False,,,False,False
81,old20,n201,Koto-sama,person,1,False,False,,,False,False
81,old20,n202,Kyouma,location,2,False,False,,,False,True
81,old20,n203,Yushe,location,1,False,False,,,False,False
81,old20,n204,Yushi,person,2,False,False,,,True,True
81,old20,n205,Shin'ichi,person,6,False,False,,,True,True
81,old20,n206,Jingma (Second Part),location,0,False,False,,,False,False
81,old20,n207,Higashiyama,person,3,False,False,,,True,True
81,old20,n208,Harumi (Shibazaki's alias),clue_object,1,False,False,,,False,False
81,old20,n209,Kei Mori,person,3,False,False,,,False,True
81,old20,n210,Hayato,person,1,False,False,,,False,False
81,old20,n211,Kibe River,location,1,False,False,,,False,False
81,old20,n212,internet,location,1,False,False,,,False,False
81,old20,n213,Jinma,person,4,False,False,,,True,True
81,old20,n214,Kikuzuki village,location,1,False,False,,,False,False
81,old20,n215,Kumo,person,0,False,False,,,False,False
81,old20,n216,Takeda,person,1,False,False,,,False,False
81,old20,n217,Fuyu Tower,location,3,False,False,,,True,True
81,old20,n218,Ogiyama,person,1,False,False,,,False,False
81,old20,n219,boulder,clue_object,1,False,False,,,False,False
81,old20,n220,Kei Takada,person,3,False,False,,,True,True
81,old20,n221,Oyama-san,person,2,False,False,,,True,True
81,old20,n222,Qin Nai Tang,location,2,False,False,,,True,True
81,old20,n223,Emperor's Shadow,person,1,False,False,,,False,False
81,old20,n224,Shizuki,person,5,False,False,,,True,True
81,old20,n225,Yoshikawa,person,1,False,False,,,False,False
81,old20,n226,Yagyuu's daughter,person,9,False,False,,,True,True
81,old20,n227,Snow Vegetable,person,5,False,False,,,True,True
81,old20,n228,Miyazaki,location,0,False,False,,,False,False
81,old20,n229,Jingu,person,3,False,False,,,True,True
81,old20,n230,Uzaki family,location,1,False,False,,,False,False
81,old20,n231,Seijin,person,1,False,False,,,False,False
81,old20,n232,Oyama shrine,location,1,False,False,,,False,False
81,old20,n233,Ogiu,person,2,False,False,,,False,False
81,old20,n234,Shibuya,person,1,False,False,,,False,False
81,old20,n235,Wakaba,person,5,False,False,,,True,True
81,old20,n236,Snowy's room,location,2,False,False,,,False,False
81,old20,n237,Moon Vegetable Girls,person,1,False,False,,,False,False
81,old20,n238,Hosokawa,person,1,False,False,,,False,False
81,old20,n239,Shūji,person,1,False,False,,,False,False
81,old20,n240,Jun'ichi,person,3,False,False,,,True,True
81,old20,n241,Nariyuki,person,0,False,False,,,False,False
81,old20,n242,Kikyō,person,1,False,False,,,False,False
81,old20,n243,Moon Vegetable sisters,clue_object,1,False,False,,,False,False
81,old20,n244,Kotozuka family courtyard,location,1,False,False,,,False,False
81,old20,n245,koi,clue_object,0,False,False,,,False,False
81,old20,n246,Mr. Shoji,person,2,False,False,,,True,True
81,old20,n247,killer,person,5,True,True,1723;2061;2069;2954;2956;3286;3589;3590;3886;3896;3899;3964,2069;3964,True,True
81,old20,n248,Dr. Mukai's clinic nurse (son of the old Dr. Mukai),person,1,False,False,,,False,False
81,old20,n249,stone field detective,person,4,False,False,,,True,True
81,old20,n250,chloroform,clue_object,2,False,False,,,True,True
81,old20,n251,cold winter rain,location,1,False,False,,,False,False
81,old20,n252,Tsukina,person,1,False,False,,,False,False
81,old20,n253,Iwamura,person,1,False,False,,,False,False
81,old20,n254,Fuyu-san,person,1,False,False,,,False,False
81,old20,n255,Wakiguchi-san,person,2,False,False,,,False,True
81,old20,n256,Mr. Sone,person,1,False,False,,,False,False
81,old20,n257,Kibiji-san,person,2,False,False,,,False,True
81,old20,n258,old shrine,location,12,False,False,,,True,True
81,old20,n259,hoe,clue_object,2,False,False,,,True,True
81,old20,n260,shovel,clue_object,2,False,False,,,True,True
81,old20,n261,Hoshiba-san,person,1,False,False,,,False,False
81,old20,n262,Senji,person,1,False,False,,,False,False
81,old20,n263,Gen-san,person,2,False,False,,,False,True
81,old20,n264,Minako-san,person,2,False,False,,,False,True
81,old20,n265,Chigusa-san,person,1,False,False,,,False,False
81,old20,n266,Teng-san,person,2,False,False,,,True,True
81,old20,n267,Aki-san,person,2,False,False,,,True,True
81,old20,n268,Ando-san,person,5,False,False,,,True,True
81,old20,n269,Kouichi-san,person,0,False,False,,,False,False
81,old20,n270,Senichi-san,person,1,False,False,,,False,False
81,old20,n271,Higuchi-san,person,0,False,False,,,False,False
81,old20,n272,Kanai-san,person,0,False,False,,,False,False
81,old20,n273,Wakaba-san,person,1,False,False,,,False,False
81,old20,n274,I (speaker),person,0,False,False,,,False,False
81,old20,n275,Komatsu,person,0,False,False,,,False,False
81,old20,n276,Hanaoka,person,0,False,False,,,False,False
81,old20,n277,Suzu-san,person,0,False,False,,,False,False
81,old20,n278,Murderer,person,5,False,False,,,True,True
81,old20,n279,Menri,person,1,False,False,,,False,False
81,old20,n280,Jumonji,person,2,False,False,,,False,False
81,old20,n281,Shigeki,person,1,False,False,,,False,False
81,old20,n282,Seishu,person,0,False,False,,,False,False
81,old20,n283,Quietly,person,0,False,False,,,False,False
81,old20,n284,Jingma-san,person,1,False,False,,,False,False
81,old20,n285,Miss Hana,person,0,False,False,,,False,False
81,old20,n286,Shizuma,person,16,False,False,,,True,True
81,old20,n287,Suetsumu,person,1,False,False,,,False,False
81,old20,n288,Ishizuka,person,1,False,False,,,False,False
81,old20,n289,Kurosawa,person,0,False,False,,,False,False
81,old20,n290,Sugisaki,person,0,False,False,,,False,False
81,old20,n291,Kouki,person,3,False,False,,,True,True
81,old20,n292,Oyama Oyim,person,1,False,False,,,False,False
81,old20,n293,Yurie Oyama,person,3,False,False,,,True,True
81,old20,n294,Sukimura,person,4,False,False,,,True,True
81,old20,n295,Stone,person,4,True,False,3589,,True,True
81,old20,n296,Iden Tsuma,location,0,False,False,,,False,False
81,old20,n297,Mr. Iwakura,person,7,False,False,,,True,True
81,old20,n298,Miss Sumiya,person,1,False,False,,,False,False
81,old20,n299,Gakuzoku family,location,1,False,False,,,False,False
81,old20,n300,tiled wall,clue_object,2,False,False,,,True,True
81,old20,n301,carpet,location,2,False,False,,,True,True
81,old20,n302,aki,person,4,False,False,,,True,True
81,old20,n303,Stone Field,person,4,False,False,,,True,True
81,old20,n304,Tsubaki,person,4,False,False,,,True,True
81,old20,n305,Mr. Sei's husband,person,1,False,False,,,False,False
81,old20,n306,Shumai,person,4,False,False,,,True,True
81,old20,n307,Kakitsubata family,location,0,False,False,,,False,False
81,old20,n308,Kouma-san,person,0,False,False,,,False,False
81,old20,n309,Yu Yi,person,3,False,False,,,False,True
81,old20,n310,Yu Yi's father,person,1,False,False,,,False,False
81,old20,n311,Yu Yi's mother,person,1,False,False,,,False,False
81,old20,n312,Grandfather,person,3,False,False,,,True,True
81,old20,n313,Mr. Yuki,person,1,False,False,,,False,False
81,old20,n314,Narrator,person,8,False,False,,,True,True
81,old20,n315,Qiege village,location,1,False,False,,,False,False
81,old20,n316,Stone quarry detective,clue_object,1,False,False,,,False,False
81,old20,n317,Double,person,2,False,False,,,True,True
81,old20,n318,Insurance money,clue_object,1,False,False,,,False,False
81,old20,n319,Mr. Kurama,person,0,False,False,,,False,False
81,old20,n320,Lady Kouhei,person,0,False,False,,,False,False
81,old20,n321,Oinari Onsen,location,0,False,False,,,False,False
81,old20,n322,Doctor Nogi,person,0,False,False,,,False,False
81,old20,n323,Mr. Shima,person,0,False,False,,,False,False
81,old20,n324,Gogyo,person,0,False,False,,,False,False
81,old20,n325,Kotoyu Onsen,location,2,False,False,,,True,True
81,old20,n326,Yamauchi Toshiichi,person,4,False,False,,,True,True
81,old20,n327,Yoshimura Yuki,person,1,False,False,,,False,False
81,old20,n328,Jumu,person,3,False,False,,,True,True
81,old20,n329,Shankou-san,person,1,False,False,,,False,False
81,old20,n330,Hatsune Juichi,person,1,False,False,,,False,False
81,old20,n331,Yanagisawa,person,1,False,False,,,False,False
81,old20,n332,Shima-no-yu,location,1,False,False,,,False,False
81,old20,n333,Hoshibe's room,location,2,False,False,,,False,True
81,old20,n334,Shamen,person,1,False,False,,,False,False
81,old20,n335,Allison,person,2,False,False,,,True,True
81,old20,n336,Shanku,person,4,False,False,,,True,True
81,old20,n337,Ancient Shushan,location,1,False,False,,,False,False
81,old20,n338,Narrow path leading to the mountains,location,1,False,False,,,False,False
81,old20,n339,Garden,location,1,False,False,,,False,False
81,old20,n340,Mansion,location,4,False,False,,,True,True
81,old20,n341,Kozuki,person,3,False,False,,,True,True
81,old20,n342,Kusa,person,0,False,False,,,False,False
81,old20,n343,Spring Vegetables,person,3,False,False,,,True,False
81,old20,n344,Kusa and Jirou's daughters,person,2,False,False,,,True,False
81,old20,n345,Biésu,person,1,False,False,,,False,False
81,old20,n346,Empress Yuying,person,2,False,False,,,False,True
81,old20,n347,Shibazaki Harumi,person,1,False,False,,,False,False
81,old20,n349,Tsuki no,person,2,False,False,,,False,True
81,old20,n350,Shijiro,person,0,False,False,,,False,False
81,old20,n351,Suzukaze,person,0,False,False,,,False,False
81,old20,n352,Mizuki,person,0,False,False,,,False,False
81,old20,n353,Jingu-maru,person,0,False,False,,,False,False
81,old20,n354,Kazu,person,0,False,False,,,False,False
81,old20,n355,half-moon lock,clue_object,0,False,False,,,False,False
81,old20,n356,Kagura family,person,1,False,False,,,False,False
81,old20,n357,Miss Oyim,person,1,False,False,,,False,False
81,old20,n358,Mr. Seijiro,person,1,False,False,,,False,False
81,old20,n359,Shrine inside the rock,location,0,False,False,,,False,False
81,old20,n360,Sliding door,clue_object,2,True,False,3590,,True,True
81,old20,n361,Snowing outside,time_anchor,1,False,False,,,False,False
81,old20,n362,Kuroda-san,person,1,False,False,,,False,False
81,old20,n363,Jiyu,person,0,False,False,,,False,False
81,old20,n364,Yoyim,person,0,False,False,,,False,False
81,old20,n365,retcher,clue_object,0,False,False,,,False,False
81,old20,n366,Ita,person,0,False,False,,,False,False
81,old20,n367,"Detective A (short, in his forties)",person,2,False,False,,,True,True
81,old20,n368,"Detective B (tall, in his twenties)",person,2,False,False,,,True,False
81,old20,n369,Yong's house,location,0,False,False,,,False,False
81,old20,n370,"k-skinned, sage-colored notebook",clue_object,0,False,False,,,False,False
81,old20,n371,small shop on campus,location,0,False,False,,,False,False
81,old20,n372,Shigemori,person,2,False,False,,,True,True
81,old20,n373,pit on the ground,clue_object,2,False,False,,,True,False
81,old20,n374,Seiichirō,person,2,False,False,,,True,True
81,old20,n375,Yoshino,person,6,False,False,,,True,True
81,old20,n376,Bieshu,person,1,False,False,,,False,False
81,old20,n377,Ogasawara,person,1,False,False,,,False,False
81,old20,n378,Betso-sama,person,2,False,False,,,True,False
81,old20,n379,Bloodstains,clue_object,3,False,False,,,True,True
81,old20,n380,Misty Morning,location,3,False,False,,,True,True
81,old20,n381,Sasaki Detective,person,4,False,False,,,True,True
81,old20,n382,Ogami,person,1,False,False,,,False,False
81,old20,n383,Belsher,person,0,False,False,,,False,False
81,old20,n384,victim,person,6,False,False,,,True,True
81,old20,n385,head,clue_object,1,False,False,,,False,False
81,old20,n386,Kagura family's house,location,1,False,False,,,False,False
81,old20,n387,Gion no Yu,location,0,False,False,,,False,False
81,old20,n388,Shimenzushi,location,1,False,False,,,False,False
81,old20,n389,Ogawa,person,1,False,False,,,False,False
81,old20,n390,Inn of Harmony,location,0,False,False,,,False,False
81,old20,n391,Kyoji,person,2,False,False,,,True,True
81,old20,n392,Kiyoko,person,1,False,False,,,False,False
81,old20,n393,police,person,7,True,False,3589,,True,True
81,old20,n394,Kinetu residence,location,4,False,False,,,True,True
81,old20,n395,Kikuze family,person,1,False,False,,,False,False
81,old20,n396,Miss Oyama,person,0,False,False,,,False,False
81,old20,n397,Inoue family,person,0,False,False,,,False,False
81,old20,n398,Mr. Kudo,person,0,False,False,,,False,False
81,old20,n399,Kumiko,person,1,False,False,,,False,False
81,old20,n400,Chikami,person,0,False,False,,,False,False
81,old20,n401,Sanjo-san,clue_object,0,False,False,,,False,False
81,old20,n402,Kagata,person,0,False,False,,,False,False
81,old20,n403,Jumpei,person,0,False,False,,,False,False
81,old20,n404,Chie,person,2,False,False,,,True,True
81,old20,n405,Emperor,person,1,False,False,,,False,False
81,old20,n406,Daimyo Oedo,person,0,False,False,,,False,False
81,old20,n407,Mr. Gogen Souryo,person,0,False,False,,,False,False
81,old20,n408,Yuki-san,person,0,False,False,,,False,False
81,old20,n409,small country queen,person,1,False,False,,,False,False
81,old20,n410,Dacheng,person,2,False,False,,,True,True
81,old20,n411,Daichi,person,2,False,False,,,True,False
81,old20,n412,Yaoying,person,2,False,False,,,True,False
81,old20,n413,Daihon,person,0,False,False,,,False,False
81,old20,n415,Ryuutan,location,0,False,False,,,False,False
81,old20,n416,Shanko,person,0,False,False,,,False,False
81,old20,n417,Oyama Oyuki,person,0,False,False,,,False,False
81,old20,n418,Mr. Kindaichi,person,2,False,False,,,False,True
81,old20,n419,Detective Miss,person,0,False,False,,,False,False
81,old20,n420,his father,person,0,False,False,,,False,False
81,old20,n421,Koto Onsen,location,1,False,False,,,False,False
81,old20,n422,Nara,location,0,False,False,,,False,False
81,old20,n423,Kotoe Shunmen,person,1,False,False,,,False,False
81,old20,n424,Empress,person,4,False,False,,,True,True
81,old20,n425,Mr. Bessho,person,0,False,False,,,False,False
81,old20,n426,Atsuko Yashiro,person,0,False,False,,,False,False
81,old20,n427,Kumigami residence,location,0,False,False,,,False,False
81,old20,n428,main shrine of the Kumigami,location,0,False,False,,,False,False
81,old20,n429,Dragon Pond,location,2,False,False,,,False,True
81,old20,n430,inheritance ceremony called 'transmission',event,0,False,False,,,False,False
81,old20,n431,Kotoe Shunmen's brother,person,1,False,False,,,False,False
81,old20,n432,the axe,clue_object,0,False,False,,,False,False
81,old20,n433,clubs and strings,clue_object,0,False,False,,,False,False
81,old20,n434,the girl in the pond,person,5,True,False,1709,,True,True
81,old20,n435,the recluse,person,0,False,False,,,False,False
81,old20,n436,Mr. Igarashi,person,1,False,False,,,False,False
81,old20,n437,Chunmen,person,0,False,False,,,False,False
81,old20,n438,Asabe,person,1,False,False,,,False,False
81,old20,n439,Summer Vegetable,clue_object,0,False,False,,,False,False
81,old20,n440,Autumn Vegetable,clue_object,2,False,False,,,False,True
81,old20,n441,Sasaki's mother,person,1,False,False,,,False,False
81,old20,n442,Oniwa,clue_object,1,False,False,,,False,False
81,old20,n443,Kono family,person,1,False,False,,,False,False
81,old20,n444,koto-shaped pattern,clue_object,1,False,False,,,False,False
81,old20,n445,Keisuke,person,1,False,False,,,False,False
81,old20,n446,Shinsuke,person,1,False,False,,,False,False
81,old20,n447,Shizuku's older brother and Shou,person,4,False,False,,,False,True
81,old20,n448,Choko-chan,person,1,False,False,,,False,False
81,old20,n449,Shingo,person,0,False,False,,,False,False
81,old20,n450,Yoshimura,person,0,False,False,,,False,False
81,old20,n451,Oyama's room,location,0,False,False,,,False,False
81,old20,n452,Yomi,person,1,False,False,,,False,False
81,old20,n453,Oyome,person,0,False,False,,,False,False
81,old20,n454,Yama,person,3,False,False,,,False,True
81,old20,n455,Jingma's arm,clue_object,0,False,False,,,False,False
81,old20,n456,Oyome's voice,clue_object,0,False,False,,,False,False
81,old20,n457,"Aunt Mei and her daughter, Saki",clue_object,0,False,False,,,False,False
81,old20,n458,Chūnéi,person,0,False,False,,,False,False
81,old20,n459,Nesto-san,person,1,False,False,,,False,False
81,old20,n460,Inari Shrine,location,1,False,False,,,False,False
81,old20,n461,Shun-chan,person,0,False,False,,,False,False
81,old20,n462,Aya-san,person,0,False,False,,,False,False
81,old20,n463,Spring Vegetables (Shunchai),person,5,False,False,,,True,True
81,old20,n464,Xiaocai (Long-haired Xiaocai),person,2,False,False,,,True,True
81,old20,n465,Mr. Kusaka,person,1,False,False,,,False,False
81,old20,n466,Mr. Qiuji's legacy,clue_object,2,False,False,,,True,True
81,old20,n467,small trees,clue_object,1,False,False,,,False,False
81,old20,n468,island,clue_object,1,False,False,,,False,False
81,old20,n469,shrine-like building,clue_object,1,False,False,,,False,False
81,old20,n470,Fengjian Tower,location,1,False,False,,,False,False
81,old20,n471,bridge,clue_object,1,False,False,,,False,False
81,old20,n472,western detached house,location,1,False,False,,,False,False
81,old20,n473,third floor,time_anchor,1,False,False,,,False,False
81,old20,n474,main guest rooms,location,1,False,False,,,False,False
81,old20,n475,funeral of Chuncai,event,1,False,False,,,False,False
81,old20,n476,Iwakura,person,8,False,False,,,True,True
81,old20,n477,Hoshibe,person,1,False,False,,,False,False
81,old20,n478,Chou,person,1,False,False,,,False,False
81,old20,n479,Yuyin,person,0,False,False,,,False,False
81,old20,n480,Hesheng,person,1,False,False,,,False,False
81,old20,n481,Chuncai,person,0,False,False,,,False,False
81,old20,n482,Daou,person,0,False,False,,,False,False
81,old20,n483,Noboru,person,0,False,False,,,False,False
81,old20,n484,Uzuki family,person,0,False,False,,,False,False
81,old20,n485,Takayama,person,0,False,False,,,False,False
81,old20,n486,Onizuka no Yu,location,0,False,False,,,False,False
81,old20,n487,Eastern detached house,location,0,False,False,,,False,False
81,old20,n488,Tsutakawa family,location,1,False,False,,,False,False
81,old20,n489,Oni,person,3,False,False,,,False,True
81,old20,n490,Kikuzuki family,location,1,False,False,,,False,False
81,old20,n491,ch,person,2,False,False,,,True,True
81,old20,n492,Edo period,time_anchor,1,False,False,,,False,False
81,old20,n493,Kikuzuki,location,1,False,False,,,False,False
81,old20,n494,hot springs,clue_object,3,False,False,,,False,True
81,old20,n495,children born from the hot spring,clue_object,1,False,False,,,False,False
81,old20,n496,Injyou no Onna,person,4,False,False,,,True,True
81,old20,n497,Akanabe-sama,person,3,False,False,,,True,True
81,old20,n498,Rocks,person,2,False,False,,,True,True
81,old20,n499,Daihenge-sama,person,1,False,False,,,False,False
81,old20,n500,Shuzen-sama,person,1,False,False,,,False,False
81,old20,n501,sand eel's head,clue_object,1,False,False,,,False,False
81,old20,n502,heavy lid,clue_object,1,False,False,,,False,False
81,old20,n503,Onizuka family,location,1,False,False,,,False,False
81,old20,n504,Tsubaki no Oyakata,person,2,False,False,,,False,True
81,old20,n505,Ando-san's great-grandfather,person,0,False,False,,,False,False
81,old20,n506,Rock Ware-san,person,2,False,False,,,False,True
81,old20,n507,Shoumen-san,person,1,False,False,,,False,False
81,old20,n508,Rockwell,person,7,False,False,,,True,True
81,old20,n509,Austin,person,1,False,False,,,False,False
81,old20,n510,Mr. Wakamura,person,1,False,False,,,False,False
81,old20,n511,Chou-san,person,0,False,False,,,False,False
81,old20,n512,Shizuku-san,person,1,False,False,,,False,False
81,old20,n513,west wing,location,1,False,False,,,False,False
81,old20,n514,weasel,clue_object,1,False,False,,,False,False
81,old20,n515,Sumi Vegetables,person,2,False,False,,,True,True
81,old20,n516,Ms. Nagi,person,1,False,False,,,False,False
81,old20,n517,Ms. Miyabi,person,0,False,False,,,False,False
81,old20,n518,Higashiyama-san,person,2,False,False,,,True,True
81,old20,n519,Mizunuma girls,person,3,False,False,,,True,False
81,old20,n520,Mizunuma family,location,2,False,False,,,True,False
81,old20,n521,Shinshu,location,2,False,False,,,True,False
81,old20,n522,Inagaki family,person,2,False,False,,,True,False
81,old20,n523,Shizuki adult,person,0,False,False,,,False,False
81,old20,n524,Miyuki-san,person,0,False,False,,,False,False
81,old20,n525,Ms. Yotsuka,person,0,False,False,,,False,False
81,old20,n526,Can Iwakura,person,0,False,False,,,False,False
81,old20,n527,Fujimoto Tower,location,3,False,False,,,True,True
81,old20,n528,Yamanaka-san,person,1,False,False,,,False,False
81,old20,n529,Shunkan-girl,person,0,False,False,,,False,False
81,old20,n530,Spring Vegetable-san,person,2,False,False,,,True,True
81,old20,n531,Chiku,person,2,False,False,,,True,True
81,old20,n532,Xiamai,person,0,False,False,,,False,False
81,old20,n533,Qiuci,person,0,False,False,,,False,False
81,old20,n534,Spring girl,person,1,False,False,,,False,False
81,old20,n535,Keiichirou,person,1,False,False,,,False,False
81,old20,n536,Kisaragi-san,person,0,False,False,,,False,False
81,old20,n537,the Kikuzawa family,person,0,False,False,,,False,False
81,old20,n538,Shunmen-chan,person,1,False,False,,,False,False
81,old20,n539,Kigurahime,person,4,False,False,,,True,True
81,old20,n540,Suzume-chan,person,1,False,False,,,False,False
81,old20,n541,Mr. Higashimura,person,1,False,False,,,False,False
81,old20,n542,Joumaru,person,0,False,False,,,False,False
81,old20,n544,Truth's Eye,clue_object,3,False,False,,,True,True
81,old20,n545,ada,person,2,False,False,,,True,True
81,old20,n546,Iwakura-san,person,0,False,False,,,False,False
81,old20,n547,Mrs. Ueno,person,1,False,False,,,False,False
81,old20,n548,Ouying,person,1,False,False,,,False,False
81,old20,n549,Jingma's mother,person,1,False,False,,,False,False
81,old20,n550,Shoji,person,5,False,False,,,True,True
81,old20,n551,stone lantern,location,3,False,False,,,True,True
81,old20,n552,Natsu-chan,person,1,False,False,,,False,False
81,old20,n553,Asumi-san,person,0,False,False,,,False,False
81,old20,n554,Yoshimi,person,0,False,False,,,False,False
81,old20,n555,Dang,person,0,False,False,,,False,False
81,old20,n556,exact time,time_anchor,3,False,False,,,False,True
81,old20,n557,eleven o'clock,time_anchor,1,False,False,,,False,False
81,old20,n558,twenty minutes,time_anchor,1,False,False,,,False,False
81,old20,n559,watch,clue_object,1,False,False,,,False,False
81,old20,n560,pool,location,1,False,False,,,False,False
81,old20,n561,Shomenko,person,0,False,False,,,False,False
81,old20,n562,tassels on the bottom of the altar,clue_object,3,False,False,,,True,True
81,old20,n563,altar,location,6,False,False,,,True,True
81,old20,n564,bottom drawer of the altar,location,1,False,False,,,False,False
81,old20,n565,Junma,person,0,False,False,,,False,False
81,old20,n566,Shoumen's body,clue_object,3,False,False,,,True,True
81,old20,n567,flashlight,clue_object,2,False,False,,,True,True
81,old20,n568,pillar,clue_object,0,False,False,,,False,False
81,old20,n569,burn mark,clue_object,3,False,False,,,True,True
81,old20,n570,lighter,clue_object,3,False,False,,,True,True
81,old20,n571,bottom board,location,1,False,False,,,False,False
81,old20,n572,Summer Vegetable girl,person,2,False,False,,,True,True
81,old20,n573,Kei Ma,person,2,False,False,,,False,True
81,old20,n574,Imperial Concubine,person,2,False,False,,,False,True
81,old20,n575,Yokimura,person,0,False,False,,,False,False
81,old20,n576,Shinmaru,person,0,False,False,,,False,False
81,old20,n577,Oyuki-san,person,0,False,False,,,False,False
81,old20,n578,Sumire-girl,person,0,False,False,,,False,False
81,old20,n579,heating effect,clue_object,0,False,False,,,False,False
81,old20,n580,air conditioner,clue_object,0,False,False,,,False,False
81,old20,n581,closet door,location,0,False,False,,,False,False
81,old20,n582,inner room,location,5,False,False,,,True,True
81,old20,n583,the old lady,person,2,False,False,,,True,True
81,old20,n584,the outer room,location,2,False,False,,,False,True
81,old20,n585,the washbasin,clue_object,0,False,False,,,False,False
81,old20,n586,the alcove,location,1,False,False,,,False,False
81,old20,n587,the sink light,clue_object,1,False,False,,,False,False
81,old20,n588,Shizuka,person,5,False,False,,,True,True
81,old20,n589,Arai,person,0,False,False,,,False,False
81,old20,n590,Sumire-san,person,2,False,False,,,True,True
81,old20,n591,Sakamoto,person,2,False,False,,,True,True
81,old20,n592,Betsuyaku,person,1,False,False,,,False,False
81,old20,n593,tsuu,person,1,False,False,,,False,False
81,old20,n594,fluorescent lamp pull cord handle,clue_object,3,False,False,,,True,True
81,old20,n595,Shihori Hanaoka,person,3,False,False,,,True,True
81,old20,n596,fluorescent lamp,clue_object,3,False,False,,,True,True
81,old20,n597,door to inner room,clue_object,0,False,False,,,False,False
81,old20,n598,11 o'clock,time_anchor,1,False,False,,,False,False
81,old20,n599,Shao Miao,person,1,False,False,,,False,False
81,old20,n600,Mountsuko (1),person,1,False,False,,,False,False
81,old20,n601,Oyama's mother,person,1,False,False,,,False,False
81,old20,n602,Yuyu lady,person,0,False,False,,,False,False
81,old20,n603,Shida family,location,0,False,False,,,False,False
81,old20,n604,late wife's accomplishments,clue_object,0,False,False,,,False,False
81,old20,n605,unsolved case,event,0,False,False,,,False,False
81,old20,n606,Akiyoshi case,clue_object,0,False,False,,,False,False
81,old20,n607,Mei's room,location,1,False,False,,,False,False
81,old20,n608,Shunen,person,0,False,False,,,False,False
81,old20,n609,stone lantern in front of the shrine,clue_object,0,False,False,,,False,False
81,old20,n610,Mizuha,person,2,False,False,,,True,True
81,old20,n611,Shuusheng,person,0,False,False,,,False,False
81,old20,n612,Sutada,person,0,False,False,,,False,False
81,old20,n613,police officer,person,5,False,False,,,True,True
81,old20,n614,this house,location,0,False,False,,,False,False
81,old20,n615,half the night,time_anchor,0,False,False,,,False,False
81,old20,n616,Shizuko,person,0,False,False,,,False,False
81,old20,n617,Daira,person,0,False,False,,,False,False
81,old20,n618,Kagami family,clue_object,0,False,False,,,False,False
81,old20,n619,Daiji,person,0,False,False,,,False,False
81,old20,n620,Narihiko,person,0,False,False,,,False,False
81,old20,n621,Hirohiko,person,0,False,False,,,False,False
81,old20,n622,Kiyoshi,person,0,False,False,,,False,False
81,old20,n623,Ryo,person,0,False,False,,,False,False
81,old20,n624,Taka,person,0,False,False,,,False,False
81,old20,n625,Haru,person,0,False,False,,,False,False
81,old20,n626,Natsu,person,0,False,False,,,False,False
81,old20,n627,Kei Maru,person,0,False,False,,,False,False
81,old20,n628,Yoshikage,person,0,False,False,,,False,False
81,old20,n629,Mr. Kitaeda,person,0,False,False,,,False,False
81,old20,n630,Oogata-san,person,0,False,False,,,False,False
81,old20,n631,Shrine origin story,clue_object,0,False,False,,,False,False
81,old20,n632,Teng,person,1,False,False,,,False,False
81,old20,n633,Doctor Nakamura,person,1,False,False,,,False,False
81,old20,n634,Detective Arai,person,2,False,False,,,False,True
81,old20,n635,Yasushi,person,0,False,False,,,False,False
81,old20,n636,Teng (arrested),person,3,False,False,,,True,True
81,old20,n637,Méi,person,2,False,False,,,True,True
81,old20,n638,X,person,1,False,False,,,False,False
81,old20,n639,Mr. Yansuo,person,2,False,False,,,True,True
81,old20,n640,Kanzashi family,person,0,False,False,,,False,False
81,old20,n641,Dancheng family,person,0,False,False,,,False,False
81,old20,n642,Detective,person,4,False,False,,,True,True
81,old20,n643,murderer's daughter,person,3,False,False,,,True,True
81,old20,n644,the mythical murder,event,1,False,False,,,False,False
81,old20,n645,Yushi's room,location,3,False,False,,,True,True
81,old20,n646,Shouchen,clue_object,2,False,False,,,True,True
81,old20,n647,Akiko,person,0,False,False,,,False,False
81,old20,n648,Jitmaru,person,3,False,False,,,True,True
81,old20,n649,old temple,location,3,False,False,,,True,True
81,old20,n650,large room with an interval,location,0,False,False,,,False,False
81,old20,n651,button,clue_object,1,False,False,,,False,False
81,old20,n652,blunt-edged weapon,clue_object,0,False,False,,,False,False
81,old20,n653,thin cord-like thread,clue_object,0,False,False,,,False,False
81,old20,n654,Shan Kou,person,0,False,False,,,False,False
81,old20,n655,Qiumei girl,person,0,False,False,,,False,False
81,old20,n656,Shojiro,person,2,False,False,,,True,True
81,old20,n657,Akane,person,2,False,False,,,True,True
81,old20,n658,Bieshuo,person,0,False,False,,,False,False
81,old20,n659,Yakusu,person,0,False,False,,,False,False
81,old20,n660,Yoshiyuki,person,0,False,False,,,False,False
81,old20,n661,Mr. Abe,person,0,False,False,,,False,False
81,old20,n662,Yongying Miss,person,1,False,False,,,False,False
81,old20,n663,Shirogane,person,0,False,False,,,False,False
81,old20,n664,Usagi,person,1,False,False,,,False,False
81,old20,n665,Inaba,person,1,False,False,,,False,False
81,old20,n666,Shoe rack,clue_object,0,False,False,,,False,False
81,old20,n667,Cucurbita,person,1,False,False,,,False,False
81,old20,n668,Nagai,person,1,False,False,,,False,False
81,old20,n669,Menya,person,1,False,False,,,False,False
81,old20,n670,Shizuo,person,1,False,False,,,False,False
81,old20,n671,Uyama,person,1,False,False,,,False,False
81,old20,n672,Yamanami,person,1,False,False,,,False,False
81,old20,n673,Yagi,person,2,False,False,,,False,True
81,old20,n674,Mrs. Sakura,person,1,False,False,,,False,False
81,old20,n675,Yoshida,person,1,False,False,,,False,False
81,old20,n676,Lord Chikuo,person,2,False,False,,,False,True
81,old20,n677,Takaishi,person,1,False,False,,,False,False
81,old20,n678,Qixi,person,2,False,False,,,False,False
81,old20,n679,Oyakata,person,1,False,False,,,False,False
81,old20,n680,Nami,person,1,False,False,,,False,False
81,old20,n681,Kita,person,2,False,False,,,True,True
81,old20,n682,Kiku legend,clue_object,0,False,False,,,False,False
81,old20,n683,Sadao,person,1,False,False,,,False,False
81,old20,n684,Junji,person,1,False,False,,,False,False
81,old20,n685,Bianzi,person,1,False,False,,,False,False
81,old20,n686,Shihe,person,1,False,False,,,False,False
81,old20,n687,Sone,person,0,False,False,,,False,False
81,old20,n688,Detective Suetsumu Ihei,person,1,False,False,,,False,False
81,old20,n689,Detective Shishi no Oto,person,2,False,False,,,False,False
81,old20,n690,Ogimi Yumi,person,5,False,False,,,True,False
81,old20,n691,The old detective,person,4,False,False,,,True,False
81,old20,n692,The young detective,person,1,False,False,,,False,False
81,old20,n693,Ishikawa-san,person,1,False,False,,,False,False
81,old20,n694,The corpse,clue_object,2,False,False,,,True,False
81,old20,n695,The head of the corpse,clue_object,3,False,False,,,True,False
81,old20,n696,large rock,location,0,False,False,,,False,False
81,old20,n697,sailor uniform,clue_object,1,False,False,,,False,False
81,old20,n698,bamboo-colored scarf,clue_object,0,False,False,,,False,False
81,old20,n699,deep blue backpack,clue_object,0,False,False,,,False,False
81,old20,n700,yellow gloves,clue_object,1,False,False,,,False,False
81,old20,n701,Dragon's Head pond,location,0,False,False,,,False,False
81,old20,n702,Snow Pea's backpack,clue_object,0,False,False,,,False,False
81,old20,n703,phone number,clue_object,0,False,False,,,False,False
81,old20,n704,call records,evidence_sentence,0,False,False,,,False,False
81,old20,n705,emails or photos,clue_object,0,False,False,,,False,False
81,old20,n706,Junyi,person,0,False,False,,,False,False
81,old20,n707,Tsujitani,person,0,False,False,,,False,False
81,old20,n708,Settsu,person,0,False,False,,,False,False
81,old20,n709,Utsuho,person,2,False,False,,,True,True
81,old20,n710,Utsuho (body),clue_object,0,False,False,,,False,False
81,old20,n711,neck mark,clue_object,2,False,False,,,True,True
81,old20,n712,alibi,event,7,False,False,,,False,False
81,old20,n713,4:20 pm to 5:00 pm,time_anchor,0,False,False,,,False,False
81,old20,n714,Choumei-san,person,1,False,False,,,False,False
81,old20,n715,Mei-san,person,1,False,False,,,False,False
81,old20,n716,Hikaru-san,person,1,False,False,,,False,False
81,old20,n717,Jun'ichi-san,person,1,False,False,,,False,False
81,old20,n718,Koyama-san,person,1,False,False,,,False,False
81,old20,n719,18-year-old case,event,1,False,False,,,False,False
81,old20,n720,Kakuzu,person,3,False,False,,,True,True
81,old20,n721,Imperial Shadow,person,4,False,False,,,True,True
81,old20,n722,Snow Pea,clue_object,1,False,False,,,False,False
81,old20,n723,Jingma (husband of the village chief),person,0,False,False,,,False,False
81,old20,n724,Parlor,location,0,False,False,,,False,False
81,old20,n725,Qie village,location,0,False,False,,,False,False
81,old20,n726,Mr. Qie,person,1,False,False,,,False,False
81,old20,n727,Jumaru,person,6,False,False,,,True,True
81,old20,n728,Mr. Tsubaki,person,1,False,False,,,False,False
81,old20,n729,Inagaki house,location,0,False,False,,,False,False
81,old20,n730,Tsubaki village,location,0,False,False,,,False,False
81,old20,n731,Yuncai sister,person,2,False,False,,,True,True
81,old20,n732,Huafei sister,person,2,False,False,,,True,True
81,old20,n733,Heshang,person,2,False,False,,,True,True
81,old20,n734,Broccoli sister,person,1,False,False,,,False,False
81,old20,n735,Yae,person,6,False,False,,,True,True
81,old20,n736,Hige,person,1,False,False,,,False,False
81,old20,n737,Kiku,location,1,False,False,,,False,False
81,old20,n738,Flower-sister,person,0,False,False,,,False,False
81,old20,n740,Snow Pea sister,person,1,False,False,,,False,False
81,old20,n741,Eight Hundred Fish,location,1,False,False,,,False,False
81,old20,n742,Sea bream pancake,clue_object,1,False,False,,,False,False
81,old20,n743,Shrimp chips,clue_object,1,False,False,,,False,False
81,old20,n744,Snowa sister,person,1,False,False,,,False,False
81,old20,n745,Miemizu,person,1,False,False,,,False,False
81,old20,n746,Yuecai-san,person,1,False,False,,,False,False
81,old20,n747,Huaicai-san,person,1,False,False,,,False,False
81,old20,n748,Meiya,person,2,False,False,,,False,True
81,old20,n749,Miss Ichihara,person,1,False,False,,,False,False
81,old20,n750,Hina,person,2,False,False,,,True,True
81,old20,n751,Cauliflower,person,1,False,False,,,False,False
81,old20,n752,Fujimoto,person,0,False,False,,,False,False
81,old20,n753,Shutenyo's mother,person,1,False,False,,,False,False
81,old20,n754,Kouji,person,1,False,False,,,False,False
81,old20,n755,Shutenyo,person,0,False,False,,,False,False
81,old20,n756,Oyama's bed,location,1,False,False,,,False,False
81,old20,n757,Sleeping quarters,location,1,False,False,,,False,False
81,old20,n758,Qinzhé family,location,4,False,False,,,True,True
81,old20,n759,Kagura,person,2,False,False,,,True,True
81,old20,n760,Junichi,person,0,False,False,,,False,False
81,old20,n761,Chiho,person,0,False,False,,,False,False
81,old20,n762,Chiho's mother,person,0,False,False,,,False,False
81,old20,n763,Kiba-san,person,0,False,False,,,False,False
81,old20,n764,Shiroki,person,1,False,False,,,False,False
81,old20,n765,Kagetsuma family,person,1,False,False,,,False,False
81,old20,n766,Qin family,clue_object,1,False,False,,,False,False
81,old20,n767,stele,clue_object,3,False,False,,,True,True
81,old20,n768,Sumire-chan,person,0,False,False,,,False,False
81,old20,n769,Mom,person,0,False,False,,,False,False
81,old20,n770,Yui,person,0,False,False,,,False,False
81,old20,n771,Sanae,clue_object,0,False,False,,,False,False
81,old20,n772,Mikio,person,0,False,False,,,False,False
81,old20,n773,Jun,person,0,False,False,,,False,False
81,old20,n774,Meiwa-san,person,2,False,False,,,True,True
81,old20,n776,Mr. Sessha,person,0,False,False,,,False,False
81,old20,n777,Mr. Sanae,person,0,False,False,,,False,False
81,old20,n778,Hidetaka family,location,1,False,False,,,False,False
81,old20,n779,Auntie Menaka,person,2,False,False,,,True,True
81,old20,n780,Yuying (2),person,0,False,False,,,False,False
81,old20,n781,Heshang (2),person,0,False,False,,,False,False
81,old20,n782,Jingma (2),person,1,False,False,,,False,False
81,old20,n783,Detective Suzukawa,person,0,False,False,,,False,False
81,old20,n784,Detective Ishizaka,person,0,False,False,,,False,False
81,old20,n785,Inspector Ishikawa,person,0,False,False,,,False,False
81,old20,n786,Mr. Hidaka,person,0,False,False,,,False,False
81,old20,n787,Vegetable,person,1,False,False,,,False,False
81,old20,n788,Fujin,person,1,False,False,,,False,False
81,old20,n789,Tsugumi,person,1,False,False,,,False,False
81,old20,n790,Yongying,person,4,False,False,,,True,True
81,old20,n791,Nichijōrō,person,2,False,False,,,True,True
81,old20,n792,Mina,person,3,False,False,,,True,True
81,old20,n793,Hikari,person,3,False,False,,,True,True
81,old20,n794,Tsukimi festival,event,1,False,False,,,False,False
81,old20,n795,Mr. Kimura,person,0,False,False,,,False,False
81,old20,n796,M. Poirot,person,0,False,False,,,False,False
81,old20,n797,Mizuho,person,0,False,False,,,False,False
81,old20,n798,Ms. Saito,person,1,False,False,,,False,False
81,old20,n799,Naomi,person,1,False,False,,,False,False
81,old20,n800,Mei Su,person,0,False,False,,,False,False
81,old20,n801,Mei Mi,person,1,False,False,,,False,False
81,old20,n802,Mr. Uchiyama,person,1,False,False,,,False,False
81,old20,n803,Mei Cen,person,0,False,False,,,False,False
81,old20,n804,Jinma-san,person,1,False,False,,,False,False
81,old20,n805,Meiko-san,person,2,False,False,,,False,True
81,old20,n806,Daimyo-san,person,0,False,False,,,False,False
81,old20,n807,illow,clue_object,2,False,False,,,True,True
81,old20,n808,contact lenses,clue_object,1,False,False,,,False,False
81,old20,n809,Moon Vegetable,person,2,False,False,,,False,True
81,old20,n810,Flower Vegetable,person,1,False,False,,,False,False
81,old20,n811,Hanako,person,1,False,False,,,False,False
81,old20,n812,Snowy,person,4,False,False,,,False,True
81,old20,n813,Lady Moon,person,1,False,False,,,False,False
81,old20,n814,Funeral,event,2,False,False,,,False,True
81,old20,n815,Resume,clue_object,1,False,False,,,False,False
81,old20,n816,Phone Call,event,2,False,False,,,False,True
81,old20,n817,weapon,clue_object,1,True,False,3589,,False,False
81,old20,n818,killing,event,0,True,False,3589,,False,False
81,old20,n819,surveillance personnel,person,1,False,False,,,False,False
81,old20,n820,policemen,person,1,False,False,,,False,False
81,old20,n821,Jin,person,1,False,False,,,False,False
81,old20,n822,Shu,person,0,False,False,,,False,False
81,old20,n823,Menma,person,1,False,False,,,False,False
81,old20,n824,Genji,person,1,False,False,,,False,False
81,old20,n825,Heshin,person,1,False,False,,,False,False
81,old20,n826,osteoporosis,clue_object,1,False,False,,,False,False
81,old20,n827,Gakupo family tradition,clue_object,1,False,False,,,False,False
81,old20,n828,Yuki's contact lenses,clue_object,1,False,False,,,False,False
81,old20,n829,bookshelf,location,3,False,False,,,False,True
81,old20,n830,ancient books,clue_object,3,False,False,,,False,True
81,old20,n831,Sueto,person,0,False,False,,,False,False
81,old20,n832,Seki,person,2,False,False,,,True,True
81,old20,n833,Rin,person,1,False,False,,,False,False
81,old20,n834,Fuyuki,person,1,False,False,,,False,False
81,old20,n835,Jushi,person,1,False,False,,,False,False
81,old20,n836,Hōgen,person,2,False,False,,,False,True
81,old20,n837,Yūgen,person,0,False,False,,,False,False
81,old20,n838,Miyuki,person,1,False,False,,,False,False
81,old20,n839,Yamanaka Tadao,person,1,False,False,,,False,False
81,old20,n840,Suma Miss,person,0,False,False,,,False,False
81,old20,n841,Yin Kou,person,0,False,False,,,False,False
81,old20,n842,Riverside path,location,0,False,False,,,False,False
81,old20,n843,Qiumei,person,1,False,False,,,False,False
81,old20,n844,Inoue,person,0,False,False,,,False,False
81,old20,n845,Sora,person,0,False,False,,,False,False
81,old20,n846,other person,person,0,False,False,,,False,False
81,old20,n847,Inoue-san,person,0,False,False,,,False,False
81,old20,n848,Kamura,person,0,False,False,,,False,False
81,old20,n849,pit,clue_object,0,False,False,,,False,False
81,old20,n850,Detective Sugimoto,person,2,False,False,,,True,True
81,old20,n851,Daimyo,person,1,False,False,,,False,False
81,old20,n852,Daijing,person,0,False,False,,,False,False
81,old20,n853,Kakuzaki house,location,4,False,False,,,True,True
81,old20,n854,Kakuzaki mansion,location,1,False,False,,,False,False
81,old20,n855,Kakuzaki mountain,location,1,False,False,,,False,False
81,old20,n856,Oguisu-san,person,2,False,False,,,True,True
81,old20,n857,Hongo,person,0,False,False,,,False,False
81,old20,n858,Asparagus lady,person,0,False,False,,,False,False
81,old20,n859,Uguisu,person,1,False,False,,,False,False
81,old20,n860,balcony,location,1,False,False,,,False,False
81,old20,n861,Shinto teachings,clue_object,1,False,False,,,False,False
81,old20,n862,Inari family,person,1,False,False,,,False,False
81,old20,n863,fifteen-centimeter square hole,clue_object,1,False,False,,,False,False
81,old20,n864,Yuling,person,0,False,False,,,False,False
81,old20,n865,mountain path,location,1,False,False,,,False,False
81,old20,n866,wild animal path,location,0,False,False,,,False,False
81,old20,n867,flashlight beam,clue_object,0,False,False,,,False,False
81,old20,n868,latch from sliding door,clue_object,0,False,False,,,False,False
81,old20,n869,double doors,clue_object,0,False,False,,,False,False
81,old20,n870,blood,clue_object,0,False,False,,,False,False
81,old20,n871,Autumn,person,4,False,False,,,True,True
81,old20,n872,Jumon,person,1,False,False,,,False,False
81,old20,n873,canopy,clue_object,0,False,False,,,False,False
81,old20,n874,dark gray smoke,clue_object,1,False,False,,,False,False
81,old20,n875,bedroom,location,0,False,False,,,False,False
81,old20,n876,will,clue_object,0,False,False,,,False,False
81,old20,n877,Oyoi,person,0,False,False,,,False,False
81,old20,n878,Static,person,2,False,False,,,True,True
81,old20,n879,Choko,person,1,False,False,,,False,False
81,old20,n880,Megumi,person,2,False,False,,,False,True
81,old20,n881,books,clue_object,0,False,False,,,False,False
81,old20,n882,Snowcai,person,2,False,False,,,True,True
81,old20,n883,Xiancai,person,1,False,False,,,False,False
81,old20,n884,Yuki (mother),person,0,False,False,,,False,False
81,old20,n885,Mountain,person,0,False,False,,,False,False
81,old20,n886,Sakae,person,0,False,False,,,False,False
81,old20,n887,small red phone,clue_object,0,False,False,,,False,False
81,old20,n888,"pink-colored, bird-shaped charm",clue_object,0,False,False,,,False,False
81,old20,n889,user,person,1,False,False,,,False,False
81,old20,n890,Akiyama Miss Akiyama,person,0,False,False,,,False,False
81,old20,n891,detective Oyama,person,1,False,False,,,False,False
81,old20,n892,Mr. Yasaka,person,0,False,False,,,False,False
81,old20,n893,bodies and evidence,clue_object,1,False,False,,,False,False
81,old20,n894,Yuzhu,person,1,False,False,,,False,False
81,old20,n895,Kuriyama,person,0,False,False,,,False,False
81,old20,n896,Ogami's father,person,1,False,False,,,False,False
81,old20,n897,Mr. Sora,person,2,False,False,,,False,False
81,old20,n898,the corridor,location,0,False,False,,,False,False
82,old20,n1,Burgen Nen,person,1,False,False,,,False,False
82,old20,n2,Yaeko,person,3,False,False,,,False,False
82,old20,n3,doctor,person,0,False,False,,,False,False
82,old20,n4,Yoko,person,19,False,False,,,True,True
82,old20,n5,father-in-law,person,1,False,False,,,False,False
82,old20,n6,house,location,2,False,False,,,True,True
82,old20,n7,Toriguchi,person,0,False,False,,,False,False
82,old20,n8,man,person,0,False,False,,,False,False
82,old20,n9,plastic sign,clue_object,0,False,False,,,False,False
82,old20,n10,crutch,clue_object,0,False,False,,,False,False
82,old20,n11,Taki,person,36,False,False,,,True,True
82,old20,n12,Mei,person,2,False,False,,,True,True
82,old20,n13,Taki's parents,person,0,False,False,,,False,False
82,old20,n14,Mei's parents,person,0,False,False,,,False,False
82,old20,n15,Taki and Mei's wedding ceremony,event,0,False,False,,,False,False
82,old20,n16,Mei's relatives,person,0,False,False,,,False,False
82,old20,n17,the older man,person,21,False,False,,,True,True
82,old20,n18,Kiku,person,1,False,False,,,False,False
82,old20,n19,Mei's wife,person,0,False,False,,,False,False
82,old20,n20,the small bag on his knee,clue_object,0,False,False,,,False,False
82,old20,n21,cane,clue_object,0,False,False,,,False,False
82,old20,n22,Pao Shengnian,person,3,False,False,,,True,True
82,old20,n23,Angela,person,10,False,False,,,True,False
82,old20,n24,Pu Shenren,person,9,False,False,,,True,True
82,old20,n25,condiment bottle,clue_object,2,False,False,,,True,True
82,old20,n26,cabbage shreds,clue_object,0,False,False,,,False,False
82,old20,n27,Pei Shengnin,person,4,False,False,,,False,False
82,old20,n28,Bottle,clue_object,1,False,False,,,False,False
82,old20,n29,College student,person,2,False,False,,,True,True
82,old20,n30,Girl (2),person,1,False,False,,,False,False
82,old20,n31,Girl (3),person,1,False,False,,,False,False
82,old20,n32,Ya Zi,person,12,False,False,,,True,False
82,old20,n33,Son,person,7,False,False,,,True,True
82,old20,n34,right hand,clue_object,3,False,False,,,True,False
82,old20,n35,breasts,clue_object,2,False,False,,,True,False
82,old20,n36,pink nipples,clue_object,0,False,False,,,False,False
82,old20,n37,genitals,clue_object,1,False,False,,,False,False
82,old20,n38,Bao Shengren,person,0,False,False,,,False,False
82,old20,n39,woman with cloudy eyes,person,0,False,False,,,False,False
82,old20,n40,Men,clue_object,0,False,False,,,False,False
82,old20,n41,hotel,location,3,False,False,,,True,True
82,old20,n42,street,location,2,False,False,,,True,True
82,old20,n43,pinball machine,clue_object,0,False,False,,,False,False
82,old20,n44,neon lights,clue_object,0,False,False,,,False,False
82,old20,n45,roasted chicken,clue_object,0,False,False,,,False,False
82,old20,n46,autumn wind,clue_object,0,False,False,,,False,False
82,old20,n47,Pushe Nen,person,4,False,False,,,True,False
82,old20,n48,Yaiko,person,5,False,False,,,True,False
82,old20,n49,Zi (Ya Zi),person,3,False,False,,,True,False
82,old20,n50,Yaiko's husband,person,1,False,False,,,False,False
82,old20,n51,magazines (vulgar),clue_object,2,False,False,,,True,False
82,old20,n52,train ride,event,1,False,False,,,False,False
82,old20,n53,"March 3, Yaiko",time_anchor,0,False,False,,,False,False
82,old20,n54,Yasuoka,person,4,False,False,,,True,True
82,old20,n55,Takiuchi,person,4,False,False,,,True,False
82,old20,n56,Arakawa River,location,1,False,False,,,False,False
82,old20,n57,Kamata,location,1,False,False,,,False,False
82,old20,n58,Yasuko,person,4,False,False,,,True,False
82,old20,n59,black plastic bag,clue_object,1,False,False,,,False,False
82,old20,n60,trash can,location,1,False,False,,,False,False
82,old20,n61,Kikuchi,person,10,False,False,,,True,True
82,old20,n62,Higashikokuba,person,1,False,False,,,False,False
82,old20,n63,Mizuho,person,3,False,False,,,True,True
82,old20,n64,Nozaki,person,1,False,False,,,False,False
82,old20,n65,Sensu's mother,person,1,False,False,,,False,False
82,old20,n66,Mizuhos' family,person,0,False,False,,,False,False
82,old20,n67,Shibukawa,person,4,False,False,,,True,True
82,old20,n68,Senko's sister,person,2,False,False,,,True,True
82,old20,n69,Minako,person,5,False,False,,,True,True
82,old20,n70,Senko's mother,person,1,False,False,,,False,False
82,old20,n71,Mizuho's younger sister,person,3,False,False,,,True,True
82,old20,n72,Fukutake,person,1,False,False,,,False,False
82,old20,n73,Shima Nagiko,person,4,False,False,,,True,True
82,old20,n74,EL.NED café,location,1,False,False,,,False,False
82,old20,n75,counter,location,1,False,False,,,False,False
82,old20,n76,table at the back,location,1,False,False,,,False,False
82,old20,n77,Ishimoto,person,2,False,False,,,True,True
82,old20,n78,Tsubaki,person,4,False,False,,,True,True
82,old20,n79,Bao Shenren,person,1,False,False,,,False,False
82,old20,n80,Ishimoto (girl),person,2,False,False,,,False,True
82,old20,n81,Higuchi,person,15,False,False,,,True,True
82,old20,n82,Miyuki,person,5,False,False,,,True,True
82,old20,n83,Naito,person,5,False,False,,,True,True
82,old20,n84,taxi driver,person,1,False,False,,,False,False
82,old20,n85,Roppongi,location,8,False,False,,,True,True
82,old20,n86,nightclub,location,0,False,False,,,False,False
82,old20,n87,killer,person,11,True,True,160;442;756;761;976;1234;1305;1312;1316;1645,761;1312,True,True
82,old20,n88,Wakimoto,person,2,False,False,,,True,True
82,old20,n89,victim,person,14,False,False,,,True,True
82,old20,n90,Tokyo Metropolitan Police Department's Investigation Headquarters,location,4,False,False,,,True,True
82,old20,n91,evening newspaper,clue_object,3,False,False,,,True,True
82,old20,n92,morning newspaper,clue_object,0,False,False,,,False,False
82,old20,n93,Koume,person,2,False,False,,,True,False
82,old20,n94,Tsubota,person,2,False,False,,,False,False
82,old20,n95,Mizuki,person,1,False,False,,,False,False
82,old20,n96,New Year's holidays,time_anchor,0,False,False,,,False,False
82,old20,n97,Tokyo,location,1,False,False,,,False,False
82,old20,n98,Fuujin,person,0,False,False,,,False,False
82,old20,n99,Tetsu,person,0,False,False,,,False,False
82,old20,n100,Heaven,person,0,False,False,,,False,False
82,old20,n101,Renn,person,0,False,False,,,False,False
82,old20,n102,Genren,person,4,False,False,,,True,False
82,old20,n103,woman,person,4,False,False,,,True,False
82,old20,n104,purse,clue_object,0,False,False,,,False,False
82,old20,n105,jacket,clue_object,0,False,False,,,False,False
82,old20,n106,underwear,clue_object,0,False,False,,,False,False
82,old20,n107,university's research lab,location,1,False,False,,,False,False
82,old20,n108,home,location,2,False,False,,,True,False
82,old20,n109,Pūshēnguìn,person,0,False,False,,,False,False
82,old20,n110,sharp knife,clue_object,0,False,False,,,False,False
82,old20,n111,watch,clue_object,0,False,False,,,False,False
82,old20,n112,CD player,clue_object,4,False,False,,,True,True
82,old20,n113,Shinjuku,location,9,False,False,,,True,True
82,old20,n114,24-hour convenience store,clue_object,0,False,False,,,False,False
82,old20,n115,hotel entrance,location,0,False,False,,,False,False
82,old20,n116,emergency exit sign,clue_object,0,False,False,,,False,False
82,old20,n117,emergency exit door,clue_object,0,False,False,,,False,False
82,old20,n118,cold wind,clue_object,0,False,False,,,False,False
82,old20,n119,iron staircase,clue_object,0,False,False,,,False,False
82,old20,n120,alley,location,0,False,False,,,False,False
82,old20,n121,plastic trash can,clue_object,0,False,False,,,False,False
82,old20,n122,water rat,clue_object,0,False,False,,,False,False
82,old20,n123,Pusgen Nen,person,3,False,False,,,True,True
82,old20,n124,multifunctional knife,clue_object,1,False,False,,,False,False
82,old20,n125,cabbage,clue_object,1,False,False,,,False,False
82,old20,n126,pack of pork,clue_object,1,False,False,,,False,False
82,old20,n127,girl he loves,person,3,False,False,,,True,True
82,old20,n128,bed,location,4,False,False,,,True,True
82,old20,n129,en,person,1,False,False,,,False,False
82,old20,n130,Takashi Ueno,person,0,False,False,,,False,False
82,old20,n131,knife,clue_object,1,False,False,,,False,False
82,old20,n132,ceramic blade,clue_object,0,False,False,,,False,False
82,old20,n133,right breast,location,0,False,False,,,False,False
82,old20,n134,skin,clue_object,0,False,False,,,False,False
82,old20,n135,blood vessels,clue_object,0,False,False,,,False,False
82,old20,n136,Bo Shen Ren,person,3,False,False,,,False,False
82,old20,n137,Puesen Ren,person,1,False,False,,,False,False
82,old20,n138,Zao Zhi Zi,person,1,False,False,,,False,False
82,old20,n139,Hua Li Xiang,person,1,False,False,,,False,False
82,old20,n140,March Yazi,person,1,False,False,,,False,False
82,old20,n141,third victim,person,1,False,False,,,False,False
82,old20,n142,white car,clue_object,1,False,False,,,False,False
82,old20,n143,Fujiko,person,11,False,False,,,True,True
82,old20,n144,Shibazaki,person,0,False,False,,,False,False
82,old20,n145,Ren Beizhen,person,0,False,False,,,False,False
82,old20,n146,Miki,location,0,False,False,,,False,False
82,old20,n147,February-March 2023,time_anchor,0,False,False,,,False,False
82,old20,n148,Poleen,person,0,False,False,,,False,False
82,old20,n149,Daijujiro Kato (1935-1976),person,0,False,False,,,False,False
82,old20,n150,Shinjuku National Street,location,0,False,False,,,False,False
82,old20,n151,taxi stand,location,1,False,False,,,False,False
82,old20,n152,San'iao,location,0,False,False,,,False,False
82,old20,n153,Baisen,person,0,False,False,,,False,False
82,old20,n154,Pao Shengren,person,3,False,False,,,True,True
82,old20,n155,Sanjo (car),clue_object,0,False,False,,,False,False
82,old20,n156,Corolla,clue_object,1,False,False,,,False,False
82,old20,n157,I,person,1,False,False,,,False,False
82,old20,n158,female friend,person,1,False,False,,,False,False
82,old20,n159,last train,clue_object,1,False,False,,,False,False
82,old20,n160,Yokohama,location,1,False,False,,,False,False
82,old20,n161,Mr. Fujiwara's residence,location,0,False,False,,,False,False
82,old20,n162,police,person,0,False,False,,,False,False
82,old20,n163,white sedan,clue_object,0,False,False,,,False,False
82,old20,n164,the car's brakes,clue_object,0,False,False,,,False,False
82,old20,n165,the family,person,0,False,False,,,False,False
82,old20,n166,Ren,person,1,False,False,,,False,False
82,old20,n167,police officer,person,1,False,False,,,False,False
82,old20,n168,university,clue_object,1,False,False,,,False,False
82,old20,n169,plastic bag,clue_object,3,False,False,,,True,True
82,old20,n170,son's room,location,0,False,False,,,False,False
82,old20,n171,Yajie,person,2,False,False,,,True,True
82,old20,n172,door handle,clue_object,1,False,False,,,False,False
82,old20,n173,8mm videotape,clue_object,2,False,False,,,True,True
82,old20,n174,camera,clue_object,14,False,False,,,True,True
82,old20,n175,Mr. Saito Watanabe,person,2,False,False,,,False,True
82,old20,n176,Ms. Fujisaki,person,1,False,False,,,False,False
82,old20,n177,Kita,person,3,False,False,,,False,True
82,old20,n178,Tachibana,person,3,False,False,,,True,True
82,old20,n179,Professor Takeuchi,person,1,False,False,,,False,False
82,old20,n180,Professor Fukuda,person,2,False,False,,,False,True
82,old20,n181,the Metropolitan Police Department,location,2,False,False,,,False,True
82,old20,n182,Miss Mizuki,person,0,False,False,,,False,False
82,old20,n183,the reporter,person,1,False,False,,,False,False
82,old20,n184,the book,clue_object,0,False,False,,,False,False
82,old20,n185,bird trap,clue_object,0,False,False,,,False,False
82,old20,n186,Miss Yū,person,2,False,False,,,True,True
82,old20,n187,Fu,person,0,False,False,,,False,False
82,old20,n188,search headquarters,location,0,False,False,,,False,False
82,old20,n189,hotel area,location,0,False,False,,,False,False
82,old20,n190,Professor Takida,person,0,False,False,,,False,False
82,old20,n191,Shinya,person,0,False,False,,,False,False
82,old20,n192,Yuzuki-san,person,8,False,False,,,True,True
82,old20,n193,Tsuruoka,person,3,False,False,,,True,True
82,old20,n194,Shito,person,1,False,False,,,False,False
82,old20,n195,singles bar,clue_object,1,False,False,,,False,False
82,old20,n196,Pūshēngrěn,person,17,False,False,,,True,True
82,old20,n197,Momiji,person,1,False,False,,,False,False
82,old20,n198,Shima Tomoko,person,3,False,False,,,True,True
82,old20,n199,Angel,clue_object,1,False,False,,,False,False
82,old20,n200,Tokyo Metropolitan Expressway,location,1,False,False,,,False,False
82,old20,n201,Pusei Nen,person,2,False,False,,,True,True
82,old20,n202,Pei Shengren,person,2,False,False,,,True,True
82,old20,n203,Sixtree WAVE,location,0,False,False,,,False,False
82,old20,n204,rusty shovel,clue_object,1,False,False,,,False,False
82,old20,n205,black plastic bags,clue_object,1,False,False,,,False,False
82,old20,n206,small water bucket,clue_object,1,False,False,,,False,False
82,old20,n207,family garden,location,1,False,False,,,False,False
82,old20,n208,unplanted corner,location,0,False,False,,,False,False
82,old20,n209,backpack,clue_object,2,False,False,,,True,True
82,old20,n210,Pu Shengnin,person,5,False,False,,,True,True
82,old20,n211,Rénbǎnwood,location,1,False,False,,,False,False
82,old20,n212,Zhēnshù's tape,clue_object,1,False,False,,,False,False
82,old20,n213,VCR,clue_object,1,False,False,,,False,False
82,old20,n214,bar,location,5,False,False,,,True,True
82,old20,n215,the child,person,4,False,False,,,False,True
82,old20,n216,Japanese law,evidence_sentence,1,False,False,,,False,False
82,old20,n217,serial killer who murdered the young girls,person,1,False,False,,,False,False
82,old20,n218,the entire family,person,1,False,False,,,False,False
82,old20,n219,the video tape,clue_object,1,False,False,,,False,False
82,old20,n220,Yae,person,7,False,False,,,False,True
82,old20,n221,entrance glass,clue_object,1,False,False,,,False,False
82,old20,n222,sliding door,clue_object,1,False,False,,,False,False
82,old20,n223,futon,clue_object,1,False,False,,,False,False
82,old20,n224,bag,clue_object,0,False,False,,,False,False
82,old20,n225,locking door,event,1,False,False,,,False,False
82,old20,n226,creaking floor,clue_object,1,False,False,,,False,False
82,old20,n227,tinnitus,event,1,False,False,,,False,False
82,old20,n228,Yonezawa,person,1,False,False,,,False,False
82,old20,n229,Bartender,person,5,False,False,,,True,True
82,old20,n230,Saito,person,0,False,False,,,False,False
82,old20,n231,plastic bags,clue_object,1,False,False,,,False,False
82,old20,n232,Po Shengnin,person,3,False,False,,,False,False
82,old20,n233,man in his forties,person,0,False,False,,,False,False
82,old20,n234,perfect woman,clue_object,1,False,False,,,False,False
82,old20,n235,plastic bags containing her,clue_object,0,False,False,,,False,False
82,old20,n236,station,location,1,False,False,,,False,False
82,old20,n237,train,clue_object,1,False,False,,,False,False
82,old20,n238,March 3rd,time_anchor,1,False,False,,,False,False
82,old20,n239,Train station,location,1,False,False,,,False,False
82,old20,n240,Xiangkou,person,1,False,False,,,False,False
82,old20,n241,Fuyu,person,2,False,False,,,True,True
82,old20,n242,Kitamura,person,1,False,False,,,False,False
82,old20,n243,Xun,person,3,False,False,,,True,True
82,old20,n244,Kishibe,person,1,False,False,,,False,False
82,old20,n245,Hikou,person,2,False,False,,,True,True
82,old20,n246,Thanatos,person,2,False,False,,,True,True
82,old20,n247,elevator,location,2,False,False,,,True,True
82,old20,n248,Takanami,person,1,False,False,,,False,False
82,old20,n249,headphones,clue_object,1,False,False,,,False,False
82,old20,n250,bedpost,clue_object,1,False,False,,,False,False
82,old20,n251,denim jacket,clue_object,1,False,False,,,False,False
82,old20,n252,jeans,clue_object,1,False,False,,,False,False
82,old20,n253,tripod,clue_object,0,False,False,,,False,False
82,old20,n254,Watase,person,0,False,False,,,False,False
82,old20,n255,Yuzu,person,1,False,False,,,False,False
82,old20,n256,kitchen knife,clue_object,1,False,False,,,False,False
82,old20,n257,Nihonbashi Station,location,1,False,False,,,False,False
82,old20,n258,Chiyoda Line,clue_object,1,False,False,,,False,False
82,old20,n259,Fumiyuki,person,0,False,False,,,False,False
82,old20,n260,Wilder,person,0,False,False,,,False,False
82,old20,n261,Hayashi,person,1,False,False,,,False,False
82,old20,n262,Takahashi,person,2,False,False,,,False,False
82,old20,n263,Miss Shima,person,0,False,False,,,False,False
82,old20,n264,Nobunaga,person,1,False,False,,,False,False
82,old20,n265,Takeda,person,2,False,False,,,True,True
82,old20,n266,Nakano district,location,0,False,False,,,False,False
82,old20,n267,Saitō,person,3,False,False,,,True,True
82,old20,n268,Watanabe,person,1,False,False,,,False,False
82,old20,n269,Iwakura,person,2,False,False,,,True,True
82,old20,n270,stretcher,clue_object,3,False,False,,,True,True
82,old20,n271,body,clue_object,3,False,False,,,True,True
82,old20,n272,Hikaru,person,2,False,False,,,False,True
82,old20,n273,door,clue_object,1,False,False,,,False,False
82,old20,n274,key,clue_object,0,False,False,,,False,False
82,old20,n275,doorbell,clue_object,1,False,False,,,False,False
82,old20,n276,patrolling car,location,0,False,False,,,False,False
82,old20,n277,officer,person,0,False,False,,,False,False
82,old20,n278,Inoue,person,4,False,False,,,True,True
82,old20,n279,five or six reporters and photographers,person,1,False,False,,,False,False
82,old20,n280,local magazine reporter from Tokyo,person,0,False,False,,,False,False
82,old20,n281,Sayuri,person,0,False,False,,,False,False
82,old20,n282,Xiaai,person,1,False,False,,,False,False
82,old20,n283,Agatha Christie,person,0,False,False,,,False,False
82,old20,n284,John Reginald Christie,person,1,False,False,,,False,False
82,old20,n285,four female corpses,clue_object,0,False,False,,,False,False
82,old20,n286,two skeletons,clue_object,0,False,False,,,False,False
82,old20,n287,backyard,location,2,False,False,,,False,False
82,old20,n288,prostitutes,person,0,False,False,,,False,False
82,old20,n289,his wife,person,0,False,False,,,False,False
82,old20,n290,slippers,clue_object,0,False,False,,,False,False
82,old20,n291,no one will notice,evidence_sentence,0,False,False,,,False,False
82,old20,n292,pungent orange scent,clue_object,0,False,False,,,False,False
82,old20,n293,nozzle,clue_object,0,False,False,,,False,False
82,old20,n294,Hakuta,person,1,False,False,,,False,False
82,old20,n295,Tada,person,1,False,False,,,False,False
82,old20,n296,Waitress,person,1,False,False,,,False,False
82,old20,n297,Tachikawa,person,3,False,False,,,False,False
82,old20,n298,Quivet,person,1,False,False,,,False,False
82,old20,n299,Ito,person,1,False,False,,,False,False
82,old20,n300,Boshu Ninnai,person,1,False,False,,,False,False
82,old20,n301,the old man,person,1,False,False,,,False,False
82,old20,n302,the hospital,location,1,False,False,,,False,False
82,old20,n303,middle-aged woman,person,3,False,False,,,True,True
82,old20,n304,Ikebukuro,location,0,False,False,,,False,False
82,old20,n305,Midori district,location,0,False,False,,,False,False
82,old20,n306,Boweishun Nen,person,2,False,False,,,True,True
82,old20,n307,Tonegawa,person,1,False,False,,,False,False
82,old20,n308,Baisu Shen,person,7,False,False,,,True,False
82,old20,n309,TV programs,clue_object,1,False,False,,,False,False
82,old20,n310,family ledger,clue_object,1,False,False,,,False,False
82,old20,n311,TV,location,3,False,False,,,True,True
82,old20,n312,February 3rd,time_anchor,1,False,False,,,False,False
82,old20,n313,February 4th,time_anchor,1,False,False,,,False,False
82,old20,n314,groceries,clue_object,0,False,False,,,False,False
82,old20,n315,V-neck wool sweater,clue_object,1,False,False,,,False,False
82,old20,n316,underwear and socks,clue_object,1,False,False,,,False,False
82,old20,n317,Nen,person,0,False,False,,,False,False
82,old20,n318,cold body,clue_object,0,False,False,,,False,False
82,old20,n319,"March 3rd, midnight",time_anchor,0,False,False,,,False,False
82,old20,n320,rain umbrella,clue_object,0,False,False,,,False,False
82,old20,n321,courtyard,location,0,False,False,,,False,False
82,old20,n322,Genjiro Nakano,person,2,False,False,,,True,True
82,old20,n323,Detective Nakano,person,1,False,False,,,False,False
82,old20,n324,Shima Miyuki,person,1,False,False,,,False,False
82,old20,n325,Hikokuchi,person,2,False,False,,,True,True
82,old20,n326,Sensu,person,2,False,False,,,False,True
82,old20,n327,Sensu's curry,clue_object,1,False,False,,,False,False
82,old20,n328,Sensu's homemade dishes,clue_object,1,False,False,,,False,False
82,old20,n329,campus entrance,location,0,False,False,,,False,False
82,old20,n330,Pao Sheng Ren,person,0,False,False,,,False,False
82,old20,n331,Sensu's body,clue_object,1,False,False,,,False,False
82,old20,n332,Sister,person,4,False,False,,,True,True
82,old20,n333,Senko,person,4,False,False,,,True,True
82,old20,n334,Meiko,person,1,False,False,,,False,False
82,old20,n335,Minsu,person,1,False,False,,,False,False
82,old20,n336,Shikou,person,1,False,False,,,False,False
82,old20,n337,Furuuchi Ren,person,2,False,False,,,False,False
82,old20,n338,Mother of Furuuchi Ren,person,1,False,False,,,False,False
82,old20,n339,Girl with whom Furuuchi Ren fused spiritually,person,0,False,False,,,False,False
82,old20,n340,PALADISO Hotel,location,1,False,False,,,False,False
82,old20,n341,"East Poolside, Fujisawa District",location,0,False,False,,,False,False
82,old20,n342,Tōyō,location,0,False,False,,,False,False
82,old20,n343,Furuuchi Ren's mother,person,0,False,False,,,False,False
82,old20,n344,Pu Shenrui,person,1,False,False,,,False,False
82,old20,n345,Bo Shengren,person,9,False,False,,,True,True
82,old20,n346,Shinjuku JR Station,location,2,False,False,,,True,True
82,old20,n347,Kabukicho,location,2,False,False,,,True,True
82,old20,n348,arcade,clue_object,8,False,False,,,True,True
82,old20,n349,Shibuya,location,2,False,False,,,True,True
82,old20,n350,Harajuku,location,2,False,False,,,True,True
82,old20,n351,Shimokitazawa,location,2,False,False,,,True,True
82,old20,n352,New Year's Day,time_anchor,1,False,False,,,False,False
82,old20,n353,Kanagi Yuria,person,3,False,False,,,True,True
82,old20,n354,New Year's holiday,time_anchor,0,False,False,,,False,False
82,old20,n355,Xia'ai,person,1,False,False,,,False,False
82,old20,n356,Yazi,person,1,False,False,,,False,False
82,old20,n357,Miyuki Iseki,person,2,False,False,,,False,False
82,old20,n358,Tonegawa's house,location,0,False,False,,,False,False
82,old20,n359,February 1st,time_anchor,1,False,False,,,False,False
82,old20,n360,Detectives,person,0,False,False,,,False,False
82,old20,n361,Taxi company,clue_object,0,False,False,,,False,False
82,old20,n362,Isuzu-san,person,2,False,False,,,True,True
82,old20,n363,the girl in January,person,1,False,False,,,False,False
82,old20,n364,the police investigation,event,4,False,False,,,True,True
82,old20,n365,the regulation of horror movies,event,1,False,False,,,False,False
82,old20,n366,Frustration,person,2,False,False,,,False,False
82,old20,n367,Hè Lǐxiāng,person,3,False,False,,,False,False
82,old20,n368,Pu Sheng,person,1,False,False,,,False,False
82,old20,n369,Kurilox,person,1,False,False,,,False,False
82,old20,n370,Bolegen,person,1,False,False,,,False,False
82,old20,n371,Rihong,person,3,False,False,,,False,True
82,old20,n372,Boshengnian,person,3,False,False,,,True,True
82,old20,n373,bathroom,location,2,False,False,,,False,True
82,old20,n374,bath tub,clue_object,1,False,False,,,False,False
82,old20,n375,towel,clue_object,1,False,False,,,False,False
82,old20,n376,Polegen Nen,person,1,False,False,,,False,False
82,old20,n377,Kirihara,person,1,False,False,,,False,False
82,old20,n378,Nagao,person,1,False,False,,,False,False
82,old20,n379,Pusen Ning,person,1,False,False,,,False,False
82,old20,n380,song,clue_object,2,False,False,,,True,True
82,old20,n381,Ritsuko,person,0,False,False,,,False,False
82,old20,n382,Pusaka,person,1,False,False,,,False,False
82,old20,n383,Hidari Asuka,person,1,False,False,,,False,False
82,old20,n384,Taki-san,person,0,False,False,,,False,False
82,old20,n385,Fumiko's sister,person,0,False,False,,,False,False
82,old20,n386,Fumiko's sister's friend,person,0,False,False,,,False,False
82,old20,n387,Mr. Hikokuro,person,0,False,False,,,False,False
82,old20,n388,oko,person,1,False,False,,,False,False
82,old20,n389,Bao Shengnin,person,3,False,False,,,True,True
82,old20,n390,mirror,clue_object,4,False,False,,,True,True
82,old20,n391,woman in the mirror,person,3,False,False,,,True,True
82,old20,n392,girl in the mirror,person,1,False,False,,,False,False
82,old20,n393,Travel plan,clue_object,1,False,False,,,False,False
82,old20,n394,Lecturer,person,1,False,False,,,False,False
82,old20,n395,Dr. Takahashi,person,0,False,False,,,False,False
82,old20,n396,Takiyama,person,2,False,False,,,True,True
82,old20,n397,my brother-in-law,person,0,False,False,,,False,False
82,old20,n398,Yūn,person,1,False,False,,,False,False
82,old20,n399,my parents,person,0,False,False,,,False,False
82,old20,n400,Tsubaki-san,person,0,False,False,,,False,False
82,old20,n401,New Year,time_anchor,0,False,False,,,False,False
82,old20,n402,Yumi,person,0,False,False,,,False,False
82,old20,n403,Akutagawa,person,0,False,False,,,False,False
82,old20,n404,Fumiko,person,0,False,False,,,False,False
82,old20,n405,Fumio,person,1,False,False,,,False,False
82,old20,n406,Tokyo streets,location,1,False,False,,,False,False
82,old20,n407,February,time_anchor,1,False,False,,,False,False
82,old20,n408,taxi,clue_object,0,False,False,,,False,False
82,old20,n409,small shop,location,2,False,False,,,False,False
82,old20,n410,staircase,clue_object,2,False,False,,,False,False
82,old20,n411,basement,location,0,False,False,,,False,False
82,old20,n412,small wooden door,clue_object,1,False,False,,,False,False
82,old20,n413,Bo Shenren,person,3,False,False,,,True,True
82,old20,n414,Peshen Ning,person,2,False,False,,,False,True
82,old20,n415,Duriang,clue_object,1,False,False,,,False,False
82,old20,n416,Saeko,person,5,False,False,,,False,True
82,old20,n417,viewfinder,clue_object,0,False,False,,,False,False
82,old20,n418,record button,clue_object,0,False,False,,,False,False
82,old20,n419,packaging paper,clue_object,1,True,False,1316,,False,False
82,old20,n420,low-heeled shoes,clue_object,1,False,False,,,False,False
82,old20,n421,coat,clue_object,1,False,False,,,False,False
82,old20,n422,blazer,clue_object,1,False,False,,,False,False
82,old20,n423,shirt,clue_object,1,False,False,,,False,False
82,old20,n424,stockings,clue_object,0,False,False,,,False,False
82,old20,n425,pantyhose,clue_object,0,False,False,,,False,False
82,old20,n426,Baisen Nen,person,1,False,False,,,False,False
82,old20,n427,Purogenin,person,0,False,False,,,False,False
82,old20,n428,Pao Shengnin,person,0,False,False,,,False,False
82,old20,n429,socks,clue_object,0,False,False,,,False,False
82,old20,n430,music,clue_object,0,False,False,,,False,False
82,old20,n431,bathroom toilet paper,clue_object,0,False,False,,,False,False
82,old20,n432,sheets,clue_object,0,False,False,,,False,False
82,old20,n433,Kou Shengan,person,0,False,False,,,False,False
82,old20,n434,meat cleaver,clue_object,0,False,False,,,False,False
82,old20,n435,towel-wrapped meat cleaver,clue_object,0,False,False,,,False,False
82,old20,n436,Dai Lixiang,person,0,False,False,,,False,False
82,old20,n437,3:30 am,time_anchor,0,False,False,,,False,False
82,old20,n438,Akiyoshi,person,0,False,False,,,False,False
82,old20,n439,Towa,location,1,False,False,,,False,False
82,old20,n440,Chuo Line,clue_object,1,False,False,,,False,False
82,old20,n441,Rainbow Bridge,clue_object,1,False,False,,,False,False
82,old20,n442,Kamakura Hotel,clue_object,2,False,False,,,False,False
82,old20,n443,eight-centimeter camcorder tape packaging paper,clue_object,0,False,False,,,False,False
82,old20,n444,Isogai,person,2,False,False,,,True,True
82,old20,n445,Ikegawa,person,3,False,False,,,True,True
82,old20,n446,Takanashi,person,0,False,False,,,False,False
82,old20,n447,Professor,person,5,False,False,,,True,True
82,old20,n448,the guy,person,0,False,False,,,False,False
82,old20,n449,psychogenic impotence,clue_object,0,False,False,,,False,False
82,old20,n450,intellectual,clue_object,0,False,False,,,False,False
82,old20,n451,video camera,clue_object,0,False,False,,,False,False
82,old20,n452,couple,person,1,False,False,,,False,False
82,old20,n453,hotel room,location,1,True,False,1316,,False,False
82,old20,n454,financial situation,clue_object,1,True,False,1316,,False,False
82,old20,n455,office worker,person,1,True,False,1316,,False,False
82,old20,n456,high-end apartment,location,1,False,False,,,False,False
82,old20,n457,family environment,clue_object,1,False,False,,,False,False
82,old20,n458,father,person,1,False,False,,,False,False
82,old20,n459,single-parent household,clue_object,0,False,False,,,False,False
82,old20,n460,sexual maturity,clue_object,1,False,False,,,False,False
82,old20,n461,bites,clue_object,0,False,False,,,False,False
82,old20,n462,alcohol,clue_object,0,False,False,,,False,False
82,old20,n463,sex,event,0,False,False,,,False,False
82,old20,n464,necrophilia,clue_object,1,False,False,,,False,False
82,old20,n465,Yuki,person,3,False,False,,,True,True
82,old20,n466,Fujii,person,0,False,False,,,False,False
82,old20,n467,spring bed,clue_object,1,False,False,,,False,False
82,old20,n468,penis,clue_object,2,False,False,,,True,True
82,old20,n469,vagina,clue_object,2,False,False,,,True,True
82,old20,n470,breast,clue_object,1,True,False,153,,False,False
82,old20,n471,photo album,clue_object,1,False,False,,,False,False
82,old20,n472,past love and joy,clue_object,1,False,False,,,False,False
82,old20,n473,death instinct,clue_object,0,False,False,,,False,False
82,old20,n474,sadism,event,0,False,False,,,False,False
82,old20,n475,masochism,event,0,False,False,,,False,False
82,old20,n476,repetitive compulsions,event,0,False,False,,,False,False
82,old20,n477,Thanatos complex,clue_object,2,False,False,,,False,False
82,old20,n478,necrophiles,person,1,False,False,,,False,False
82,old20,n479,serial killer,person,1,False,False,,,False,False
82,old20,n480,young boy,person,1,False,False,,,False,False
82,old20,n481,pedophile,person,1,False,False,,,False,False
82,old20,n482,twelve-year-old boy,person,1,False,False,,,False,False
82,old20,n483,cats,clue_object,0,False,False,,,False,False
82,old20,n484,man who claimed to have eaten human flesh in Paris,person,0,False,False,,,False,False
82,old20,n485,stream,person,0,False,False,,,False,False
82,old20,n486,Mr. Kuroda,person,1,False,False,,,False,False
82,old20,n487,Ms. Yoshida,person,1,False,False,,,False,False
82,old20,n488,Mr. Kuroda's sister,person,0,False,False,,,False,False
82,old20,n489,Roppongi streets,location,1,False,False,,,False,False
82,old20,n490,Shibuya noodle shop,location,0,False,False,,,False,False
82,old20,n491,black soil,clue_object,2,False,False,,,False,False
82,old20,n492,road,location,1,False,False,,,False,False
82,old20,n493,foul odor,clue_object,0,False,False,,,False,False
82,old20,n494,victim's sister,person,0,False,False,,,False,False
82,old20,n495,March 13th,time_anchor,0,False,False,,,False,False
82,old20,n496,Sagawa,person,3,False,False,,,False,True
82,old20,n497,Takano,person,1,False,False,,,False,False
82,old20,n498,shops,location,1,False,False,,,False,False
82,old20,n499,man in a shiny black suit and sunglasses,clue_object,2,False,False,,,False,True
82,old20,n500,Shibata,person,2,False,False,,,True,True
82,old20,n501,Yoshimoto,person,1,False,False,,,False,False
82,old20,n502,Tsukishima,person,2,False,False,,,True,True
82,old20,n503,tabloid reporter,person,1,False,False,,,False,False
82,old20,n504,West Coast,location,0,False,False,,,False,False
82,old20,n505,sadistic serial killer,person,0,False,False,,,False,False
82,old20,n506,phone call,event,0,False,False,,,False,False
82,old20,n507,elderly,event,0,False,False,,,False,False
82,old20,n508,Yabu,person,0,False,False,,,False,False
82,old20,n509,other party,person,0,False,False,,,False,False
82,old20,n510,Hikokubo,person,1,False,False,,,False,False
82,old20,n511,Little Love,person,2,False,False,,,True,True
82,old20,n512,murder case,event,1,False,False,,,False,False
82,old20,n513,blood bag,clue_object,1,False,False,,,False,False
82,old20,n514,living room,location,2,False,False,,,True,True
82,old20,n515,Ms. Shima Kayo,person,0,False,False,,,False,False
82,old20,n516,Ms. Shimauchi,person,0,False,False,,,False,False
82,old20,n517,instant noodles,clue_object,0,False,False,,,False,False
82,old20,n518,supermarket,location,0,False,False,,,False,False
82,old20,n519,checkout line,location,0,False,False,,,False,False
82,old20,n520,Mr. Shikuma,person,0,False,False,,,False,False
82,old20,n521,private detectives,clue_object,0,False,False,,,False,False
82,old20,n522,Fukuto,person,0,False,False,,,False,False
82,old20,n523,Daughter,person,2,False,False,,,True,False
82,old20,n524,Husband,person,2,False,False,,,True,False
82,old20,n525,Friends,person,2,False,False,,,True,False
82,old20,n526,Calendar,clue_object,1,False,False,,,False,False
82,old20,n527,victim's family,person,0,False,False,,,False,False
82,old20,n528,Noguchi,person,0,False,False,,,False,False
82,old20,n529,Hon-Ōbasu Expressway,location,0,False,False,,,False,False
82,old20,n530,love hotel,clue_object,0,False,False,,,False,False
82,old20,n531,Hēnlǐxiāng,person,1,False,False,,,False,False
82,old20,n532,highway,location,1,False,False,,,False,False
82,old20,n533,streets,location,1,False,False,,,False,False
82,old20,n534,Fujimoto-san,person,0,False,False,,,False,False
82,old20,n535,Chihiro,person,0,False,False,,,False,False
82,old20,n536,Shikoku,person,0,False,False,,,False,False
82,old20,n537,Nogi,person,0,False,False,,,False,False
82,old20,n538,Setagaya Police Station,location,0,False,False,,,False,False
83,old20,n1,Shizuka,person,0,False,False,,,False,False
83,old20,n2,Higuchi,person,1,False,False,,,False,False
83,old20,n3,Lady,person,5,False,False,,,False,True
83,old20,n4,village,location,24,False,False,,,True,True
83,old20,n5,forest,location,1,False,False,,,False,False
83,old20,n6,bath product,clue_object,1,False,False,,,False,False
83,old20,n7,glass cup,clue_object,1,False,False,,,False,False
83,old20,n8,Mr. Onizuka,person,15,False,False,,,True,True
83,old20,n9,Mr. Futada,person,1,False,False,,,False,False
83,old20,n10,Mrs. Futada,person,1,False,False,,,False,False
83,old20,n11,perfume,clue_object,2,True,True,3790;3828;4474;5238,5238,True,True
83,old20,n12,MIIIRA,clue_object,1,False,False,,,False,False
83,old20,n13,myrrh,clue_object,1,False,False,,,False,False
83,old20,n14,spice,clue_object,0,False,False,,,False,False
83,old20,n15,Zhi Du Jing,person,3,False,False,,,True,True
83,old20,n16,Mashiro,person,8,False,False,,,True,True
83,old20,n17,Nagano,person,2,False,False,,,True,True
83,old20,n18,camera,clue_object,4,False,False,,,True,True
83,old20,n19,film roll,clue_object,3,False,False,,,True,True
83,old20,n20,Saya,person,1,False,False,,,False,False
83,old20,n21,Ah,person,0,False,False,,,False,False
83,old20,n22,We,person,38,False,False,,,True,True
83,old20,n23,Ochiai,person,0,False,False,,,False,False
83,old20,n24,Nagae,person,0,False,False,,,False,False
83,old20,n25,Senpai,person,0,False,False,,,False,False
83,old20,n26,weaver,person,1,False,False,,,False,False
83,old20,n27,horizontal bar,clue_object,1,False,False,,,False,False
83,old20,n28,weather,time_anchor,0,False,False,,,False,False
83,old20,n29,man approaching,person,1,False,False,,,False,False
83,old20,n30,elders,person,1,False,False,,,False,False
83,old20,n31,Higashio,person,0,False,False,,,False,False
83,old20,n32,cigarette,clue_object,0,False,False,,,False,False
83,old20,n33,Mukumura Village,location,4,False,False,,,True,True
83,old20,n34,Suma Village,location,4,False,False,,,False,True
83,old20,n35,Mr. Yuriwajima,person,0,False,False,,,False,False
83,old20,n36,Doctor Nakahara,person,0,False,False,,,False,False
83,old20,n37,nurse at the clinic,person,0,False,False,,,False,False
83,old20,n38,village of Suma,location,0,False,False,,,False,False
83,old20,n39,clinic in Suma,clue_object,2,False,False,,,True,True
83,old20,n40,village office,location,0,False,False,,,False,False
83,old20,n41,Sora Hiroki,person,0,False,False,,,False,False
83,old20,n42,Fukuzushiya restaurant,location,0,False,False,,,False,False
83,old20,n43,Motsu-jima,location,0,False,False,,,False,False
83,old20,n44,Fukuzushi set meal,clue_object,0,False,False,,,False,False
83,old20,n45,Naito-san,person,0,False,False,,,False,False
83,old20,n46,Kumo,person,2,False,False,,,False,True
83,old20,n47,Dad,person,2,False,False,,,True,True
83,old20,n48,Mom,person,2,False,False,,,True,True
83,old20,n49,Kumo and Jingou Senpai,person,1,False,False,,,False,False
83,old20,n50,Arikawa Senpai and Shin'en Senpai,person,1,False,False,,,False,False
83,old20,n51,Detective Fiction Research Club,person,5,False,False,,,False,True
83,old20,n52,Kikuri,person,1,False,False,,,False,False
83,old20,n53,rice cooker,clue_object,1,False,False,,,False,False
83,old20,n54,Detective Fiction Research Club portrait,clue_object,1,False,False,,,False,False
83,old20,n55,clear sky,clue_object,1,False,False,,,False,False
83,old20,n56,Tetsuo,person,0,False,False,,,False,False
83,old20,n57,Hakozaki,person,11,False,False,,,True,True
83,old20,n58,Shido Tsuki,person,0,False,False,,,False,False
83,old20,n59,Mr. Shinmei,person,0,False,False,,,False,False
83,old20,n60,Hinata Kaname,person,0,False,False,,,False,False
83,old20,n61,Wada-senpai,person,0,False,False,,,False,False
83,old20,n62,Reverend Jang,person,1,False,False,,,False,False
83,old20,n63,Hidetaka,person,0,False,False,,,False,False
83,old20,n64,Arikawa-san,person,0,False,False,,,False,False
83,old20,n65,Wang Moon-taeg,person,1,False,False,,,False,False
83,old20,n66,Oe,person,2,False,False,,,False,True
83,old20,n67,Matsuri,person,7,False,False,,,True,True
83,old20,n68,Kusanagi-senpai,person,0,False,False,,,False,False
83,old20,n69,Ueki,person,0,False,False,,,False,False
83,old20,n70,Kikyou,person,1,False,False,,,False,False
83,old20,n71,Onizuka,person,2,False,False,,,False,True
83,old20,n72,Mr. Jiang,person,7,False,False,,,True,True
83,old20,n73,empty room at the end of the second floor on the west side,location,1,False,False,,,False,False
83,old20,n74,Kikuno,person,0,False,False,,,False,False
83,old20,n75,Utsuho,person,0,False,False,,,False,False
83,old20,n76,Mr. Little Wild,person,0,False,False,,,False,False
83,old20,n77,Mr. Koji,person,1,False,False,,,False,False
83,old20,n78,Ms. Hirano,person,2,False,False,,,True,True
83,old20,n79,Hiroqui perfume bottle,clue_object,7,False,False,,,True,True
83,old20,n80,Jinguu-senpai,person,0,False,False,,,False,False
83,old20,n81,Onoe,person,4,False,False,,,True,True
83,old20,n82,Mochizuki village,location,3,False,False,,,True,True
83,old20,n83,stalactite cave,clue_object,9,False,False,,,True,True
83,old20,n84,Mukai lady's house,location,0,False,False,,,False,False
83,old20,n85,Westwell,person,0,False,False,,,False,False
83,old20,n86,girl,person,0,False,False,,,False,False
83,old20,n87,Edogawa Rampo,person,0,False,False,,,False,False
83,old20,n88,The Tale of the All-Seeing Island,clue_object,0,False,False,,,False,False
83,old20,n89,Sugihara,person,2,False,False,,,False,True
83,old20,n90,Nishikawa,person,1,False,False,,,False,False
83,old20,n91,Yamamoto,person,0,False,False,,,False,False
83,old20,n92,Kurama Village,location,0,False,False,,,False,False
83,old20,n93,Tokutomi Kuniko,person,1,False,False,,,False,False
83,old20,n94,Shigemura Naoki,person,1,False,False,,,False,False
83,old20,n95,Miss Chiho,person,0,False,False,,,False,False
83,old20,n96,Mr. Nishimura,person,2,False,False,,,False,False
83,old20,n97,Mr. Tokuhara,person,3,False,False,,,False,False
83,old20,n98,Miyoshi,person,2,False,False,,,False,True
83,old20,n99,Watanabe,person,2,False,False,,,False,True
83,old20,n100,Kumazawa village,location,1,False,False,,,False,False
83,old20,n101,Fu Roushu House,location,0,False,False,,,False,False
83,old20,n102,Sagara,person,6,False,False,,,True,True
83,old20,n103,Tōkutei Mitokunozuchi,clue_object,1,False,False,,,False,False
83,old20,n104,Sugata's door,location,0,False,False,,,False,False
83,old20,n105,Yushi,person,2,False,False,,,False,False
83,old20,n106,Yufu Island,person,1,False,False,,,False,False
83,old20,n107,Shigemura,person,0,False,False,,,False,False
83,old20,n108,Sawada,person,1,False,False,,,False,False
83,old20,n109,Hijima,person,2,False,False,,,False,False
83,old20,n111,Nagatsuka,person,1,False,False,,,False,False
83,old20,n112,Professor Jiang,person,3,False,False,,,True,True
83,old20,n113,Little Wild's belongings,clue_object,0,False,False,,,False,False
83,old20,n114,Shino-san,person,1,False,False,,,False,False
83,old20,n115,Shino,person,3,False,False,,,False,False
83,old20,n116,biker gang graffiti style,clue_object,0,False,False,,,False,False
83,old20,n117,sweet and sour fragrance,clue_object,1,False,False,,,False,False
83,old20,n118,tendrils,clue_object,1,False,False,,,False,False
83,old20,n119,second hole,location,1,False,False,,,False,False
83,old20,n120,bamboo grove,location,2,False,False,,,False,False
83,old20,n121,works display room,location,1,False,False,,,False,False
83,old20,n122,Uzuki,person,1,False,False,,,False,False
83,old20,n123,Kiku,person,3,False,False,,,False,True
83,old20,n124,Miyuki,person,11,False,False,,,True,True
83,old20,n125,Sumitomo village,location,0,False,False,,,False,False
83,old20,n126,Yūra,person,0,False,False,,,False,False
83,old20,n127,Shirogane,person,0,False,False,,,False,False
83,old20,n128,innkeeper,person,2,False,False,,,False,True
83,old20,n129,owner of Fukuju,person,0,False,False,,,False,False
83,old20,n130,Miss Chiaki Mochizuki,person,0,False,False,,,False,False
83,old20,n131,Noguchi,person,2,False,False,,,True,True
83,old20,n132,Mr. Sagihara,person,0,False,False,,,False,False
83,old20,n133,Kagura Yuki,person,0,False,False,,,False,False
83,old20,n134,Iwakura,person,0,False,False,,,False,False
83,old20,n135,young detective,person,0,False,False,,,False,False
83,old20,n136,doctor,person,0,False,False,,,False,False
83,old20,n137,Dr. Nakagawa,person,10,False,False,,,True,True
83,old20,n138,the villagers,person,2,False,False,,,True,True
83,old20,n139,our hotel room,location,7,False,False,,,True,True
83,old20,n140,8 p.m.,time_anchor,1,False,False,,,False,False
83,old20,n141,the hotel,location,1,False,False,,,False,False
83,old20,n142,innkeeper who made breakfast for us,person,1,False,False,,,False,False
83,old20,n143,Nishijima,person,2,False,False,,,True,False
83,old20,n144,Midori Doctor,person,2,False,False,,,False,False
83,old20,n145,Higashiyama,person,9,False,False,,,True,True
83,old20,n146,Ochiai Senpai,person,1,False,False,,,False,False
83,old20,n147,Saginomiya,person,0,False,False,,,False,False
83,old20,n148,killer,person,12,False,False,,,True,True
83,old20,n149,note,clue_object,4,False,False,,,True,False
83,old20,n150,Shayuan,person,0,False,False,,,False,False
83,old20,n151,Summer Forest Village,location,0,False,False,,,False,False
83,old20,n152,Mingmei,person,0,False,False,,,False,False
83,old20,n153,Sugawara Satoru,person,2,False,False,,,True,True
83,old20,n154,Nishimura,person,4,False,False,,,True,True
83,old20,n155,Soga-san,person,1,False,False,,,False,False
83,old20,n156,Sugawara's room,location,0,False,False,,,False,False
83,old20,n157,adjacent room,location,0,False,False,,,False,False
83,old20,n158,Kagari,person,1,False,False,,,False,False
83,old20,n159,I (the narrator),person,2,False,False,,,False,True
83,old20,n160,Zoudu,person,0,False,False,,,False,False
83,old20,n161,Kouji,person,5,False,False,,,True,True
83,old20,n162,Shuzo,person,0,False,False,,,False,False
83,old20,n163,The ice maiden (Zhidu's wife),person,0,False,False,,,False,False
83,old20,n164,Zhidu,person,1,False,False,,,False,False
83,old20,n165,Shido,person,7,False,False,,,True,True
83,old20,n166,Koyuki,person,1,False,False,,,False,False
83,old20,n167,Komori,person,2,False,False,,,True,True
83,old20,n168,Zhi Du,person,11,False,False,,,True,True
83,old20,n169,Corpse (Inverted),clue_object,0,False,False,,,False,False
83,old20,n170,Chet Faker,person,1,False,False,,,False,False
83,old20,n171,Elder Jiang,person,2,False,False,,,True,True
83,old20,n172,Kumagusu Kanae,person,0,False,False,,,False,False
83,old20,n173,Higashi Kurumi,person,0,False,False,,,False,False
83,old20,n174,Tsukiyama Tsubasa,person,0,False,False,,,False,False
83,old20,n175,Seno Yuki,person,0,False,False,,,False,False
83,old20,n176,Shizuka Tsukimi,person,0,False,False,,,False,False
83,old20,n177,Kouzuki Seiya,person,0,False,False,,,False,False
83,old20,n178,Yamauchi Sakura,person,0,False,False,,,False,False
83,old20,n179,Maeda Tetsu,person,2,False,False,,,True,False
83,old20,n180,you,person,10,False,False,,,True,True
83,old20,n181,Yori,person,1,False,False,,,False,False
83,old20,n182,Kono couple,person,1,False,False,,,False,False
83,old20,n183,Higashi Koto,person,1,False,False,,,False,False
83,old20,n184,Kubo,person,1,False,False,,,False,False
83,old20,n185,Yagi,person,0,False,False,,,False,False
83,old20,n186,Tadukuri,person,0,False,False,,,False,False
83,old20,n187,Shiroka,person,1,False,False,,,False,False
83,old20,n188,Onizuka and the lady,person,0,False,False,,,False,False
83,old20,n189,Judo,person,1,False,False,,,False,False
83,old20,n190,Professor Kurosu,person,0,False,False,,,False,False
83,old20,n191,Yui,person,2,False,False,,,False,False
83,old20,n192,Yuzuki,person,1,False,False,,,False,False
83,old20,n193,the front couple,person,1,False,False,,,False,False
83,old20,n194,Aiko,person,1,False,False,,,False,False
83,old20,n195,Tetsu,person,0,False,False,,,False,False
83,old20,n196,Aiko and Tetsu,location,2,False,False,,,True,True
83,old20,n197,dining room,location,1,False,False,,,False,False
83,old20,n198,living room,location,12,False,False,,,True,True
83,old20,n199,Sumiyoshi Village,location,1,False,False,,,False,False
83,old20,n200,Shotaro Kikuchi,person,2,False,False,,,False,True
83,old20,n201,Sensei,person,1,False,False,,,False,False
83,old20,n202,Aoi,person,6,False,False,,,True,True
83,old20,n203,Yuki,person,26,False,False,,,True,True
83,old20,n204,"Sagura, Mr.",person,1,False,False,,,False,False
83,old20,n205,Dusk,clue_object,0,False,False,,,False,False
83,old20,n206,Mukumuku village,location,5,False,False,,,True,True
83,old20,n207,Mr. Noguchi,person,1,False,False,,,False,False
83,old20,n208,Mr. Kawauchi,person,1,False,False,,,False,False
83,old20,n209,Mr. Hata,person,1,False,False,,,False,False
83,old20,n210,Jiang Shenlong,person,1,False,False,,,False,False
83,old20,n211,Kido,person,2,False,False,,,True,True
83,old20,n212,Uchi,person,3,False,False,,,True,True
83,old20,n213,Hokkaido,person,1,False,False,,,False,False
83,old20,n214,Kikuya,person,0,False,False,,,False,False
83,old20,n215,Makoto,person,3,False,False,,,True,True
83,old20,n216,Dean,person,2,False,False,,,True,True
83,old20,n217,Rock temple,location,3,False,False,,,True,True
83,old20,n218,Jiang Senior,person,0,False,False,,,False,False
83,old20,n219,River God Senior,person,0,False,False,,,False,False
83,old20,n220,the flashlight,clue_object,0,False,False,,,False,False
83,old20,n221,stone hall,location,0,False,False,,,False,False
83,old20,n222,Jiang Shen,person,4,False,False,,,True,False
83,old20,n223,silhouette,clue_object,2,False,False,,,False,False
83,old20,n224,fist-sized round stone,clue_object,1,False,False,,,False,False
83,old20,n225,footsteps,event,0,False,False,,,False,False
83,old20,n226,landlady,person,0,False,False,,,False,False
83,old20,n227,Sumi,person,0,False,False,,,False,False
83,old20,n228,Ohta,person,0,False,False,,,False,False
83,old20,n229,boss lady,person,0,False,False,,,False,False
83,old20,n230,Ogawa,person,0,False,False,,,False,False
83,old20,n231,publishing house,clue_object,1,False,False,,,False,False
83,old20,n232,fashion magazine,clue_object,0,False,False,,,False,False
83,old20,n233,letter,clue_object,0,False,False,,,False,False
83,old20,n234,postage stamp,clue_object,1,False,False,,,False,False
83,old20,n235,envelope,clue_object,0,False,False,,,False,False
83,old20,n236,mailbox,location,0,False,False,,,False,False
83,old20,n237,post office,location,0,False,False,,,False,False
83,old20,n238,Suzuhara,person,0,False,False,,,False,False
83,old20,n239,Tokyo,location,1,False,False,,,False,False
83,old20,n240,travel guidebook,clue_object,0,False,False,,,False,False
83,old20,n241,phone,clue_object,1,False,False,,,False,False
83,old20,n242,yebrows,person,0,False,False,,,False,False
83,old20,n243,Mei Mei,person,0,False,False,,,False,False
83,old20,n244,Romeo,person,0,False,False,,,False,False
83,old20,n245,house,location,3,False,False,,,True,True
83,old20,n246,parents,person,0,False,False,,,False,False
83,old20,n247,Mr. Mori,person,0,False,False,,,False,False
83,old20,n248,Ms. Senjyu,person,0,False,False,,,False,False
83,old20,n249,Detectives,person,6,False,False,,,False,False
83,old20,n250,Jouji-sensei,person,0,False,False,,,False,False
83,old20,n251,Aoki,person,0,False,False,,,False,False
83,old20,n252,Shouji,person,0,False,False,,,False,False
83,old20,n253,love letter,clue_object,0,False,False,,,False,False
83,old20,n254,Mausoleum of Emperor Qin Shi Huang,location,0,False,False,,,False,False
83,old20,n255,Castel Sant'Angelo,location,0,False,False,,,False,False
83,old20,n256,Neuschwanstein Castle,location,0,False,False,,,False,False
83,old20,n257,Sagrada Familia,location,0,False,False,,,False,False
83,old20,n258,Watsa,location,0,False,False,,,False,False
83,old20,n259,Tōtō-ji,location,0,False,False,,,False,False
83,old20,n260,Kinkaku-ji,location,0,False,False,,,False,False
83,old20,n261,Anjō Castle,location,0,False,False,,,False,False
83,old20,n262,Nikkō Tōshō-gū,location,0,False,False,,,False,False
83,old20,n263,Rakuchūtei,location,0,False,False,,,False,False
83,old20,n264,Yurihara,person,0,False,False,,,False,False
83,old20,n265,He,person,3,False,False,,,True,True
83,old20,n266,My father's vacation home in Izu with relatives,location,2,False,False,,,True,True
83,old20,n267,Kashi Island or Izu,location,1,False,False,,,False,False
83,old20,n268,Hakone,location,2,False,False,,,True,True
83,old20,n269,Ueno station,location,2,False,False,,,True,True
83,old20,n270,My father,person,0,False,False,,,False,False
83,old20,n271,My mother,person,0,False,False,,,False,False
83,old20,n272,Kyoto,location,3,False,False,,,True,True
83,old20,n273,Mount Tsukuba,location,1,False,False,,,False,False
83,old20,n274,Jiang sensei,person,0,False,False,,,False,False
83,old20,n275,the narrator,person,7,False,False,,,True,True
83,old20,n276,Asaki family,location,1,False,False,,,False,False
83,old20,n277,Kawasaki,location,1,False,False,,,False,False
83,old20,n278,Mount Koji,location,0,False,False,,,False,False
83,old20,n279,Kujū,location,0,False,False,,,False,False
83,old20,n280,Yae,location,0,False,False,,,False,False
83,old20,n281,Nishijin,location,1,False,False,,,False,False
83,old20,n282,Idabashi,location,1,False,False,,,False,False
83,old20,n283,Jang sensei,person,1,False,False,,,False,False
83,old20,n284,Akiyoshi,person,2,False,False,,,True,True
83,old20,n285,Yamanaka,person,0,False,False,,,False,False
83,old20,n286,Hakamura,person,1,False,False,,,False,False
83,old20,n287,Hokusawa,person,1,False,False,,,False,False
83,old20,n288,Masaya,person,4,False,False,,,False,True
83,old20,n289,Dean of Jiang,person,0,False,False,,,False,False
83,old20,n290,Sougen,person,1,False,False,,,False,False
83,old20,n291,X,person,4,False,False,,,True,True
83,old20,n292,abandoned school,location,0,False,False,,,False,False
83,old20,n293,classroom,location,0,False,False,,,False,False
83,old20,n294,Dragon Forest River,location,0,False,False,,,False,False
83,old20,n295,Yuri-sensei,person,0,False,False,,,False,False
83,old20,n296,Shirogane Jouji,person,0,False,False,,,False,False
83,old20,n297,Baochuo Miyuki,person,0,False,False,,,False,False
83,old20,n298,Nakahara Kunio,person,0,False,False,,,False,False
83,old20,n299,Nishii Akira,person,0,False,False,,,False,False
83,old20,n300,Hikari,person,2,False,False,,,True,True
83,old20,n301,Aya-senpai,person,2,False,False,,,True,False
83,old20,n302,Suguro,person,0,False,False,,,False,False
83,old20,n303,note paper,clue_object,1,False,False,,,False,False
83,old20,n304,Mr. Yamamoto,person,0,False,False,,,False,False
83,old20,n305,landslide,event,4,False,False,,,True,True
83,old20,n306,police officers,person,4,False,False,,,True,True
83,old20,n307,Sagara's possession,clue_object,0,False,False,,,False,False
83,old20,n308,Souzou,person,0,False,False,,,False,False
83,old20,n309,phone call,event,3,False,False,,,True,True
83,old20,n310,Ayuko,person,2,False,False,,,False,False
83,old20,n311,Shirokuma,person,1,False,False,,,False,False
83,old20,n312,postal worker,person,1,False,False,,,False,False
83,old20,n313,elementary school's classroom,location,0,False,False,,,False,False
83,old20,n314,postal worker's home,location,0,False,False,,,False,False
83,old20,n315,Shimizu-san,person,1,False,False,,,False,False
83,old20,n316,Soichiro Shiba,person,0,False,False,,,False,False
83,old20,n317,Shima Jigen's house,location,1,False,False,,,False,False
83,old20,n318,"Onizuka, Mr.",person,1,False,False,,,False,False
83,old20,n319,Noguchi-san,person,0,False,False,,,False,False
83,old20,n320,Kou,person,0,False,False,,,False,False
83,old20,n321,Hakutaka,person,3,False,False,,,True,True
83,old20,n322,Zhe Subi,person,1,False,False,,,False,False
83,old20,n323,Abeno,person,2,False,False,,,True,True
83,old20,n324,Shinsen family,person,2,False,False,,,True,True
83,old20,n325,Jingu-sensei,person,0,False,False,,,False,False
83,old20,n326,the music room,location,0,False,False,,,False,False
83,old20,n327,the corridor,location,0,False,False,,,False,False
83,old20,n328,the herb garden,location,0,False,False,,,False,False
83,old20,n329,the perfume room,location,3,False,False,,,True,True
83,old20,n330,Man,person,5,False,False,,,True,False
83,old20,n331,Qin Gui,person,3,False,False,,,True,True
83,old20,n332,teacher,person,0,False,False,,,False,False
83,old20,n333,library,location,9,False,False,,,True,True
83,old20,n334,murder scene,location,1,False,False,,,False,False
83,old20,n335,octagonal bottle,clue_object,1,False,False,,,False,False
83,old20,n336,Mei,person,4,False,False,,,True,True
83,old20,n337,Shibuki,person,4,False,False,,,True,True
83,old20,n338,Mukuro,person,2,False,False,,,True,False
83,old20,n339,Higashikata,person,3,False,False,,,True,True
83,old20,n340,Miyabi,person,2,False,False,,,False,True
83,old20,n341,Shigemori,person,1,False,False,,,False,False
83,old20,n342,Honjou,person,3,False,False,,,True,False
83,old20,n343,Seiura,person,0,False,False,,,False,False
83,old20,n344,Shimizu,person,1,False,False,,,False,False
83,old20,n345,Mr. Nakatani,person,0,False,False,,,False,False
83,old20,n346,Ryujin Village,location,0,False,False,,,False,False
83,old20,n347,Abandoned police observation post,location,0,False,False,,,False,False
83,old20,n348,Stream,clue_object,0,False,False,,,False,False
83,old20,n349,Police station in Ryujin Village,location,0,False,False,,,False,False
83,old20,n350,Saito's house,location,0,False,False,,,False,False
83,old20,n351,Inn,location,5,False,False,,,False,False
83,old20,n352,Yoshida,person,1,False,False,,,False,False
83,old20,n353,innkeeper's wife,person,1,False,False,,,False,False
83,old20,n354,Wakamatsu,person,3,False,False,,,False,True
83,old20,n355,Doctor Nakamura,person,1,False,False,,,False,False
83,old20,n356,Uchiyama,person,1,False,False,,,False,False
83,old20,n357,Woodmore village,location,2,False,False,,,True,True
83,old20,n358,neighboring villages,location,1,False,False,,,False,False
83,old20,n359,Kuroda,person,2,False,False,,,True,True
83,old20,n360,Mariko,person,1,False,False,,,False,False
83,old20,n361,Deputy Inspector Fujisawa,person,1,False,False,,,False,False
83,old20,n362,Minami,person,1,False,False,,,False,False
83,old20,n363,Yuri,person,2,False,False,,,True,True
83,old20,n364,Master of the School,person,1,False,False,,,False,False
83,old20,n365,girl's room,location,0,False,False,,,False,False
83,old20,n366,candlestick,clue_object,0,False,False,,,False,False
83,old20,n367,girl's corpse,clue_object,0,False,False,,,False,False
83,old20,n368,bed,location,1,False,False,,,False,False
83,old20,n369,Yuchi,person,2,False,False,,,False,True
83,old20,n370,Kumozawa,person,3,False,False,,,True,False
83,old20,n371,the wild one,person,0,False,False,,,False,False
83,old20,n372,window,clue_object,4,False,False,,,True,True
83,old20,n373,curtains,clue_object,1,False,False,,,False,False
83,old20,n374,Yamamura,person,0,False,False,,,False,False
83,old20,n375,the boy,person,0,False,False,,,False,False
83,old20,n376,Akimoto,person,0,False,False,,,False,False
83,old20,n377,Mrs. Mochizuki,person,1,False,False,,,False,False
83,old20,n378,Xiao Ling,person,0,False,False,,,False,False
83,old20,n379,Kikyo,person,8,False,False,,,True,True
83,old20,n380,Jasper,person,1,False,False,,,False,False
83,old20,n381,the radio,clue_object,2,False,False,,,False,True
83,old20,n382,American pop music,clue_object,1,False,False,,,False,False
83,old20,n383,Nagao Naoki,person,0,False,False,,,False,False
83,old20,n384,Shima Haruko,person,0,False,False,,,False,False
83,old20,n385,Wakaba,person,0,False,False,,,False,False
83,old20,n386,Kobato-san,person,0,False,False,,,False,False
83,old20,n387,Kurosu-san,person,0,False,False,,,False,False
83,old20,n388,Muto Jigen,person,0,False,False,,,False,False
83,old20,n389,Kozue,person,0,False,False,,,False,False
83,old20,n390,Shizuki,person,0,False,False,,,False,False
83,old20,n391,Kikuko,person,1,False,False,,,False,False
83,old20,n392,compound radio,clue_object,0,False,False,,,False,False
83,old20,n393,weather forecast,clue_object,0,False,False,,,False,False
83,old20,n394,Chrysanthemum,person,0,False,False,,,False,False
83,old20,n395,door,clue_object,3,False,False,,,True,True
83,old20,n396,kitchen,location,0,False,False,,,False,False
83,old20,n397,cave,clue_object,8,False,False,,,True,True
83,old20,n398,Mrs. Akita,person,0,False,False,,,False,False
83,old20,n399,Ms. Kisshomaru,person,0,False,False,,,False,False
83,old20,n400,bald dancer,person,0,False,False,,,False,False
83,old20,n401,Oisho,person,1,False,False,,,False,False
83,old20,n402,Tomb,location,0,False,False,,,False,False
83,old20,n403,Mr. Kouhei,person,3,False,False,,,False,True
83,old20,n404,India,location,1,False,False,,,False,False
83,old20,n405,Kou's hometown,location,1,False,False,,,False,False
83,old20,n406,Mr. Kouhei's dream of becoming a dancer,clue_object,0,False,False,,,False,False
83,old20,n407,the weather clearing up,time_anchor,1,False,False,,,False,False
83,old20,n408,the changing room,location,1,False,False,,,False,False
83,old20,n409,the dining room and living room,location,1,False,False,,,False,False
83,old20,n410,German Romantic writers,clue_object,3,False,False,,,False,False
83,old20,n411,Novalis,person,1,False,False,,,False,False
83,old20,n412,E.T.A. Hoffmann,person,1,False,False,,,False,False
83,old20,n413,O. Henry's works,clue_object,1,False,False,,,False,False
83,old20,n414,Wakatsuki and the professor,person,1,False,False,,,False,False
83,old20,n415,"Kikuko, Onizuka, Kotoha",person,1,False,False,,,False,False
83,old20,n416,EMC (Engyo University Mystery Novel Research Club),clue_object,0,False,False,,,False,False
83,old20,n417,"Fukuzawa, Yabuura, Kurihara, and Zenjirou",person,0,False,False,,,False,False
83,old20,n418,Kotori,person,0,False,False,,,False,False
83,old20,n419,bottles,clue_object,0,False,False,,,False,False
83,old20,n420,entrance hall,location,1,False,False,,,False,False
83,old20,n421,Koto,person,2,False,False,,,False,True
83,old20,n422,Sora,person,2,False,False,,,True,True
83,old20,n423,Ms. Hanazawa,person,0,False,False,,,False,False
83,old20,n424,Tachibana,person,1,False,False,,,False,False
83,old20,n425,Midori,person,1,False,False,,,False,False
83,old20,n426,Mr. Little Wild's body,location,8,False,False,,,True,True
83,old20,n427,Onizuka's body,location,2,False,False,,,True,True
83,old20,n428,painting supplies and handbag,clue_object,1,False,False,,,False,False
83,old20,n429,umbrella staff,clue_object,1,False,False,,,False,False
83,old20,n430,small thermos bottle,clue_object,0,False,False,,,False,False
83,old20,n431,paper cup with coffee residue,clue_object,0,False,False,,,False,False
83,old20,n432,bottle of perfume,clue_object,3,False,False,,,True,True
83,old20,n433,Shibukawa,person,1,False,False,,,False,False
83,old20,n434,Sagihara Takashi,person,3,False,False,,,False,True
83,old20,n435,Miyagawa,person,1,False,False,,,False,False
83,old20,n436,Oyamada,person,1,False,False,,,False,False
83,old20,n437,Kano,person,0,False,False,,,False,False
83,old20,n438,Mokuzawa,person,4,False,False,,,True,False
83,old20,n439,Mr. Ono,person,1,False,False,,,False,False
83,old20,n440,Mr. Shibazaki and his wife,person,0,False,False,,,False,False
83,old20,n441,Y,location,1,False,False,,,False,False
83,old20,n442,Jang,person,0,False,False,,,False,False
83,old20,n443,Tokutoku's work,clue_object,0,False,False,,,False,False
83,old20,n444,perfume bottle,clue_object,0,False,False,,,False,False
83,old20,n445,Mitio,clue_object,0,False,False,,,False,False
83,old20,n446,Detective Fujisaki,person,0,False,False,,,False,False
83,old20,n447,Komuro,person,0,False,False,,,False,False
83,old20,n448,the priest,person,0,False,False,,,False,False
83,old20,n449,Kouji Noguchi,person,0,False,False,,,False,False
83,old20,n450,Zhezhi,person,1,False,False,,,False,False
83,old20,n451,Tsubaki,person,1,False,False,,,False,False
83,old20,n452,Hakata,person,0,False,False,,,False,False
83,old20,n453,Mr. Nishijima,person,1,False,False,,,False,False
83,old20,n454,Mr. Westwell,person,1,False,False,,,False,False
83,old20,n455,mail service,clue_object,2,False,False,,,False,True
83,old20,n456,express delivery,clue_object,1,False,False,,,False,False
83,old20,n457,Akagi,person,1,False,False,,,False,False
83,old20,n458,Higashino,person,3,False,False,,,True,True
83,old20,n459,Oyama,person,4,False,False,,,True,True
83,old20,n460,Yuyi,person,5,False,False,,,True,False
83,old20,n461,Chiku,person,1,False,False,,,False,False
83,old20,n462,Display Room,location,2,False,False,,,False,False
83,old20,n463,Garden,location,7,False,False,,,True,False
83,old20,n464,Fragrance Room,location,0,False,False,,,False,False
83,old20,n465,Doctor Nakagawa,person,2,False,False,,,False,True
83,old20,n466,Sasaki,person,0,False,False,,,False,False
83,old20,n467,Kikyo-san,person,0,False,False,,,False,False
83,old20,n468,Kiku-sama,person,0,False,False,,,False,False
83,old20,n469,Mount Tsugai,location,0,False,False,,,False,False
83,old20,n470,courtyard,location,1,False,False,,,False,False
83,old20,n471,room,location,4,False,False,,,True,True
83,old20,n472,Roomi,person,3,False,False,,,True,True
83,old20,n473,Fukuju,location,1,False,False,,,False,False
83,old20,n474,imagined corpse,clue_object,1,False,False,,,False,False
83,old20,n475,study room,location,1,False,False,,,False,False
83,old20,n476,path,clue_object,1,False,False,,,False,False
83,old20,n477,beech trees,clue_object,1,False,False,,,False,False
83,old20,n478,Sumizuki Village,location,1,False,False,,,False,False
83,old20,n479,Kyoto Imperial Palace,location,2,False,False,,,True,True
83,old20,n480,Kamikawacho Dori,location,0,False,False,,,False,False
83,old20,n481,cash register,location,0,False,False,,,False,False
83,old20,n482,Professor Yamamoto,person,3,False,False,,,True,True
83,old20,n483,cowbell,clue_object,1,False,False,,,False,False
83,old20,n484,Suma-mura,location,0,False,False,,,False,False
83,old20,n485,my husband,person,0,False,False,,,False,False
83,old20,n486,post office account,clue_object,0,False,False,,,False,False
83,old20,n487,September 6th,time_anchor,0,False,False,,,False,False
83,old20,n488,palace grounds,location,0,False,False,,,False,False
83,old20,n489,Nara City,location,1,False,False,,,False,False
83,old20,n490,12 Deity Statues of New Medicine Temple,clue_object,0,False,False,,,False,False
83,old20,n491,dormitory,location,0,False,False,,,False,False
83,old20,n492,Takamatsu,person,0,False,False,,,False,False
83,old20,n493,high school students from a Christian school,clue_object,0,False,False,,,False,False
83,old20,n494,Nara's friends on graduation trip,person,0,False,False,,,False,False
83,old20,n495,Takamatsu in Shikoku,location,1,False,False,,,False,False
83,old20,n496,September 8th,time_anchor,0,False,False,,,False,False
83,old20,n497,Ms. Fujiko,person,1,False,False,,,False,False
83,old20,n498,Kochi,location,1,False,False,,,False,False
83,old20,n499,Ms. Miyuki,person,1,False,False,,,False,False
83,old20,n500,clinic in the village,location,1,False,False,,,False,False
83,old20,n501,Sumifun Village,location,2,False,False,,,True,True
83,old20,n502,Sumiya village,location,3,False,False,,,True,True
83,old20,n503,Nishijima Satoru,person,0,False,False,,,False,False
83,old20,n504,Nishijima Nozomu,person,0,False,False,,,False,False
83,old20,n505,Kumure Yoshikatsu's widow,person,0,False,False,,,False,False
83,old20,n506,award-winning work,clue_object,0,False,False,,,False,False
83,old20,n507,Tōkutei Mitsuteru,person,1,False,False,,,False,False
83,old20,n508,Toshimoto Fujiko,person,2,False,False,,,False,True
83,old20,n509,Jōkanshu-sensei,person,0,False,False,,,False,False
83,old20,n510,magazine,clue_object,1,False,False,,,False,False
83,old20,n511,Kannon statue,clue_object,1,False,False,,,False,False
83,old20,n512,Kamo-san,person,3,False,False,,,True,False
83,old20,n513,Boso family,person,2,False,False,,,True,False
83,old20,n514,chrysanthemums,clue_object,1,False,False,,,False,False
83,old20,n515,fine rain,clue_object,1,False,False,,,False,False
83,old20,n516,coffee,clue_object,0,False,False,,,False,False
83,old20,n517,nails,clue_object,0,False,False,,,False,False
83,old20,n518,easel,clue_object,0,False,False,,,False,False
83,old20,n519,painting,clue_object,3,False,False,,,True,True
83,old20,n520,Akiko,person,3,False,False,,,True,True
83,old20,n521,Matsuko,person,2,False,False,,,False,False
83,old20,n522,time,time_anchor,1,False,False,,,False,False
83,old20,n523,Tsukimi,person,0,False,False,,,False,False
83,old20,n524,artist,person,0,False,False,,,False,False
83,old20,n525,Zenjiro Fujimoto,person,0,False,False,,,False,False
83,old20,n526,Zen,person,4,False,False,,,True,False
83,old20,n527,Philo,person,2,False,False,,,True,False
83,old20,n528,Zen's wife,person,1,False,False,,,False,False
83,old20,n529,Kouyama,person,1,False,False,,,False,False
83,old20,n530,the bottle of wine,clue_object,0,False,False,,,False,False
83,old20,n531,Schubert's music,clue_object,0,False,False,,,False,False
83,old20,n532,Gounod's 'Ave Maria',clue_object,0,False,False,,,False,False
83,old20,n533,Kouyama Yui,person,2,False,False,,,False,True
83,old20,n534,Hagino,person,1,False,False,,,False,False
83,old20,n535,Ueno,person,0,False,False,,,False,False
83,old20,n536,May Wind,person,1,False,False,,,False,False
83,old20,n537,Mr. Yagihara,person,0,False,False,,,False,False
83,old20,n538,Lady Onizuka,person,2,False,False,,,False,True
83,old20,n539,Debussy piano collection,clue_object,0,False,False,,,False,False
83,old20,n540,'Garden in the Rain',clue_object,0,False,False,,,False,False
83,old20,n541,Lady and Mr. Onizuka,event,0,False,False,,,False,False
83,old20,n542,Mr. Konoe,person,1,False,False,,,False,False
83,old20,n543,Hokusen,person,1,False,False,,,False,False
83,old20,n544,Mr. Zenjirou Fujimoto,person,0,False,False,,,False,False
83,old20,n545,Akiko's husband,person,0,False,False,,,False,False
83,old20,n546,Jousuke,person,0,False,False,,,False,False
83,old20,n547,Akagi Mori,person,1,False,False,,,False,False
83,old20,n548,Hachikura,person,0,False,False,,,False,False
83,old20,n549,president,person,0,False,False,,,False,False
83,old20,n550,Higashiyama-senpai,person,1,False,False,,,False,False
83,old20,n551,Sagihara,person,4,False,False,,,True,True
83,old20,n552,Mukai-san,person,2,False,False,,,True,False
83,old20,n553,Higashiyama-san,person,0,False,False,,,False,False
83,old20,n554,Ma-chan,person,0,False,False,,,False,False
83,old20,n555,Kawajiri,person,0,False,False,,,False,False
83,old20,n556,Uma,person,1,False,False,,,False,False
83,old20,n557,Sugiyama,person,2,False,False,,,True,True
83,old20,n558,drugs,clue_object,4,False,False,,,True,True
83,old20,n559,low-pressure system,clue_object,2,False,False,,,False,True
83,old20,n560,rain,clue_object,2,False,False,,,False,True
83,old20,n561,Sora's building,location,2,False,False,,,False,True
83,old20,n562,balcony,location,1,False,False,,,False,False
83,old20,n563,bigu,clue_object,1,False,False,,,False,False
83,old20,n564,Jingu-sen,person,0,False,False,,,False,False
83,old20,n565,bridge,location,3,False,False,,,False,True
83,old20,n566,Shigon,person,0,False,False,,,False,False
83,old20,n567,three-way intersection,location,0,False,False,,,False,False
83,old20,n568,dilapidated school,location,0,False,False,,,False,False
83,old20,n569,mountain path,location,0,False,False,,,False,False
83,old20,n570,TV,clue_object,2,False,False,,,True,False
83,old20,n571,spare flashlight,clue_object,0,False,False,,,False,False
83,old20,n572,umbrella,clue_object,0,False,False,,,False,False
83,old20,n573,frying pan,clue_object,0,False,False,,,False,False
83,old20,n574,meat pie,clue_object,0,False,False,,,False,False
83,old20,n575,my watch,clue_object,1,False,False,,,False,False
83,old20,n576,the river surface,clue_object,1,False,False,,,False,False
83,old20,n577,the abandoned house,clue_object,0,False,False,,,False,False
83,old20,n578,the grand mansion,clue_object,1,False,False,,,False,False
83,old20,n579,us,person,0,False,False,,,False,False
83,old20,n580,the large house,location,0,False,False,,,False,False
83,old20,n581,the mansion,location,3,False,False,,,True,False
83,old20,n582,the windows near the entrance,location,1,False,False,,,False,False
83,old20,n583,Lawn paths,location,1,False,False,,,False,False
83,old20,n584,asbestos,clue_object,1,False,False,,,False,False
83,old20,n585,gutter's downspout,clue_object,1,False,False,,,False,False
83,old20,n586,back door,location,1,False,False,,,False,False
83,old20,n587,woods,location,0,False,False,,,False,False
83,old20,n588,thyme,clue_object,0,False,False,,,False,False
83,old20,n589,center of the garden,location,0,False,False,,,False,False
83,old20,n590,plump young girl,person,0,False,False,,,False,False
83,old20,n591,company,clue_object,1,False,False,,,False,False
83,old20,n592,Japan,location,0,False,False,,,False,False
83,old20,n593,Shibuya Park,location,2,False,False,,,False,True
83,old20,n594,Kouhei,person,1,False,False,,,False,False
83,old20,n595,Silent Living Room,location,2,False,False,,,True,True
83,old20,n596,Cigarette Smoke,clue_object,0,False,False,,,False,False
83,old20,n597,Yuki's Smile,clue_object,0,False,False,,,False,False
83,old20,n598,Press Conference,event,1,False,False,,,False,False
83,old20,n599,Paparazzi,clue_object,0,False,False,,,False,False
83,old20,n600,Yuu,person,0,False,False,,,False,False
83,old20,n601,Mrs. Kikuko,person,0,False,False,,,False,False
83,old20,n602,Fuyuki,person,0,False,False,,,False,False
83,old20,n603,suitcase,clue_object,0,False,False,,,False,False
83,old20,n604,land development company,clue_object,0,False,False,,,False,False
83,old20,n605,developers,person,1,False,False,,,False,False
83,old20,n606,surveyors,person,1,False,False,,,False,False
83,old20,n607,Mukai,person,0,False,False,,,False,False
83,old20,n608,artists,person,1,False,False,,,False,False
83,old20,n609,Yuuki,person,0,False,False,,,False,False
83,old20,n610,Mushi,person,0,False,False,,,False,False
83,old20,n611,studio,location,3,False,False,,,True,True
83,old20,n612,she,person,7,False,False,,,True,True
83,old20,n613,Mariya,person,3,False,False,,,True,True
83,old20,n614,Okutsubo,person,3,False,False,,,True,True
83,old20,n615,Hokuzen,person,2,False,False,,,False,True
83,old20,n616,Takao Kobayashi,person,1,False,False,,,False,False
83,old20,n617,Xia Ling,person,1,False,False,,,False,False
83,old20,n618,Hachimura,person,1,False,False,,,False,False
83,old20,n619,Chidou,person,1,False,False,,,False,False
83,old20,n620,Guernsey,clue_object,2,False,False,,,True,True
83,old20,n622,Kuroba brothers,person,1,False,False,,,False,False
83,old20,n623,Mr. Shima,person,4,False,False,,,True,True
83,old20,n624,Denim jacket,clue_object,0,False,False,,,False,False
83,old20,n625,Four student-looking boys,clue_object,0,False,False,,,False,False
83,old20,n626,Kuroba brothers' life,location,1,False,False,,,False,False
83,old20,n627,Bath,clue_object,1,False,False,,,False,False
83,old20,n628,Cypress-scented bathtub,clue_object,0,False,False,,,False,False
83,old20,n629,Wall clock,clue_object,1,False,False,,,False,False
83,old20,n630,bathroom,location,2,False,False,,,True,True
83,old20,n631,EITOUNIVERSITY,clue_object,0,False,False,,,False,False
83,old20,n632,Jangou-sensei,person,0,False,False,,,False,False
83,old20,n633,Ono,person,3,False,False,,,True,True
83,old20,n634,Qin Hua,person,1,False,False,,,False,False
83,old20,n635,enigmefauve,clue_object,1,False,False,,,False,False
83,old20,n636,umbrella stand,location,1,False,False,,,False,False
83,old20,n637,display cabinet,location,0,False,False,,,False,False
83,old20,n638,chemistry classroom,location,0,False,False,,,False,False
83,old20,n639,Eightmatsu,person,1,False,False,,,False,False
83,old20,n640,Kikuyo,person,5,False,False,,,True,True
83,old20,n641,bonfire,clue_object,1,False,False,,,False,False
83,old20,n642,stalactite,clue_object,1,False,False,,,False,False
83,old20,n643,stalagmite,clue_object,0,False,False,,,False,False
83,old20,n644,stalagmite (pointing finger),clue_object,1,False,False,,,False,False
83,old20,n645,rock ledge,clue_object,2,False,False,,,True,True
83,old20,n646,coiled snake,clue_object,0,False,False,,,False,False
83,old20,n647,road,location,0,False,False,,,False,False
83,old20,n648,rock wall,location,0,False,False,,,False,False
83,old20,n649,golden axe,clue_object,2,False,False,,,True,True
83,old20,n650,axe,clue_object,0,False,False,,,False,False
83,old20,n651,water spirit,person,2,False,False,,,True,True
83,old20,n652,woodcutter,person,2,False,False,,,True,True
83,old20,n653,Weaving,person,2,False,False,,,True,True
83,old20,n654,the car,clue_object,5,False,False,,,True,True
83,old20,n655,cut-through mountain road,location,1,False,False,,,False,False
83,old20,n656,Akagi's taboo,clue_object,2,False,False,,,True,True
83,old20,n657,the person who answered the phone,person,1,False,False,,,False,False
83,old20,n658,message for you,clue_object,1,False,False,,,False,False
83,old20,n659,the girl I liked,person,0,False,False,,,False,False
83,old20,n660,a photographer,clue_object,0,False,False,,,False,False
83,old20,n661,danger flood,clue_object,2,False,False,,,False,True
83,old20,n662,exit mountain road,location,1,False,False,,,False,False
83,old20,n663,abandoned school Hijima,location,0,False,False,,,False,False
83,old20,n664,Mukumura big house,location,1,False,False,,,False,False
83,old20,n665,Mizuki-san,person,0,False,False,,,False,False
83,old20,n666,Chikara Yoshizawa,person,1,False,False,,,False,False
83,old20,n667,Miss Yuria,person,1,False,False,,,False,False
83,old20,n668,Chigusa,person,1,False,False,,,False,False
83,old20,n669,Miss Senou,person,3,False,False,,,True,True
83,old20,n670,Uzuki Mansion,location,2,False,False,,,True,False
83,old20,n671,garden behind the Uzuki Mansion,location,2,False,False,,,True,False
83,old20,n672,second-floor window,location,1,False,False,,,False,False
83,old20,n673,Mukae Village,location,2,False,False,,,False,True
83,old20,n674,Sumi Village,location,1,False,False,,,False,False
83,old20,n675,Ms. Senou,person,0,False,False,,,False,False
83,old20,n676,Sugi,location,0,False,False,,,False,False
83,old20,n677,Tsukuba,location,0,False,False,,,False,False
83,old20,n678,convenience store,clue_object,0,False,False,,,False,False
83,old20,n679,Weida,person,4,False,False,,,True,False
83,old20,n680,Mizuho,person,2,False,False,,,True,True
83,old20,n681,Chigusa Yuki,person,1,False,False,,,False,False
83,old20,n682,Mutsu village,location,5,False,False,,,True,True
83,old20,n683,Dr. Nakatani,person,2,False,False,,,True,False
83,old20,n684,Koyori Yuki,clue_object,1,False,False,,,False,False
83,old20,n685,Shougen,person,3,False,False,,,True,False
83,old20,n686,Yashiro,person,0,False,False,,,False,False
83,old20,n687,Sagawa,person,1,False,False,,,False,False
83,old20,n688,Weitao,person,0,False,False,,,False,False
83,old20,n689,Watari,person,0,False,False,,,False,False
83,old20,n690,Stairs,location,0,False,False,,,False,False
83,old20,n691,Handbag,clue_object,0,False,False,,,False,False
83,old20,n692,Shirokuma Tadashi,person,2,False,False,,,False,False
83,old20,n693,Nagasena village,location,1,False,False,,,False,False
83,old20,n694,Pine Forest High School,clue_object,0,False,False,,,False,False
83,old20,n695,Pine Forest Post Office,clue_object,0,False,False,,,False,False
83,old20,n696,Shimo,person,0,False,False,,,False,False
83,old20,n697,Mukematsu Village,location,0,False,False,,,False,False
83,old20,n698,Chigusa (surname),clue_object,0,False,False,,,False,False
83,old20,n699,"Drôme, France",location,0,False,False,,,False,False
83,old20,n700,Hauterives,location,0,False,False,,,False,False
83,old20,n701,Ferdinand Cheval,person,0,False,False,,,False,False
83,old20,n702,Terrace,location,0,False,False,,,False,False
83,old20,n703,Labyrinthine caves,location,2,False,False,,,False,True
83,old20,n704,Rocky ledge,location,2,False,False,,,True,True
83,old20,n705,Palace,clue_object,0,False,False,,,False,False
83,old20,n706,Terrace (view),location,3,False,False,,,True,True
83,old20,n707,Waterfall,clue_object,1,False,False,,,False,False
83,old20,n708,Room-san,person,2,False,False,,,True,True
83,old20,n709,Koto (husband),person,1,False,False,,,False,False
83,old20,n710,Phil,person,3,False,False,,,True,True
83,old20,n711,Hachimura (husband),person,0,False,False,,,False,False
83,old20,n712,Eightwood,person,1,False,False,,,False,False
83,old20,n713,Wakamatsu Shuhei,person,0,False,False,,,False,False
83,old20,n714,Fukuda couple,person,2,False,False,,,True,True
83,old20,n715,Kumori,person,0,False,False,,,False,False
83,old20,n716,studio deep in the cave,location,0,False,False,,,False,False
83,old20,n717,Mrs. Chancy,person,2,False,False,,,False,False
83,old20,n718,Kiku-san,person,1,False,False,,,False,False
83,old20,n719,Onizuka-san,person,10,True,True,1531;2454;3764;3811;3828;3833,3811,True,True
83,old20,n720,Hachimura-san,person,1,False,False,,,False,False
83,old20,n721,Mr. Kojima,person,1,False,False,,,False,False
83,old20,n722,Perfume 'enigme',clue_object,1,False,False,,,False,False
83,old20,n723,Perfume 'fauve',clue_object,1,False,False,,,False,False
83,old20,n724,Entrance,location,0,False,False,,,False,False
83,old20,n725,Ura-Haru,person,0,False,False,,,False,False
83,old20,n726,Suzu residents,location,1,False,False,,,False,False
83,old20,n727,Zi Du,person,2,False,False,,,True,True
83,old20,n728,Taro,person,2,False,False,,,True,True
83,old20,n729,Shigeki,person,1,False,False,,,False,False
83,old20,n730,Akio,person,2,False,False,,,True,True
83,old20,n731,Kotoha,person,0,False,False,,,False,False
83,old20,n732,Akane,person,0,False,False,,,False,False
83,old20,n733,Onizuka's plan,clue_object,0,False,False,,,False,False
83,old20,n734,'studio of the night',location,1,False,False,,,False,False
83,old20,n735,the map,clue_object,1,False,False,,,False,False
83,old20,n736,the notebook,clue_object,0,False,False,,,False,False
83,old20,n737,footprints,clue_object,0,False,False,,,False,False
83,old20,n738,fork,location,0,False,False,,,False,False
83,old20,n739,left path,location,0,False,False,,,False,False
83,old20,n740,Mr. Jiao,person,1,False,False,,,False,False
83,old20,n741,Mr. Zhi,person,1,False,False,,,False,False
83,old20,n742,Van Gogh,person,1,False,False,,,False,False
83,old20,n743,the rope from the kitchen drawer,clue_object,1,False,False,,,False,False
83,old20,n744,the sediment here,clue_object,0,False,False,,,False,False
83,old20,n745,Yoshino,person,2,False,False,,,False,True
83,old20,n746,piano,clue_object,1,False,False,,,False,False
83,old20,n747,Beethoven's 'Funeral March',clue_object,1,False,False,,,False,False
83,old20,n748,watch,clue_object,0,False,False,,,False,False
83,old20,n749,Suzu,person,1,False,False,,,False,False
83,old20,n750,Nagaura (Mr.),person,0,False,False,,,False,False
83,old20,n751,Dr. Nakahara,person,1,False,False,,,False,False
83,old20,n752,Uesugi house,location,0,False,False,,,False,False
83,old20,n753,Komori Village,location,6,False,False,,,True,True
83,old20,n754,Nagano Naoki,person,3,False,False,,,True,True
83,old20,n755,Nishimura Gen,person,2,False,False,,,True,True
83,old20,n756,Chihiro Yuki,person,1,False,False,,,False,False
83,old20,n757,Mizuno,person,2,False,False,,,True,True
83,old20,n758,Fujisaki,person,3,False,False,,,True,False
83,old20,n759,Sankai,person,2,False,False,,,True,False
83,old20,n760,Momo,person,2,False,False,,,True,False
83,old20,n761,two sheets of paper,clue_object,3,False,False,,,True,False
83,old20,n762,envelopes and paper,clue_object,2,False,False,,,True,False
83,old20,n763,undelivered letters,clue_object,2,False,False,,,True,False
83,old20,n764,Mugimura village,location,0,False,False,,,False,False
83,old20,n765,Mokuzure Village,location,0,False,False,,,False,False
83,old20,n766,Xianguan straight tree,clue_object,0,False,False,,,False,False
83,old20,n767,Mugimura bridge,clue_object,0,False,False,,,False,False
83,old20,n768,Sumiya,person,1,False,False,,,False,False
83,old20,n769,Yashima,person,1,False,False,,,False,False
83,old20,n770,Izu,person,6,False,False,,,True,True
83,old20,n771,Mrs. Naito,person,1,False,False,,,False,False
83,old20,n772,Mr. Naito's room,location,1,False,False,,,False,False
83,old20,n773,Unmailed letter,clue_object,1,False,False,,,False,False
83,old20,n774,Unused envelope,clue_object,1,False,False,,,False,False
83,old20,n775,Hoshino,person,0,False,False,,,False,False
83,old20,n776,Tsukiyomi,person,0,False,False,,,False,False
83,old20,n777,Sagara-san,person,1,False,False,,,False,False
83,old20,n778,Mr. Sugawara,person,1,False,False,,,False,False
83,old20,n779,Detective Anjou,person,0,False,False,,,False,False
83,old20,n780,Feijishima,person,0,False,False,,,False,False
83,old20,n781,Sugimori,location,0,False,False,,,False,False
83,old20,n782,road to Sumiya village,location,2,False,False,,,False,True
83,old20,n783,police cars,clue_object,1,False,False,,,False,False
83,old20,n784,Tankai,person,1,False,False,,,False,False
83,old20,n785,transparent pattern,clue_object,0,False,False,,,False,False
83,old20,n786,notepaper,clue_object,0,False,False,,,False,False
83,old20,n787,victim,person,0,False,False,,,False,False
83,old20,n788,Nagaura,person,0,False,False,,,False,False
83,old20,n789,Kan,person,0,False,False,,,False,False
83,old20,n790,Qin,person,0,False,False,,,False,False
83,old20,n791,Y-point,location,1,False,False,,,False,False
83,old20,n792,Ima,person,3,False,False,,,True,True
83,old20,n793,Winding road,location,1,False,False,,,False,False
83,old20,n794,White Qiu,person,3,False,False,,,True,True
83,old20,n795,Ariadne,person,1,False,False,,,False,False
83,old20,n796,curry,clue_object,2,False,False,,,True,True
83,old20,n797,Higashizawa,person,2,False,False,,,False,True
83,old20,n798,Yaezawa,person,0,False,False,,,False,False
83,old20,n799,Jiang dean,person,0,False,False,,,False,False
83,old20,n800,Jang Godfather,person,0,False,False,,,False,False
83,old20,n801,Miss Suzuki,person,0,False,False,,,False,False
83,old20,n802,Jōgō sensei,person,0,False,False,,,False,False
83,old20,n803,Natsuko,person,0,False,False,,,False,False
83,old20,n804,Akizuki,person,0,False,False,,,False,False
83,old20,n805,Hiragizawa,person,0,False,False,,,False,False
83,old20,n806,Evil,clue_object,1,False,False,,,False,False
83,old20,n807,labyrinth,clue_object,1,False,False,,,False,False
83,old20,n808,escape path,clue_object,2,False,False,,,False,False
83,old20,n809,mystery novel,clue_object,1,False,False,,,False,False
83,old20,n810,rock,clue_object,1,False,False,,,False,False
83,old20,n811,chaos,clue_object,1,False,False,,,False,False
83,old20,n812,imagination,clue_object,2,False,False,,,False,True
83,old20,n813,small table,location,0,False,False,,,False,False
83,old20,n814,chair,location,0,False,False,,,False,False
83,old20,n815,Onizuka's umbrella,clue_object,0,False,False,,,False,False
83,old20,n816,Okutomi,person,2,False,False,,,True,True
83,old20,n817,Shougen Naito,person,0,False,False,,,False,False
83,old20,n818,Sumifunabiki,location,0,False,False,,,False,False
83,old20,n819,Kumimura,location,0,False,False,,,False,False
83,old20,n820,elder brother,person,0,False,False,,,False,False
83,old20,n821,Sumizura,location,0,False,False,,,False,False
83,old20,n822,Miyake,clue_object,0,False,False,,,False,False
83,old20,n823,Shibazaki,clue_object,0,False,False,,,False,False
83,old20,n824,Hokusai,person,0,False,False,,,False,False
83,old20,n825,Miyoshi Takashi,person,0,False,False,,,False,False
83,old20,n826,art land,location,1,False,False,,,False,False
83,old20,n827,Mochizuki,person,0,False,False,,,False,False
83,old20,n828,Mochizuki's estate,clue_object,1,False,False,,,False,False
83,old20,n829,Shiina,person,1,False,False,,,False,False
83,old20,n830,Hokkawa,person,8,False,False,,,True,True
83,old20,n831,Shiroki,person,6,False,False,,,True,True
83,old20,n832,Mashima village,location,2,False,False,,,True,True
83,old20,n833,second-floor music room,location,2,False,False,,,True,True
83,old20,n834,Shiroki's contract,clue_object,3,False,False,,,True,True
83,old20,n835,Onizuka's ear,clue_object,2,False,False,,,True,True
83,old20,n836,Eightmori,person,1,False,False,,,False,False
83,old20,n837,Mr. Onizuka's body,clue_object,0,False,False,,,False,False
83,old20,n838,Kousaka-sensei,person,4,False,False,,,True,True
83,old20,n839,windows in the library,clue_object,2,False,False,,,True,True
83,old20,n840,evening news,clue_object,1,False,False,,,False,False
83,old20,n841,Mr. Yaezawa,person,0,False,False,,,False,False
83,old20,n842,Mrs. Kumiko,person,0,False,False,,,False,False
83,old20,n843,Zentaro,person,0,False,False,,,False,False
83,old20,n844,Chinese screen,clue_object,0,False,False,,,False,False
83,old20,n845,knife,clue_object,0,False,False,,,False,False
83,old20,n846,Miss Xiangxi,person,1,False,False,,,False,False
83,old20,n847,Jiang Shen-sen,person,2,False,False,,,False,False
83,old20,n848,the candles on the table,clue_object,0,False,False,,,False,False
83,old20,n849,Ms. Xiangxi,person,1,False,False,,,False,False
83,old20,n850,the headmaster,person,0,False,False,,,False,False
83,old20,n851,Deusexmachina,clue_object,0,False,False,,,False,False
83,old20,n852,Haruka,person,1,False,False,,,False,False
83,old20,n853,Ideal Palace,clue_object,2,False,False,,,True,True
83,old20,n854,Kouzue,person,0,False,False,,,False,False
83,old20,n855,Tetsudo,person,0,False,False,,,False,False
83,old20,n856,Fujiko,person,0,False,False,,,False,False
83,old20,n857,Rev. Takayama,person,0,False,False,,,False,False
83,old20,n858,Koyori,person,0,False,False,,,False,False
83,old20,n859,Shiroku,person,0,False,False,,,False,False
83,old20,n860,Kimura Hiroshi,person,0,False,False,,,False,False
83,old20,n861,Yamauchi,person,2,False,False,,,True,False
83,old20,n862,movie news segment,clue_object,0,False,False,,,False,False
83,old20,n863,middle-aged man,person,2,False,False,,,True,False
83,old20,n864,Sagara Takao,person,0,False,False,,,False,False
83,old20,n865,Mr. Umino,person,0,False,False,,,False,False
83,old20,n866,white letter,clue_object,0,False,False,,,False,False
83,old20,n867,Nishijima Shu's work,clue_object,0,False,False,,,False,False
83,old20,n868,The novel,clue_object,1,False,False,,,False,False
83,old20,n869,I (narrator),person,1,False,False,,,False,False
83,old20,n870,Nishimura Shōtarō,person,0,False,False,,,False,False
83,old20,n871,Kuniko Uno's copperplate engraving,clue_object,0,False,False,,,False,False
83,old20,n872,The landowners,person,0,False,False,,,False,False
83,old20,n873,Strange people,person,0,False,False,,,False,False
83,old20,n874,Gin,person,1,False,False,,,False,False
83,old20,n875,Shizuko,person,1,False,False,,,False,False
83,old20,n876,Xiao Ye,person,0,False,False,,,False,False
83,old20,n877,Shouji Shouji,person,1,False,False,,,False,False
83,old20,n878,Mrs. Komatsu,person,2,False,False,,,False,True
83,old20,n879,Hakamura Manabu,person,3,False,False,,,True,True
83,old20,n880,Miss Kurahashi Matsuri,person,2,False,False,,,False,True
83,old20,n881,Mashiroya,location,1,False,False,,,False,False
83,old20,n882,woodcutter's house,location,1,False,False,,,False,False
83,old20,n883,lawn,location,1,False,False,,,False,False
83,old20,n884,umbrellas,clue_object,3,False,False,,,False,True
83,old20,n885,gate,location,1,False,False,,,False,False
83,old20,n886,gate (back door),location,2,False,False,,,False,True
83,old20,n887,doorknob,clue_object,1,False,False,,,False,False
83,old20,n888,Oda,person,0,False,False,,,False,False
83,old20,n889,Nakatani Doctor,person,0,False,False,,,False,False
83,old20,n890,"Mei, Yamanaka",person,1,False,False,,,False,False
83,old20,n891,Injured man,person,1,False,False,,,False,False
83,old20,n892,Open briefcase,clue_object,0,False,False,,,False,False
83,old20,n893,Sweet fragrance,clue_object,0,False,False,,,False,False
83,old20,n894,Mukai mansion,location,1,False,False,,,False,False
83,old20,n895,the rope-like thing,clue_object,1,False,False,,,False,False
83,old20,n896,Sugata,person,4,False,False,,,True,True
83,old20,n897,Tajōmaru Shoji,person,2,False,False,,,True,True
83,old20,n898,Chiaki Miyoshi,person,2,False,False,,,True,True
83,old20,n899,Tateno River,location,2,False,False,,,False,True
83,old20,n900,Bridge over the Tateno River,clue_object,1,False,False,,,False,False
83,old20,n901,Entertainment industry,clue_object,0,False,False,,,False,False
83,old20,n902,Komori School,location,1,False,False,,,False,False
83,old20,n903,Mountaineer Chief Editor,person,0,False,False,,,False,False
83,old20,n904,Iwano,person,1,False,False,,,False,False
83,old20,n905,Boss' wife,person,1,False,False,,,False,False
83,old20,n906,Croaking sounds of frogs,clue_object,1,False,False,,,False,False
83,old20,n907,Mr. Miyoshi,person,0,False,False,,,False,False
83,old20,n908,Disneyland,location,1,False,False,,,False,False
83,old20,n909,stalactite caves,clue_object,1,False,False,,,False,False
83,old20,n910,Katsuko,person,0,False,False,,,False,False
83,old20,n911,Kawaoka-sensei,person,2,False,False,,,True,True
83,old20,n912,Fujiko Asahina,person,0,False,False,,,False,False
83,old20,n913,Akamatsu-san,person,0,False,False,,,False,False
83,old20,n914,Shimamura-san,person,0,False,False,,,False,False
83,old20,n915,Dolomia,clue_object,1,False,False,,,False,False
83,old20,n916,moss scent,clue_object,2,False,False,,,False,False
83,old20,n917,Jōshirō-senpai,person,5,False,False,,,True,True
83,old20,n918,Chigusa Yūi,person,4,False,False,,,True,True
83,old20,n919,Aya,person,0,False,False,,,False,False
83,old20,n920,Mukashi house,location,0,False,False,,,False,False
83,old20,n921,Mukuro village,location,0,False,False,,,False,False
83,old20,n922,Malya,person,0,False,False,,,False,False
84,old20,n1,Ellery,person,23,False,False,,,True,True
84,old20,n3,intellectuality,clue_object,1,False,False,,,False,False
84,old20,n4,game,clue_object,1,False,False,,,False,False
84,old20,n5,Leroux,person,27,False,False,,,True,True
84,old20,n6,Elliott,person,2,False,False,,,True,True
84,old20,n7,Sherlock,clue_object,2,False,False,,,True,True
84,old20,n8,modern society,location,3,False,False,,,True,True
84,old20,n9,spring,time_anchor,0,False,False,,,False,False
84,old20,n10,S Peninsula,location,1,False,False,,,False,False
84,old20,n11,"S District, J Cape",location,2,False,False,,,False,False
84,old20,n12,small island,location,1,False,False,,,False,False
84,old20,n13,Agatha,person,25,False,False,,,True,True
84,old20,n14,old man,person,1,False,False,,,False,False
84,old20,n15,Nakamura's ghost,clue_object,2,False,False,,,False,False
84,old20,n16,uninhabited annex,location,0,False,False,,,False,False
84,old20,n17,main house,location,0,False,False,,,False,False
84,old20,n18,island,location,11,False,False,,,True,True
84,old20,n19,white figure on the cliff,clue_object,0,False,False,,,False,False
84,old20,n20,fishing boats,clue_object,1,False,False,,,False,False
84,old20,n21,Tenjiku Pavilion,location,2,False,False,,,True,True
84,old20,n22,bay,location,4,False,False,,,True,True
84,old20,n23,west coast,location,2,False,False,,,True,True
84,old20,n24,east coast,location,1,False,False,,,False,False
84,old20,n25,cliff,location,5,False,False,,,True,True
84,old20,n26,precipitous rock,clue_object,0,False,False,,,False,False
84,old20,n27,deep gorge,clue_object,0,False,False,,,False,False
84,old20,n28,wooden jetty,clue_object,0,False,False,,,False,False
84,old20,n29,small boat dock,clue_object,0,False,False,,,False,False
84,old20,n30,Jiyu-guan,location,2,False,False,,,True,True
84,old20,n31,Fung,person,1,False,False,,,False,False
84,old20,n32,foyer,location,2,False,False,,,False,True
84,old20,n33,double doors,clue_object,2,False,False,,,False,True
84,old20,n34,central hall,location,1,False,False,,,False,False
84,old20,n35,ten-sided polygon,location,1,False,False,,,False,False
84,old20,n36,rooms,location,2,False,False,,,False,True
84,old20,n37,Van,person,12,False,False,,,True,True
84,old20,n38,Ohsugi,person,1,False,False,,,False,False
84,old20,n39,Edgar Allan Poe,person,25,True,False,917;2361,,True,True
84,old20,n40,Carl,person,6,False,False,,,True,True
84,old20,n41,Fang,person,1,False,False,,,False,False
84,old20,n42,the main door,location,1,False,False,,,False,False
84,old20,n43,octagonal hall,location,14,False,False,,,True,True
84,old20,n44,the kitchen,location,4,False,False,,,True,True
84,old20,n45,the skylight,clue_object,3,False,False,,,True,True
84,old20,n46,octagonal table,clue_object,4,False,False,,,True,True
84,old20,n47,white chairs,clue_object,1,False,False,,,False,False
84,old20,n48,blue tiles,clue_object,1,False,False,,,False,False
84,old20,n49,light bulb,clue_object,1,False,False,,,False,False
84,old20,n50,glass bottle with a black label,clue_object,0,False,False,,,False,False
84,old20,n51,Ozzy,person,4,False,False,,,True,True
84,old20,n52,Ellery Sloane,person,6,False,False,,,True,True
84,old20,n53,Fridge,clue_object,1,False,False,,,False,False
84,old20,n54,Gas cylinder,clue_object,1,False,False,,,False,False
84,old20,n55,Cutting board,clue_object,1,False,False,,,False,False
84,old20,n56,Eliot,person,1,False,False,,,False,False
84,old20,n58,Cape J Blue House,location,8,False,False,,,True,True
84,old20,n59,pine forest,location,1,False,False,,,False,False
84,old20,n60,J Cape,location,5,False,False,,,True,True
84,old20,n61,gardener,person,0,False,False,,,False,False
84,old20,n63,detective,person,1,False,False,,,False,False
84,old20,n64,Jigokudani,location,0,False,False,,,False,False
84,old20,n65,Island of the Dead,location,1,False,False,,,False,False
84,old20,n66,ship,location,0,False,False,,,False,False
84,old20,n67,Ochiz,person,3,False,False,,,False,True
84,old20,n68,ring,clue_object,1,False,False,,,False,False
84,old20,n69,Oshizu,person,1,False,False,,,False,False
84,old20,n70,bicycle deck,clue_object,2,False,False,,,True,True
84,old20,n71,blue deck,clue_object,2,False,False,,,True,True
84,old20,n72,red deck,clue_object,3,False,False,,,True,True
84,old20,n73,Ace of Spades,clue_object,0,False,False,,,False,False
84,old20,n74,Nakamura Sen's father,person,0,False,False,,,False,False
84,old20,n75,Jiangnan,person,19,False,False,,,True,True
84,old20,n76,Retsuko,person,0,False,False,,,False,False
84,old20,n77,Southern River,person,0,False,False,,,False,False
84,old20,n78,Red Shirt,person,0,False,False,,,False,False
84,old20,n79,Thousand Weaving,person,0,False,False,,,False,False
84,old20,n81,Higurashi,person,0,False,False,,,False,False
84,old20,n82,Ito,person,8,False,False,,,True,True
84,old20,n83,Nakamura Akiyoshi,person,1,False,False,,,False,False
84,old20,n84,Erlenmeyer,person,0,False,False,,,False,False
84,old20,n85,cup,clue_object,1,False,False,,,False,False
84,old20,n88,Miss Sen,person,0,False,False,,,False,False
84,old20,n90,Jīchuān,person,0,False,False,,,False,False
84,old20,n91,Nakamura Shingo,person,0,False,False,,,False,False
84,old20,n92,Anxīn Temple,location,0,False,False,,,False,False
84,old20,n93,Red Harumi,person,3,False,False,,,False,False
84,old20,n94,Shirokuma,person,1,False,False,,,False,False
84,old20,n95,Jyoushima incident,event,1,False,False,,,False,False
84,old20,n96,September 19th last year,time_anchor,0,False,False,,,False,False
84,old20,n97,Ando-san,person,1,False,False,,,False,False
84,old20,n98,Jiangnan's apartment,location,0,False,False,,,False,False
84,old20,n99,coffee shop across the street,location,0,False,False,,,False,False
84,old20,n100,motorcycle,clue_object,0,False,False,,,False,False
84,old20,n101,students living nearby,person,0,False,False,,,False,False
84,old20,n102,spring break,event,0,False,False,,,False,False
84,old20,n103,Itô Kei,person,0,False,False,,,False,False
84,old20,n104,Southern,person,1,False,False,,,False,False
84,old20,n105,Kanto,location,1,False,False,,,False,False
84,old20,n106,Gu needs,person,2,False,False,,,False,True
84,old20,n107,Shima,person,1,False,False,,,False,False
84,old20,n108,Beifu,location,0,False,False,,,False,False
84,old20,n109,Asai,person,2,False,False,,,False,False
84,old20,n110,bookshelf,clue_object,2,False,False,,,False,False
84,old20,n111,Red Tsukkomi's house,location,0,False,False,,,False,False
84,old20,n112,Red Dragon,person,1,False,False,,,False,False
84,old20,n113,Genji,person,1,False,False,,,False,False
84,old20,n115,Southern Man,person,4,False,False,,,True,True
84,old20,n116,Koujima incident,event,1,False,False,,,False,False
84,old20,n117,ring finger,clue_object,1,False,False,,,False,False
84,old20,n118,Red,person,1,False,False,,,False,False
84,old20,n119,Hongjiang,person,1,False,False,,,False,False
84,old20,n120,Sen,person,0,False,False,,,False,False
84,old20,n121,Guo Xu,person,2,False,False,,,False,False
84,old20,n122,Hata,person,1,False,False,,,False,False
84,old20,n123,Ai Hong,person,7,False,False,,,True,True
84,old20,n124,Isei,person,5,False,False,,,False,False
84,old20,n126,Jang,person,1,False,False,,,False,False
84,old20,n127,Wisteria trellis,location,0,False,False,,,False,False
84,old20,n128,Tree,clue_object,0,False,False,,,False,False
84,old20,n129,Letter,clue_object,7,False,False,,,True,True
84,old20,n130,Glass,clue_object,1,False,False,,,False,False
84,old20,n131,Nakagawa,person,2,False,False,,,True,True
84,old20,n133,Nakamura Chikusa,person,1,False,False,,,False,False
84,old20,n134,Nakamura Seisuke,person,2,False,False,,,False,True
84,old20,n135,Ten-Story House,location,0,False,False,,,False,False
84,old20,n136,Small Bar,location,0,False,False,,,False,False
84,old20,n137,sea,location,2,False,False,,,False,True
84,old20,n138,waves,clue_object,3,False,False,,,True,True
84,old20,n139,Black Rocks,location,1,False,False,,,False,False
84,old20,n140,Blue House ruins,location,1,False,False,,,False,False
84,old20,n141,ship wreckage,clue_object,1,False,False,,,False,False
84,old20,n142,Ehrlich,person,1,False,False,,,False,False
84,old20,n143,sleeping pill,clue_object,0,False,False,,,False,False
84,old20,n144,bathroom,location,1,False,False,,,False,False
84,old20,n146,Ellen Poe,person,0,False,False,,,False,False
84,old20,n147,room key,clue_object,1,False,False,,,False,False
84,old20,n148,octagon house,location,3,False,False,,,True,True
84,old20,n149,bed,clue_object,2,False,False,,,True,True
84,old20,n150,glasses,clue_object,1,False,False,,,False,False
84,old20,n151,Fan,person,4,False,False,,,True,True
84,old20,n152,ten-sided mansion,location,1,False,False,,,False,False
84,old20,n153,white building,location,2,False,False,,,False,True
84,old20,n154,S district,location,5,False,False,,,True,True
84,old20,n155,phone,clue_object,1,False,False,,,False,False
84,old20,n156,clock,clue_object,1,False,False,,,False,False
84,old20,n157,Tatsumi,person,4,False,False,,,True,True
84,old20,n159,fishing cooperative meeting room,location,3,False,False,,,False,True
84,old20,n160,harbor,location,1,False,False,,,False,False
84,old20,n161,Gu,person,4,False,False,,,True,True
84,old20,n163,heavy iron door,clue_object,3,False,False,,,False,True
84,old20,n164,men's voices,clue_object,1,False,False,,,False,False
84,old20,n165,bodies that are murder,clue_object,1,False,False,,,False,False
84,old20,n166,coast,location,5,False,False,,,True,True
84,old20,n167,embankment,location,2,False,False,,,False,True
84,old20,n168,beach,location,1,False,False,,,False,False
84,old20,n169,Junya Matsubara,person,2,False,False,,,True,True
84,old20,n170,Tsukiko Iwakura,person,2,False,False,,,False,True
84,old20,n171,Fujiko Ōno,person,1,False,False,,,False,False
84,old20,n172,Higeki Higeki,person,1,False,False,,,False,False
84,old20,n173,Jiyakaku,location,0,False,False,,,False,False
84,old20,n174,K University,location,2,False,False,,,False,True
84,old20,n175,Club House,location,1,False,False,,,False,False
84,old20,n176,Jiyakaku training session,event,6,False,False,,,True,True
84,old20,n177,Shinji,person,7,False,False,,,True,True
84,old20,n178,Jijima,location,1,False,False,,,False,False
84,old20,n179,March 26th,time_anchor,1,False,False,,,False,False
84,old20,n180,six people on the island,person,2,False,False,,,True,True
84,old20,n181,weather forecast,clue_object,1,False,False,,,False,False
84,old20,n182,Shu Xu,person,3,False,False,,,False,True
84,old20,n183,Nakamura Jirō,person,0,False,False,,,False,False
84,old20,n185,Shima Island,location,1,False,False,,,False,False
84,old20,n186,Cape J,location,0,False,False,,,False,False
84,old20,n187,K * * University's mystery novel research club,person,1,False,False,,,False,False
84,old20,n188,Chienji,person,0,False,False,,,False,False
84,old20,n189,Kayu,person,1,False,False,,,False,False
84,old20,n190,Tenjoukan,location,2,False,False,,,True,True
84,old20,n191,glass bottle,clue_object,0,False,False,,,False,False
84,old20,n192,man on the embankment,person,1,False,False,,,False,False
84,old20,n195,Osizu,person,0,False,False,,,False,False
84,old20,n196,Ten-sided hall,location,0,False,False,,,False,False
84,old20,n197,Angle Island,location,0,False,False,,,False,False
84,old20,n198,East House,location,0,False,False,,,False,False
84,old20,n199,Island Serial Murders,event,2,False,False,,,True,True
84,old20,n200,East One,person,0,False,False,,,False,False
84,old20,n201,Nakamura Seiji,person,0,False,False,,,False,False
84,old20,n202,Angle Island (S Area),location,7,False,False,,,True,True
84,old20,n203,letter from Nakamura Seiji,clue_object,0,False,False,,,False,False
84,old20,n204,blue carpet,clue_object,1,False,False,,,False,False
84,old20,n205,desk,clue_object,1,False,False,,,False,False
84,old20,n206,wardrobe,clue_object,1,False,False,,,False,False
84,old20,n207,dressing mirror,clue_object,1,False,False,,,False,False
84,old20,n208,watch (on the pillow),clue_object,1,False,False,,,False,False
84,old20,n209,window (in Ozai's room),clue_object,0,False,False,,,False,False
84,old20,n210,Elliot Sloan,person,2,False,False,,,True,True
84,old20,n211,Karl,person,4,False,False,,,True,True
84,old20,n212,Guan,person,5,False,False,,,True,True
84,old20,n213,Kiyoshiro's wife,person,0,False,False,,,False,False
84,old20,n215,Atsushi Doi,person,0,False,False,,,False,False
84,old20,n216,Akiko Hosaka,person,1,False,False,,,False,False
84,old20,n217,Kenta,person,1,False,False,,,False,False
84,old20,n218,Chie,person,1,False,False,,,False,False
84,old20,n219,Jijou incident,event,0,False,False,,,False,False
84,old20,n220,decagonal hall,location,0,False,False,,,False,False
84,old20,n221,vanity,clue_object,1,False,False,,,False,False
84,old20,n222,Mirror,clue_object,1,False,False,,,False,False
84,old20,n223,Makeup bag,clue_object,2,False,False,,,False,True
84,old20,n224,Red lipstick,clue_object,1,True,False,2220,,False,False
84,old20,n225,Inspector,person,0,False,False,,,False,False
84,old20,n226,Nakamura Thousand Weave,person,1,False,False,,,False,False
84,old20,n227,New Year's party,event,12,False,False,,,True,True
84,old20,n228,lighthouse,location,1,False,False,,,False,False
84,old20,n229,kerosene lamp,clue_object,1,False,False,,,False,False
84,old20,n230,Kana,person,0,False,False,,,False,False
84,old20,n232,Keigo's parents and sister,person,0,False,False,,,False,False
84,old20,n233,Thousand Weave,clue_object,0,False,False,,,False,False
84,old20,n234,the ashtray,clue_object,0,False,False,,,False,False
84,old20,n235,the plate,clue_object,0,False,False,,,False,False
84,old20,n236,Elixir of life,clue_object,0,False,False,,,False,False
84,old20,n237,Elixir of death,clue_object,0,False,False,,,False,False
84,old20,n238,Bucket,clue_object,1,False,False,,,False,False
84,old20,n239,Rabbit,person,1,False,False,,,False,False
84,old20,n240,Moon god,person,1,False,False,,,False,False
84,old20,n241,Isle of Ten,location,1,False,False,,,False,False
84,old20,n242,Ten-Angled House,location,3,False,False,,,True,True
84,old20,n243,Snow-white walls,clue_object,1,False,False,,,False,False
84,old20,n244,Kizu,person,1,False,False,,,False,False
84,old20,n245,Takahashi Kei,person,8,False,False,,,True,True
84,old20,n246,narrow room,location,1,False,False,,,False,False
84,old20,n247,mailbox,location,1,False,False,,,False,False
84,old20,n248,friend's dorm,location,0,False,False,,,False,False
84,old20,n249,mahjong,clue_object,0,False,False,,,False,False
84,old20,n250,southern cross,person,4,False,False,,,True,True
84,old20,n251,club,location,2,False,False,,,True,True
84,old20,n252,two o'clock in the morning,time_anchor,0,False,False,,,False,False
84,old20,n253,Kojima Island,location,5,False,False,,,True,True
84,old20,n254,Yangtze River Province,person,1,False,False,,,False,False
84,old20,n255,Ishtar,person,2,False,False,,,False,True
84,old20,n256,Red Cross,person,1,False,False,,,False,False
84,old20,n257,Jiao Island,location,0,False,False,,,False,False
84,old20,n258,O City,location,3,False,False,,,True,True
84,old20,n259,Beppu,location,1,False,False,,,False,False
84,old20,n262,Mr. Tomonobu,person,1,False,False,,,False,False
84,old20,n263,Zhengzi,person,1,False,False,,,False,False
84,old20,n264,Kojima incident,event,1,False,False,,,False,False
84,old20,n265,Zhengzi's husband,person,0,False,False,,,False,False
84,old20,n266,Island Field,person,5,False,False,,,True,True
84,old20,n267,Jigawa Masao,person,0,False,False,,,False,False
84,old20,n268,Kiyohiro,person,1,False,False,,,False,False
84,old20,n269,Aka-chan,person,1,False,False,,,False,False
84,old20,n270,Jigawa Masao's wife,person,0,False,False,,,False,False
84,old20,n271,Mr. Aoki,person,0,False,False,,,False,False
84,old20,n272,Fujiko-san,person,0,False,False,,,False,False
84,old20,n274,Mr. Minamoto,person,0,False,False,,,False,False
84,old20,n275,Mr. Oda,person,1,False,False,,,False,False
84,old20,n276,Mr. Kogorou,person,1,False,False,,,False,False
84,old20,n277,Nakamura Sachiko,person,0,False,False,,,False,False
84,old20,n278,Jyoushi Masako,person,0,False,False,,,False,False
84,old20,n279,Lady Fukinomori,person,0,False,False,,,False,False
84,old20,n280,Nakamura Sachiko (2),person,0,False,False,,,False,False
84,old20,n281,Jyoushi,person,0,False,False,,,False,False
84,old20,n282,Kita,person,1,False,False,,,False,False
84,old20,n283,Shojo,person,1,False,False,,,False,False
84,old20,n284,Chiyo,person,0,False,False,,,False,False
84,old20,n285,Nakamura Hitoshi,person,0,False,False,,,False,False
84,old20,n286,Machiko,person,0,False,False,,,False,False
84,old20,n287,Kojima,location,0,False,False,,,False,False
84,old20,n288,Akira's house,location,0,False,False,,,False,False
84,old20,n289,smoke,clue_object,1,False,False,,,False,False
84,old20,n290,Ching,person,0,False,False,,,False,False
84,old20,n291,boatyard in the bay,location,0,False,False,,,False,False
84,old20,n292,Ozaki's room,location,1,False,False,,,False,False
84,old20,n293,window in Ozaki's room,clue_object,1,False,False,,,False,False
84,old20,n294,waves of his thoughts,clue_object,0,False,False,,,False,False
84,old20,n295,radio,clue_object,0,False,False,,,False,False
84,old20,n296,female DJ,clue_object,0,False,False,,,False,False
84,old20,n297,"Spring, Summer, Winter",clue_object,1,False,False,,,False,False
84,old20,n298,two five-meridians,clue_object,1,False,False,,,False,False
84,old20,n299,Jiji lighthouse,location,1,False,False,,,False,False
84,old20,n300,ten-gabled house,clue_object,1,False,False,,,False,False
84,old20,n302,footprints,clue_object,0,False,False,,,False,False
84,old20,n303,the stairs,location,0,False,False,,,False,False
84,old20,n304,boat,clue_object,0,False,False,,,False,False
84,old20,n305,the rocky area,location,0,False,False,,,False,False
84,old20,n306,Nakamura Seishirou,person,14,False,False,,,True,True
84,old20,n307,Le Rou's door,clue_object,1,False,False,,,False,False
84,old20,n308,plastic board,clue_object,1,False,False,,,False,False
84,old20,n309,plastic sheets,clue_object,1,False,False,,,False,False
84,old20,n310,Le Rou's room,location,2,False,False,,,True,True
84,old20,n311,kitchen window,clue_object,1,False,False,,,False,False
84,old20,n312,stone,clue_object,1,False,False,,,False,False
84,old20,n313,Fan Xiangqian,person,0,False,False,,,False,False
84,old20,n314,Kurokawa Chizu,person,5,False,False,,,True,True
84,old20,n315,Ellery and Fan Xiangqian,person,0,False,False,,,False,False
84,old20,n316,Kurokawa Kyousuke,person,1,False,False,,,False,False
84,old20,n317,Nakamura Seno,person,4,False,False,,,True,True
84,old20,n318,rotting corpse,clue_object,0,False,False,,,False,False
84,old20,n319,ground,location,0,False,False,,,False,False
84,old20,n320,house,location,3,False,False,,,True,True
84,old20,n321,stars,clue_object,1,False,False,,,False,False
84,old20,n322,creature,person,0,False,False,,,False,False
84,old20,n323,Guard,person,3,False,False,,,True,True
84,old20,n325,Osiz,person,2,False,False,,,True,True
84,old20,n326,Kon,person,2,False,False,,,True,True
84,old20,n327,universal key,clue_object,0,False,False,,,False,False
84,old20,n328,rope,clue_object,0,False,False,,,False,False
84,old20,n329,Mount Kusayanagi,location,0,False,False,,,False,False
84,old20,n330,Ningenin,location,0,False,False,,,False,False
84,old20,n331,Shou Xue,person,0,False,False,,,False,False
84,old20,n332,Utsunomiya district,location,1,False,False,,,False,False
84,old20,n333,Ningenin Highlands,location,2,False,False,,,False,False
84,old20,n334,three o'clock,time_anchor,1,False,False,,,False,False
84,old20,n335,night owl,person,1,False,False,,,False,False
84,old20,n336,Leroux's murder,event,0,False,False,,,False,False
84,old20,n337,Anthony Hopkins,person,0,False,False,,,False,False
84,old20,n338,ordinary envelope,clue_object,0,False,False,,,False,False
84,old20,n339,B5-sized high-quality paper,clue_object,0,False,False,,,False,False
84,old20,n340,Chiyou,person,0,False,False,,,False,False
84,old20,n341,Mr. Shimada,person,0,False,False,,,False,False
84,old20,n342,Mrs. Ando,person,0,False,False,,,False,False
84,old20,n343,the knife,clue_object,1,False,False,,,False,False
84,old20,n344,cyanide,clue_object,0,False,False,,,False,False
84,old20,n346,the strange cup,clue_object,1,False,False,,,False,False
84,old20,n347,Kōchi,person,1,False,False,,,False,False
84,old20,n348,Ishida,person,1,False,False,,,False,False
84,old20,n349,Biefu Bay,location,1,False,False,,,False,False
84,old20,n350,National Highway Line 10,location,1,False,False,,,False,False
84,old20,n351,shop,location,3,False,False,,,False,True
84,old20,n352,Red-Tsukushi,person,0,False,False,,,False,False
84,old20,n353,Kuro Island,location,0,False,False,,,False,False
84,old20,n354,Jigokudani incident,event,0,False,False,,,False,False
84,old20,n355,Seiichi,person,0,False,False,,,False,False
84,old20,n356,Shinkyoin,location,0,False,False,,,False,False
84,old20,n357,Kichijiro Yoshikawa,person,0,False,False,,,False,False
84,old20,n358,Shinkyoin (Kuro Island),location,0,False,False,,,False,False
84,old20,n360,Yoshizawa Masao,person,0,False,False,,,False,False
84,old20,n361,Yae Nakamura,person,0,False,False,,,False,False
84,old20,n362,North Village bedroom,location,0,False,False,,,False,False
84,old20,n363,axe,clue_object,0,False,False,,,False,False
84,old20,n364,lamp oil,clue_object,0,False,False,,,False,False
84,old20,n365,motorboat in the bay,clue_object,1,False,False,,,False,False
84,old20,n366,September 19th,time_anchor,0,False,False,,,False,False
84,old20,n367,fire,event,0,False,False,,,False,False
84,old20,n368,Middle Village,location,1,False,False,,,False,False
84,old20,n369,Kichijiro,person,3,False,False,,,False,False
84,old20,n370,Ryoan,person,1,False,False,,,False,False
84,old20,n371,New Year's gathering,event,1,False,False,,,False,False
84,old20,n372,Mystery Novel Research Society,location,1,False,False,,,False,False
84,old20,n373,River,person,1,False,False,,,False,False
84,old20,n374,Sora,person,0,False,False,,,False,False
84,old20,n376,Detective Fiction Club,location,1,False,False,,,False,False
84,old20,n378,Nakamura Jiro,person,0,False,False,,,False,False
84,old20,n379,Shuuze,person,0,False,False,,,False,False
84,old20,n380,Yamanaka Yukihiro,person,1,False,False,,,False,False
84,old20,n381,Suzuki Shotaro,person,1,False,False,,,False,False
84,old20,n382,Makiba Jun,person,1,False,False,,,False,False
84,old20,n383,Iwaki Noah,person,1,False,False,,,False,False
84,old20,n384,Onizuka Yumi,person,1,False,False,,,False,False
84,old20,n385,Higashiichi,person,1,False,False,,,False,False
84,old20,n386,Ono,person,1,False,False,,,False,False
84,old20,n387,Takaishi,person,1,False,False,,,False,False
84,old20,n388,Shanzaki,person,1,False,False,,,False,False
84,old20,n390,Kudo,person,2,False,False,,,False,False
84,old20,n391,Karu,person,1,False,False,,,False,False
84,old20,n392,Ozawa,person,1,False,False,,,False,False
84,old20,n393,Kurosu,person,1,False,False,,,False,False
84,old20,n394,Basement of the Blue House,clue_object,1,False,False,,,False,False
84,old20,n396,plastic panels,clue_object,0,False,False,,,False,False
84,old20,n397,window,clue_object,0,False,False,,,False,False
84,old20,n398,door,clue_object,2,False,False,,,False,True
84,old20,n399,plastic panels (second mention),clue_object,1,False,False,,,False,False
84,old20,n400,Detective Ito Jie,person,1,False,False,,,False,False
84,old20,n401,Kou Kou Yang,person,1,False,False,,,False,False
84,old20,n402,activity room,location,2,False,False,,,False,False
84,old20,n403,Mystery Novel Research Club,location,0,False,False,,,False,False
84,old20,n404,Gu Xu,person,0,False,False,,,False,False
84,old20,n406,Kitaoka,person,1,False,False,,,False,False
84,old20,n407,Kudou,person,1,False,False,,,False,False
84,old20,n408,cyanide potassium,clue_object,0,False,False,,,False,False
84,old20,n409,arsenic acid,clue_object,0,False,False,,,False,False
84,old20,n410,chemistry lab,location,1,False,False,,,False,False
84,old20,n411,kitchen counter,location,1,False,False,,,False,False
84,old20,n412,bedroom window,location,2,False,False,,,False,True
84,old20,n413,lawn,location,1,False,False,,,False,False
84,old20,n414,Le Roux,person,0,False,False,,,False,False
84,old20,n415,Ely,person,1,False,False,,,False,False
84,old20,n416,Jida,person,0,False,False,,,False,False
84,old20,n417,Kumano,person,1,False,False,,,False,False
84,old20,n418,Tengoro Pavilion,location,1,False,False,,,False,False
84,old20,n420,Motorboat,clue_object,0,False,False,,,False,False
84,old20,n421,Pier,location,0,False,False,,,False,False
84,old20,n422,Shipyard,location,0,False,False,,,False,False
84,old20,n423,Agatha's Body,clue_object,0,False,False,,,False,False
84,old20,n424,Guan's knife,clue_object,3,False,False,,,True,True
84,old20,n425,Housuke,person,3,False,False,,,True,True
84,old20,n426,Matsuo,person,2,False,False,,,True,True
84,old20,n427,Kusaka,person,2,False,False,,,True,True
84,old20,n428,Qing Si,person,0,False,False,,,False,False
84,old20,n429,Guo,person,1,False,False,,,False,False
84,old20,n430,Dark passage,location,2,False,False,,,False,True
84,old20,n431,Wakazuki,person,0,False,False,,,False,False
84,old20,n432,Ellery's room,location,1,False,False,,,False,False
84,old20,n433,Guanxiu,person,0,False,False,,,False,False
84,old20,n434,oil can,clue_object,0,False,False,,,False,False
84,old20,n435,blood-stained clothes,clue_object,0,False,False,,,False,False
84,old20,n436,poison,clue_object,0,False,False,,,False,False
84,old20,n437,daggers,clue_object,0,False,False,,,False,False
84,old20,n438,lighter,clue_object,0,False,False,,,False,False
84,old20,n439,plastic bucket,clue_object,0,False,False,,,False,False
84,old20,n440,hall,location,0,False,False,,,False,False
84,old20,n441,light rain,clue_object,1,False,False,,,False,False
84,old20,n442,Oswald,person,1,False,False,,,False,False
84,old20,n443,Le Roux (Detective Club),location,0,False,False,,,False,False
84,old20,n444,Dead Island (magazine),clue_object,0,False,False,,,False,False
84,old20,n445,Cigarette case,clue_object,1,False,False,,,False,False
84,old20,n446,Cigarette lighter,clue_object,1,False,False,,,False,False
84,old20,n447,Sparrow brand cigarette,clue_object,1,False,False,,,False,False
84,old20,n448,Mint-flavored cigarette,clue_object,1,False,False,,,False,False
84,old20,n449,Oswitz,person,0,False,False,,,False,False
84,old20,n450,Van's uncle,person,0,False,False,,,False,False
84,old20,n451,Rahn,person,0,False,False,,,False,False
84,old20,n452,prepared lunch,clue_object,1,False,False,,,False,False
84,old20,n453,young and promising individuals,person,3,False,False,,,False,False
84,old20,n454,alumni,person,1,False,False,,,False,False
84,old20,n455,Research Society,location,2,False,False,,,False,False
84,old20,n456,nicknames from famous European writers,clue_object,1,False,False,,,False,False
84,old20,n457,method of selecting an heir,event,1,False,False,,,False,False
84,old20,n458,society magazine,clue_object,1,False,False,,,False,False
87,old20,n1,She,person,4,False,False,,,True,True
87,old20,n2,room,location,14,False,False,,,True,True
87,old20,n3,display screen,clue_object,7,False,False,,,True,True
87,old20,n4,camera,clue_object,0,False,False,,,False,False
87,old20,n5,handbag,clue_object,1,False,False,,,False,False
87,old20,n6,laptop,clue_object,0,False,False,,,False,False
87,old20,n7,man,person,2,False,False,,,True,True
87,old20,n8,woman in white clothes,person,1,False,False,,,False,False
87,old20,n9,Akane,person,8,False,False,,,True,True
87,old20,n10,Dr. Nishinoura Kenpaku,person,0,False,False,,,False,False
87,old20,n11,Hongbo,location,1,False,False,,,False,False
87,old20,n12,Dr. Nishizono,person,0,False,False,,,False,False
87,old20,n13,Hosaka Kikyo,person,0,False,False,,,False,False
87,old20,n14,parents,location,0,False,False,,,False,False
87,old20,n15,accident,clue_object,0,False,False,,,False,False
87,old20,n16,weapon,clue_object,0,False,False,,,False,False
87,old20,n17,doll,clue_object,2,False,False,,,False,True
87,old20,n18,Miss Nishizono,person,2,False,False,,,False,True
87,old20,n19,Mr. Sugita,person,1,False,False,,,False,False
87,old20,n20,Professor Kamikawa,person,4,False,False,,,True,True
87,old20,n21,virtual reality,event,0,False,False,,,False,False
87,old20,n22,Professor Sugawara,person,22,True,False,1638;1953,,True,True
87,old20,n23,Momo,person,18,False,False,,,True,True
87,old20,n24,West Garden Moe-draw,location,0,False,False,,,False,False
87,old20,n25,playing cards,clue_object,1,False,False,,,False,False
87,old20,n26,Sasaki,person,3,False,False,,,False,True
87,old20,n27,Professor Shimizu,person,1,False,False,,,False,False
87,old20,n28,Miss Nishiyama,person,4,False,False,,,True,True
87,old20,n29,Professor Chengping,person,0,False,False,,,False,False
87,old20,n30,Sasaki's parents,person,0,False,False,,,False,False
87,old20,n31,the airport,location,2,False,False,,,True,True
87,old20,n32,the teaching building,location,1,False,False,,,False,False
87,old20,n33,research building,location,1,False,False,,,False,False
87,old20,n34,His room,location,0,False,False,,,False,False
87,old20,n35,Urabe,person,1,False,False,,,False,False
87,old20,n36,Kisshiki's room,location,11,False,False,,,False,False
87,old20,n37,cold cup of coffee,clue_object,1,False,False,,,False,False
87,old20,n38,head of an old IBM typewriter,clue_object,1,False,False,,,False,False
87,old20,n39,Chinese clay figurines,clue_object,1,False,False,,,False,False
87,old20,n40,Kyoro-shaped chocolate balls (a character from a Japanese anime),clue_object,1,False,False,,,False,False
87,old20,n41,antique ammeter,clue_object,1,False,False,,,False,False
87,old20,n42,twin-lens reflex camera,clue_object,1,False,False,,,False,False
87,old20,n43,Yitong Seijin,person,1,False,False,,,False,False
87,old20,n44,Yichi and Shenzhu,person,0,False,False,,,False,False
87,old20,n45,Ménghuì,person,1,False,False,,,False,False
87,old20,n46,Xīchuān's coffee cup,clue_object,1,False,False,,,False,False
87,old20,n47,Noguchi,person,3,False,False,,,False,False
87,old20,n48,Yoshiko,person,3,False,False,,,True,True
87,old20,n49,graduate student room on the third floor,location,1,False,False,,,False,False
87,old20,n50,Miyuki,person,16,False,False,,,True,True
87,old20,n51,floppy disks,clue_object,0,False,False,,,False,False
87,old20,n52,Jaguar,location,1,False,False,,,False,False
87,old20,n53,Xuzhou,location,1,False,False,,,False,False
87,old20,n54,West Garden's house,location,10,False,False,,,True,True
87,old20,n55,Jaguar sedan,clue_object,2,False,False,,,False,True
87,old20,n56,bright red 4000CC sports car,clue_object,0,False,False,,,False,False
87,old20,n57,white-haired elderly man with white gloves,person,0,False,False,,,False,False
87,old20,n58,Takakura,person,1,False,False,,,False,False
87,old20,n59,large pink sunglasses,clue_object,0,False,False,,,False,False
87,old20,n60,white sailor pants,clue_object,0,False,False,,,False,False
87,old20,n61,striped white and beige T-shirt,clue_object,0,False,False,,,False,False
87,old20,n62,large pink umbrella,clue_object,0,False,False,,,False,False
87,old20,n63,two large refrigerators,clue_object,0,False,False,,,False,False
87,old20,n64,beer,clue_object,0,False,False,,,False,False
87,old20,n65,ice cream,clue_object,1,False,False,,,False,False
87,old20,n66,Sukigawa,person,0,False,False,,,False,False
87,old20,n67,Kunieda,person,0,False,False,,,False,False
87,old20,n68,Xucun,person,11,False,False,,,True,True
87,old20,n69,Yamane Yashin,person,0,False,False,,,False,False
87,old20,n70,Shigemura-san,person,1,False,False,,,False,False
87,old20,n71,Research Institute,location,36,True,False,1341,,True,True
87,old20,n72,Campsite,location,12,False,False,,,True,True
87,old20,n73,Island,location,5,False,False,,,True,True
87,old20,n75,Komiya,person,2,False,False,,,False,False
87,old20,n76,this place,location,1,False,False,,,False,False
87,old20,n77,elevator,clue_object,2,False,False,,,False,False
87,old20,n78,director's office,location,0,False,False,,,False,False
87,old20,n79,Ms. Akagi,person,1,False,False,,,False,False
87,old20,n80,television,clue_object,0,False,False,,,False,False
87,old20,n81,small room,location,0,False,False,,,False,False
87,old20,n82,Wang Yue,person,2,False,False,,,False,False
87,old20,n83,chief,person,1,True,False,162,,False,False
87,old20,n84,Mountain root,person,4,False,False,,,True,True
87,old20,n85,cool air from the air conditioner,clue_object,0,False,False,,,False,False
87,old20,n86,visiting woman,person,1,False,False,,,False,False
87,old20,n87,sister she had seen a month ago,person,1,False,False,,,False,False
87,old20,n88,elevator down to the second floor,clue_object,0,False,False,,,False,False
87,old20,n89,graceful middle-aged woman,person,0,False,False,,,False,False
87,old20,n90,Koyama-san,person,0,False,False,,,False,False
87,old20,n91,body wrapped in a sheet,clue_object,0,False,False,,,False,False
87,old20,n92,Ms. Shimada,person,0,False,False,,,False,False
87,old20,n93,Professor Kumagai,person,1,False,False,,,False,False
87,old20,n94,Mr. Mizuguchi,person,0,False,False,,,False,False
87,old20,n95,Dr. Kawaguchi,person,4,False,False,,,True,True
87,old20,n96,Itoh Fujiko,person,2,False,False,,,False,True
87,old20,n98,Dr. Gong,person,1,False,False,,,False,False
87,old20,n99,Xizhi Yuan,person,1,False,False,,,False,False
87,old20,n100,Shang Shu,person,1,False,False,,,False,False
87,old20,n101,Xie Chuan,person,1,False,False,,,False,False
87,old20,n102,Changelo,person,1,False,False,,,False,False
87,old20,n103,Momiji,person,17,False,False,,,True,True
87,old20,n104,Aragaki doctor,person,2,False,False,,,False,True
87,old20,n105,His wife,person,0,False,False,,,False,False
87,old20,n106,The body covered with a sheet,clue_object,0,False,False,,,False,False
87,old20,n107,The adjacent room,location,0,False,False,,,False,False
87,old20,n108,The hallway,location,0,False,False,,,False,False
87,old20,n109,The helicopter,clue_object,7,False,False,,,True,True
87,old20,n110,The roof of the building,location,0,False,False,,,False,False
87,old20,n111,The underground second floor,location,0,False,False,,,False,False
87,old20,n112,The adjacent room (2),location,0,False,False,,,False,False
87,old20,n113,The helicopter's cockpit,clue_object,0,False,False,,,False,False
87,old20,n114,Kimihiko-san,person,1,False,False,,,False,False
87,old20,n115,Higashiyama-san,person,1,False,False,,,False,False
87,old20,n116,Isoda-san,person,0,False,False,,,False,False
87,old20,n117,Dr. Arimura,person,1,False,False,,,False,False
87,old20,n118,Ishta,person,4,False,False,,,False,True
87,old20,n119,Yoshikawa,person,1,False,False,,,False,False
87,old20,n120,Nagumo,person,1,False,False,,,False,False
87,old20,n121,Shimizu,person,18,False,False,,,True,True
87,old20,n122,Okay,person,0,False,False,,,False,False
87,old20,n123,Wakayama,person,1,False,False,,,False,False
87,old20,n124,Shank,person,0,False,False,,,False,False
87,old20,n125,Wakatsuki,person,2,False,False,,,True,True
87,old20,n126,Kumazawa,person,0,False,False,,,False,False
87,old20,n127,Shigemura,person,0,False,False,,,False,False
87,old20,n128,Inoue,person,0,False,False,,,False,False
87,old20,n129,Mrs. Muroi,person,0,False,False,,,False,False
87,old20,n130,Dr. Bow Tsung,person,0,False,False,,,False,False
87,old20,n131,Onizuka,person,1,False,False,,,False,False
87,old20,n132,Isoda Fujiko,person,3,False,False,,,False,True
87,old20,n133,Miss Akita's room,location,0,False,False,,,False,False
87,old20,n134,Dr. Yamauchi,person,1,False,False,,,False,False
87,old20,n135,Saito,person,8,False,False,,,True,True
87,old20,n136,Wakamatsu,person,1,False,False,,,False,False
87,old20,n137,Deborah,person,4,False,False,,,True,True
87,old20,n138,Kurahashi,person,0,False,False,,,False,False
87,old20,n139,aluminum door,clue_object,22,False,False,,,True,True
87,old20,n140,wooden door,clue_object,1,False,False,,,False,False
87,old20,n141,living room,location,0,False,False,,,False,False
87,old20,n142,secret residence,location,0,False,False,,,False,False
87,old20,n143,Mounta,person,3,False,False,,,True,True
87,old20,n144,Doctor Komura,person,1,False,False,,,False,False
87,old20,n145,Akari,person,3,False,False,,,True,True
87,old20,n146,Doctor Kubodera,person,0,False,False,,,False,False
87,old20,n147,Dr. Arakida,person,1,False,False,,,False,False
87,old20,n148,The door,clue_object,4,False,False,,,True,True
87,old20,n149,Vanity,clue_object,0,False,False,,,False,False
87,old20,n150,Washing machine with a dryer,clue_object,0,False,False,,,False,False
87,old20,n151,Small storage room,clue_object,0,False,False,,,False,False
87,old20,n152,Keyhole,clue_object,0,False,False,,,False,False
87,old20,n153,Handkerchief,clue_object,0,False,False,,,False,False
87,old20,n154,Door handle,clue_object,0,False,False,,,False,False
87,old20,n155,Voice,clue_object,1,False,False,,,False,False
87,old20,n156,Metallic clanging sound,clue_object,1,False,False,,,False,False
87,old20,n157,Dr. Makoto,person,15,True,False,162,,True,True
87,old20,n158,Dr. Zhēn Hùní,person,3,False,False,,,True,True
87,old20,n159,Miss Zhēn Hùní,person,3,False,False,,,True,True
87,old20,n160,Mr. Yamanaka,person,35,False,False,,,True,True
87,old20,n161,Mrs. Kamishiro,person,2,False,False,,,True,True
87,old20,n162,Mrs. Arisu,person,3,False,False,,,True,True
87,old20,n163,Aoi,person,3,False,False,,,True,True
87,old20,n164,ro,person,7,False,False,,,True,True
87,old20,n165,the roof,location,7,True,False,1431,,True,True
87,old20,n166,bathroom,location,5,False,False,,,True,True
87,old20,n167,Mount Fuji,person,7,False,False,,,True,True
87,old20,n168,Moriguchi,person,1,False,False,,,False,False
87,old20,n169,Edogawa,person,3,False,False,,,True,True
87,old20,n170,Okita,person,1,False,False,,,False,False
87,old20,n171,students here,person,6,False,False,,,True,True
87,old20,n172,Mount Fuji's room,location,1,False,False,,,False,False
87,old20,n173,ashtray,clue_object,0,False,False,,,False,False
87,old20,n174,Celebrity - Tolk,location,0,False,False,,,False,False
87,old20,n175,Xianchuan,person,4,False,False,,,False,True
87,old20,n176,Menghui,person,5,False,False,,,True,True
87,old20,n177,Dr. Trueharada,person,0,False,False,,,False,False
87,old20,n178,Dr. Shiki,person,2,False,False,,,False,False
87,old20,n179,Miao Hui,person,0,False,False,,,False,False
87,old20,n180,Dr. Arakita,person,0,False,False,,,False,False
87,old20,n181,Dr. Yokoyama,person,0,False,False,,,False,False
87,old20,n182,Newt Director,clue_object,0,False,False,,,False,False
87,old20,n183,Dr. Trueharada's room,location,0,False,False,,,False,False
87,old20,n184,robot,clue_object,4,False,False,,,True,True
87,old20,n185,Chinese acrobats,person,2,False,False,,,False,True
87,old20,n186,Dr. Akagi's corpse,clue_object,1,False,False,,,False,False
87,old20,n187,Nishiyama,person,4,False,False,,,True,True
87,old20,n188,Nishizawa-san,person,0,False,False,,,False,False
87,old20,n189,Kunihara,person,0,False,False,,,False,False
87,old20,n190,Xizhiyuan,person,1,False,False,,,False,False
87,old20,n191,boat,clue_object,3,False,False,,,True,True
87,old20,n193,Bin Zhong,person,0,False,False,,,False,False
87,old20,n194,Xiao Chen,person,0,False,False,,,False,False
87,old20,n196,Sugata Director,person,0,False,False,,,False,False
87,old20,n197,Kagetomi,person,0,False,False,,,False,False
87,old20,n198,B2,clue_object,0,False,False,,,False,False
87,old20,n199,Ishida Fujiko,person,2,False,False,,,False,False
87,old20,n200,Nagahara,person,4,False,False,,,True,True
87,old20,n201,Doctor Kurahashi,person,1,False,False,,,False,False
87,old20,n202,Itou Fujiko,person,2,False,False,,,True,True
87,old20,n203,elevator's digital display,clue_object,4,False,False,,,True,True
87,old20,n204,"R, roof",location,1,False,False,,,False,False
87,old20,n205,corridor,location,11,False,False,,,True,True
87,old20,n206,VTR footage,clue_object,4,False,False,,,True,True
87,old20,n207,album,clue_object,1,False,False,,,False,False
87,old20,n208,encyclopedia,clue_object,0,False,False,,,False,False
87,old20,n209,volumes 16 and 17,clue_object,0,False,False,,,False,False
87,old20,n210,Mr. Wakayama and Mr. Nagahara's room,location,0,False,False,,,False,False
87,old20,n211,Mr. Mizutani's room,location,0,False,False,,,False,False
87,old20,n212,Kagawa-san's room,location,0,False,False,,,False,False
87,old20,n213,Mr. Mizutani's room (Miyuki's direction),location,0,False,False,,,False,False
87,old20,n214,files,clue_object,1,False,False,,,False,False
87,old20,n215,box,clue_object,1,False,False,,,False,False
87,old20,n216,black sheet,clue_object,0,False,False,,,False,False
87,old20,n217,Moe,person,6,False,False,,,True,True
87,old20,n218,Miyata Fujiko,person,0,False,False,,,False,False
87,old20,n219,incident,event,0,False,False,,,False,False
87,old20,n220,trial,event,0,False,False,,,False,False
87,old20,n221,Dr. Akagi's room,location,2,False,False,,,False,False
87,old20,n222,Mizuno,person,0,False,False,,,False,False
87,old20,n223,Red Magic,clue_object,16,False,False,,,True,True
87,old20,n224,Dr. Shigeta's data,evidence_sentence,0,False,False,,,False,False
87,old20,n225,Red Magic (third version),clue_object,0,False,False,,,False,False
87,old20,n226,Red Magic (fourth version),clue_object,0,False,False,,,False,False
87,old20,n227,Mai,person,4,False,False,,,True,True
87,old20,n228,blue small car,clue_object,0,False,False,,,False,False
87,old20,n229,intersection,location,0,False,False,,,False,False
87,old20,n230,signs on the road,clue_object,0,False,False,,,False,False
87,old20,n231,pedestrians,person,0,False,False,,,False,False
87,old20,n232,Moe Painting,clue_object,0,False,False,,,False,False
87,old20,n233,yellow button,clue_object,0,False,False,,,False,False
87,old20,n234,Takanaka,person,1,False,False,,,False,False
87,old20,n236,Mizuki,person,5,False,False,,,True,True
87,old20,n237,whiteboard,clue_object,1,False,False,,,False,False
87,old20,n238,car,clue_object,2,False,False,,,False,False
87,old20,n239,clouds,location,0,False,False,,,False,False
87,old20,n240,woman,person,4,False,False,,,True,True
87,old20,n241,Dr. True Arata Nanae,person,0,False,False,,,False,False
87,old20,n242,Ms. Nishiyama,person,5,False,False,,,True,True
87,old20,n243,Mr. Kamisato,person,0,False,False,,,False,False
87,old20,n244,Mr. Sugawara,person,1,False,False,,,False,False
87,old20,n245,Ms. Nishikawa,person,2,False,False,,,True,False
87,old20,n246,Yuzu,person,0,False,False,,,False,False
87,old20,n247,Mio,person,1,False,False,,,False,False
87,old20,n248,Dr. Akagi,person,6,False,False,,,True,True
87,old20,n249,the dress,clue_object,0,False,False,,,False,False
87,old20,n250,Mr. Nishikawa's glasses,clue_object,0,False,False,,,False,False
87,old20,n251,Itō Fujiko,person,0,False,False,,,False,False
87,old20,n252,Mèi Hùn,person,0,False,False,,,False,False
87,old20,n253,Kusaka,person,8,False,False,,,True,True
87,old20,n254,Shushu,person,0,False,False,,,False,False
87,old20,n255,Deborah Management System,clue_object,1,False,False,,,False,False
87,old20,n256,Dr. Akutagawa,person,9,True,True,2332;3695,3695,True,True
87,old20,n257,Sekigawa-sensei,person,0,False,False,,,False,False
87,old20,n258,Itoh,person,2,False,False,,,True,True
87,old20,n259,Momozu,person,0,False,False,,,False,False
87,old20,n260,Shikawa,person,2,False,False,,,True,True
87,old20,n261,Arima Fujiko,person,0,False,False,,,False,False
87,old20,n262,Ms. Shiki,person,0,False,False,,,False,False
87,old20,n263,Dr. Kurahara,person,5,False,False,,,False,False
87,old20,n264,Mrs. Aragaki,person,1,False,False,,,False,False
87,old20,n265,Mr. Sekiya,person,1,False,False,,,False,False
87,old20,n266,The director,person,5,False,False,,,True,True
87,old20,n267,Mrs. Aragaki (director's wife),person,2,False,False,,,False,False
87,old20,n268,The examination room,location,2,False,False,,,False,False
87,old20,n269,Dr. Bowen,person,1,False,False,,,False,False
87,old20,n270,Dr. Arakawa,person,1,False,False,,,False,False
87,old20,n271,Mr. Kamizono Itsuwa,person,2,False,False,,,False,False
87,old20,n272,Ms. Sasaki Natsumi,person,1,False,False,,,False,False
87,old20,n273,Mrs. Arakawa (director's wife),person,1,False,False,,,False,False
87,old20,n274,Dr. Akita,person,2,False,False,,,False,False
87,old20,n275,New Vine's wife,person,5,False,False,,,True,True
87,old20,n276,Oyama,person,0,False,False,,,False,False
87,old20,n277,Kowada,person,0,False,False,,,False,False
87,old20,n278,Kamuro,person,0,False,False,,,False,False
87,old20,n279,Shuikawa,person,0,False,False,,,False,False
87,old20,n280,New Vineyard's wife,person,0,False,False,,,False,False
87,old20,n281,Kowada-san,person,0,False,False,,,False,False
87,old20,n282,Ottle,clue_object,0,False,False,,,False,False
87,old20,n283,transparent bottle,clue_object,0,False,False,,,False,False
87,old20,n284,Dr. Akutagawa's room,location,0,False,False,,,False,False
87,old20,n285,MICHIRU robot,clue_object,3,False,False,,,True,True
87,old20,n286,Kusaka teacher,person,1,False,False,,,False,False
87,old20,n287,Bow Long,person,1,False,False,,,False,False
87,old20,n288,MICHIRU,clue_object,7,True,True,3613,3613,True,True
87,old20,n289,Professor Kyo,person,1,False,False,,,False,False
87,old20,n290,Dr. Makoto Higashida,person,1,False,False,,,False,False
87,old20,n292,New Vine Chief,person,0,False,False,,,False,False
87,old20,n293,Honjou,person,4,False,False,,,True,True
87,old20,n295,Kurosu,person,6,False,False,,,True,True
87,old20,n296,Sugita,person,0,False,False,,,False,False
87,old20,n297,Hasegawa,person,0,False,False,,,False,False
87,old20,n298,list,clue_object,1,False,False,,,False,False
87,old20,n299,cigarette,clue_object,1,False,False,,,False,False
87,old20,n300,wire fence,location,1,False,False,,,False,False
87,old20,n301,garbage,clue_object,2,False,False,,,True,True
87,old20,n302,Matsuriga,person,0,False,False,,,False,False
87,old20,n303,Nakajima,person,4,False,False,,,True,True
87,old20,n304,Oozora,person,0,False,False,,,False,False
87,old20,n305,terminal devices,clue_object,0,False,False,,,False,False
87,old20,n306,Xichuan,person,5,False,False,,,True,True
87,old20,n307,Shusaku,person,4,False,False,,,True,True
87,old20,n308,Trojan horse program,clue_object,0,False,False,,,False,False
87,old20,n309,electric stove,clue_object,1,False,False,,,False,False
87,old20,n310,refrigerator,clue_object,1,False,False,,,False,False
87,old20,n311,flat-bottomed frying pan,clue_object,0,False,False,,,False,False
87,old20,n312,oil,clue_object,1,False,False,,,False,False
87,old20,n313,seasonings,clue_object,0,False,False,,,False,False
87,old20,n314,bacon,clue_object,1,False,False,,,False,False
87,old20,n315,bread,clue_object,1,False,False,,,False,False
87,old20,n316,oven,clue_object,0,False,False,,,False,False
87,old20,n317,plates,clue_object,1,False,False,,,False,False
87,old20,n318,dish rack,clue_object,0,False,False,,,False,False
87,old20,n319,uniformed police officers,person,11,False,False,,,True,True
87,old20,n320,Yuri,person,2,False,False,,,True,True
87,old20,n321,Ito Fujiko,person,3,False,False,,,True,True
87,old20,n322,Detective Shimizu,person,10,False,False,,,True,True
87,old20,n323,Nagatani,person,4,False,False,,,True,False
87,old20,n324,Detective Nagatani's electronic clock,clue_object,0,False,False,,,False,False
87,old20,n325,Shikawa's watch,clue_object,0,False,False,,,False,False
87,old20,n326,girl,person,1,False,False,,,False,False
87,old20,n327,Chu Chuan,person,0,False,False,,,False,False
87,old20,n328,Bongdong,person,0,False,False,,,False,False
87,old20,n329,network,clue_object,3,False,False,,,True,True
87,old20,n330,guard room,location,1,False,False,,,False,False
87,old20,n331,Xizhi,person,1,False,False,,,False,False
87,old20,n332,Detective Nakamura,person,0,False,False,,,False,False
87,old20,n333,West Park,person,0,False,False,,,False,False
87,old20,n334,Shirogane-san,person,0,False,False,,,False,False
87,old20,n335,Shirogane,person,1,False,False,,,False,False
87,old20,n336,Shuzhuang,person,3,False,False,,,True,True
87,old20,n337,Department head,person,1,False,False,,,False,False
87,old20,n338,Yishong Shizuka,person,1,False,False,,,False,False
87,old20,n339,Xuechuan,person,1,False,False,,,False,False
87,old20,n340,Isogai-san,person,1,False,False,,,False,False
87,old20,n341,Red Magic source code,clue_object,0,False,False,,,False,False
87,old20,n342,Itou,person,0,False,False,,,False,False
87,old20,n343,Tsukamoto,person,0,False,False,,,False,False
87,old20,n344,Mizutani-san,person,0,False,False,,,False,False
87,old20,n345,channel selection by phone routine,clue_object,0,False,False,,,False,False
87,old20,n346,House number,clue_object,1,False,False,,,False,False
87,old20,n347,Sandglass,clue_object,0,False,False,,,False,False
87,old20,n348,256 times 256,clue_object,0,False,False,,,False,False
87,old20,n349,65536,clue_object,0,False,False,,,False,False
87,old20,n350,Oisho,person,0,False,False,,,False,False
87,old20,n351,Kishibe,person,1,False,False,,,False,False
87,old20,n352,Nishimura,person,1,False,False,,,False,False
87,old20,n353,Shibukawa,person,0,False,False,,,False,False
87,old20,n354,Yoshitomi,person,0,False,False,,,False,False
87,old20,n355,Ito-san,person,0,False,False,,,False,False
87,old20,n356,Xucun teacher,person,1,False,False,,,False,False
87,old20,n357,Miss Jian Tianwen,person,1,False,False,,,False,False
87,old20,n358,Shu Chen,person,1,False,False,,,False,False
87,old20,n359,Mei Hui,person,1,False,False,,,False,False
87,old20,n360,Dojo,person,0,False,False,,,False,False
87,old20,n361,Shuzo,person,1,False,False,,,False,False
87,old20,n362,Kouhei,person,1,False,False,,,False,False
87,old20,n363,Kangyong,person,0,False,False,,,False,False
87,old20,n364,Xiangchuan,person,2,False,False,,,False,False
87,old20,n365,Momotaro,person,0,False,False,,,False,False
87,old20,n366,Shibuki,person,0,False,False,,,False,False
87,old20,n367,Research facility,location,1,False,False,,,False,False
87,old20,n368,Square,location,0,False,False,,,False,False
87,old20,n369,Mizukami,person,1,False,False,,,False,False
87,old20,n370,Kugayama,person,1,False,False,,,False,False
87,old20,n371,Shinobu Yukihiro,person,1,False,False,,,False,False
87,old20,n372,Momozono,person,1,False,False,,,False,False
87,old20,n373,Nagahata,person,1,False,False,,,False,False
87,old20,n374,Xuchuan,person,2,False,False,,,True,True
87,old20,n375,Mr. Shuigǔ,person,1,False,False,,,False,False
87,old20,n376,Doctor Kugaya,person,1,False,False,,,False,False
87,old20,n377,Akita Shikiri,person,0,False,False,,,False,False
87,old20,n378,Aoyama Yuki,person,1,False,False,,,False,False
87,old20,n379,Shinobu-san,person,10,False,False,,,True,True
87,old20,n380,Aunt,person,1,False,False,,,False,False
87,old20,n381,Shikishima,person,3,False,False,,,False,True
87,old20,n382,Dr. Shigetsuki,person,1,False,False,,,False,False
87,old20,n383,Suguro teacher,person,2,False,False,,,False,False
87,old20,n384,Shiki,person,1,False,False,,,False,False
87,old20,n385,Shijiu,person,1,False,False,,,False,False
87,old20,n386,President Nishiyama,person,0,False,False,,,False,False
87,old20,n387,Police officer,person,0,False,False,,,False,False
87,old20,n388,Subordinate,person,0,False,False,,,False,False
87,old20,n389,Trueharada Yuki,person,0,False,False,,,False,False
87,old20,n390,Xiechuan,person,2,False,False,,,True,True
87,old20,n391,West Garden-san,person,0,False,False,,,False,False
87,old20,n392,Dr. Akari Akari,person,0,False,False,,,False,False
87,old20,n393,Shushui,person,0,False,False,,,False,False
87,old20,n394,Koujiro,person,0,False,False,,,False,False
87,old20,n395,Dr. Akari's institute,location,0,False,False,,,False,False
87,old20,n396,Naito,person,4,False,False,,,True,True
87,old20,n397,Professor Xin,person,2,False,False,,,False,True
87,old20,n398,Creeping,clue_object,0,False,False,,,False,False
87,old20,n399,Fuyu,person,2,False,False,,,False,False
87,old20,n400,Mori,person,1,False,False,,,False,False
87,old20,n401,Kozuka,person,1,False,False,,,False,False
87,old20,n402,Inukai,person,0,False,False,,,False,False
87,old20,n403,terminal,location,1,False,False,,,False,False
87,old20,n404,waiting room,location,2,False,False,,,False,False
87,old20,n405,vending machines,clue_object,1,False,False,,,False,False
87,old20,n406,backpacks,clue_object,0,False,False,,,False,False
87,old20,n407,Dr. Nishikawa Harumi,person,0,False,False,,,False,False
87,old20,n408,Shima,person,4,False,False,,,True,True
87,old20,n409,Sugawa,person,1,False,False,,,False,False
87,old20,n410,Dr. Nishiyama,person,0,False,False,,,False,False
87,old20,n411,the door to Mountain Root's room,clue_object,1,False,False,,,False,False
87,old20,n412,the long slope,location,0,False,False,,,False,False
87,old20,n413,the small table holding the mouse and the slanted display screen,clue_object,0,False,False,,,False,False
87,old20,n414,the long hallway,location,0,False,False,,,False,False
87,old20,n415,bookshelves,location,2,False,False,,,False,True
87,old20,n416,aluminum ladder,clue_object,1,False,False,,,False,False
87,old20,n417,sturdy desk,clue_object,0,False,False,,,False,False
87,old20,n418,narrow hallway,location,2,False,False,,,False,True
87,old20,n419,studio,location,1,False,False,,,False,False
87,old20,n420,kitchen,location,6,False,False,,,True,True
87,old20,n421,small table,clue_object,1,False,False,,,False,False
87,old20,n422,cupboard,clue_object,5,False,False,,,False,True
87,old20,n423,stainless steel sink,clue_object,1,False,False,,,False,False
87,old20,n424,small stove,clue_object,1,False,False,,,False,False
87,old20,n425,dishwasher,clue_object,1,False,False,,,False,False
87,old20,n426,flat-bottomed pan,clue_object,0,False,False,,,False,False
87,old20,n427,iron lid,clue_object,1,False,False,,,False,False
87,old20,n428,trash can,clue_object,1,False,False,,,False,False
87,old20,n429,Nagatsuka,person,2,False,False,,,True,True
87,old20,n430,Nagatsuka (2),person,2,False,False,,,False,False
87,old20,n431,Kusanagi,person,4,False,False,,,True,False
87,old20,n432,Hina,person,1,False,False,,,False,False
87,old20,n433,Mr. Nakamura,person,2,False,False,,,True,True
87,old20,n434,Teddy bear,clue_object,1,False,False,,,False,False
87,old20,n435,Toy soldiers,clue_object,1,False,False,,,False,False
87,old20,n436,Robot (1),clue_object,1,False,False,,,False,False
87,old20,n437,Door (bedroom),location,1,False,False,,,False,False
87,old20,n438,Bedroom,location,3,False,False,,,False,False
87,old20,n439,Album (1),clue_object,1,False,False,,,False,False
87,old20,n440,Pictures (album),clue_object,0,False,False,,,False,False
87,old20,n441,Kuroda,person,1,False,False,,,False,False
87,old20,n442,Nakatani,person,0,False,False,,,False,False
87,old20,n443,Miss Wakamatsu,person,1,False,False,,,False,False
87,old20,n444,Bunrei,person,0,False,False,,,False,False
87,old20,n445,Mr. Bowen,person,1,False,False,,,False,False
87,old20,n446,Bongru,person,1,False,False,,,False,False
87,old20,n447,Dr. Komuro,person,0,False,False,,,False,False
87,old20,n448,Kuroneko,person,1,False,False,,,False,False
87,old20,n449,Xushu,person,1,False,False,,,False,False
87,old20,n450,Future-san,person,0,False,False,,,False,False
87,old20,n451,director's wife,person,3,False,False,,,True,True
87,old20,n452,roof door opening issue,clue_object,0,False,False,,,False,False
87,old20,n453,record file,clue_object,0,False,False,,,False,False
87,old20,n454,Debora Management System,location,0,False,False,,,False,False
87,old20,n455,elevator display,clue_object,0,False,False,,,False,False
87,old20,n456,clear sky,location,0,False,False,,,False,False
87,old20,n457,elevator room,location,2,False,False,,,False,True
87,old20,n458,cooling tanks,clue_object,0,False,False,,,False,False
87,old20,n459,wireless communication device,clue_object,0,False,False,,,False,False
87,old20,n460,Shu Kei,person,0,False,False,,,False,False
87,old20,n461,Yokoyama Seiko,person,0,False,False,,,False,False
87,old20,n462,Ishta Fujiko,person,0,False,False,,,False,False
87,old20,n463,Yoshizuka Shizuko,person,0,False,False,,,False,False
87,old20,n464,Mr. Oyama,person,0,False,False,,,False,False
87,old20,n465,Mr. Nagahara,person,0,False,False,,,False,False
87,old20,n466,Professor Yamamura,person,1,False,False,,,False,False
87,old20,n467,Kawaguchi,person,1,False,False,,,False,False
87,old20,n468,Guozi,person,0,False,False,,,False,False
87,old20,n469,Dr. Shion,person,2,False,False,,,True,True
87,old20,n472,Madori,person,3,False,False,,,True,True
87,old20,n473,Nishikawa's laboratory,location,0,False,False,,,False,False
87,old20,n474,Dr. Akagi Shiki,person,1,True,False,170,,False,False
87,old20,n475,toppling doll,clue_object,1,False,False,,,False,False
87,old20,n476,round cake,clue_object,2,False,False,,,True,False
87,old20,n477,Akutagawa,person,0,False,False,,,False,False
87,old20,n478,Professor Kozuka,person,4,False,False,,,True,False
87,old20,n479,Hanae,person,1,False,False,,,False,False
87,old20,n480,male graduate students,person,1,False,False,,,False,False
87,old20,n481,Professor Kozuka's room,location,3,False,False,,,True,False
87,old20,n482,Sugiyama,person,0,False,False,,,False,False
87,old20,n483,Kouzuwa sensei,person,0,False,False,,,False,False
87,old20,n484,computer virus,clue_object,0,False,False,,,False,False
87,old20,n485,graduate student room,location,0,False,False,,,False,False
87,old20,n486,department computers,clue_object,0,False,False,,,False,False
87,old20,n487,email,clue_object,0,False,False,,,False,False
87,old20,n488,GODLESS,clue_object,1,False,False,,,False,False
87,old20,n489,chain letter,clue_object,0,False,False,,,False,False
87,old20,n490,Hirata-sensei,person,0,False,False,,,False,False
87,old20,n491,trip,event,1,False,False,,,False,False
87,old20,n492,Shuzhuo,person,0,False,False,,,False,False
87,old20,n493,Hirata-sensei's class,location,0,False,False,,,False,False
87,old20,n494,Kusanagi's class,location,0,False,False,,,False,False
87,old20,n495,Nagano or Yamanashi,location,0,False,False,,,False,False
87,old20,n496,nearby hot springs,location,0,False,False,,,False,False
87,old20,n497,Himekawa,person,0,False,False,,,False,False
87,old20,n498,Kouji,person,2,False,False,,,True,True
87,old20,n499,Ms. Akita,person,1,False,False,,,False,False
87,old20,n500,Sayuri Higashida Ph.D.,person,2,False,False,,,False,True
87,old20,n501,Ms. Akita's doll,clue_object,1,False,False,,,False,False
87,old20,n502,Higashida Research Institute,location,1,False,False,,,False,False
87,old20,n503,Sayuri Higashida,person,0,False,False,,,False,False
87,old20,n504,second floor underground,location,0,False,False,,,False,False
87,old20,n505,lab,clue_object,0,False,False,,,False,False
87,old20,n506,ferry terminal,location,0,False,False,,,False,False
87,old20,n507,Sōma-sensei,person,2,False,False,,,False,False
87,old20,n508,Nishimura Momiji,person,1,False,False,,,False,False
87,old20,n509,Xiao Wu,person,1,False,False,,,False,False
87,old20,n510,Kuni-san,person,0,False,False,,,False,False
87,old20,n511,four-wheel drive car,clue_object,1,False,False,,,False,False
87,old20,n512,gas cylinders,clue_object,1,False,False,,,False,False
87,old20,n513,shower facilities,clue_object,1,False,False,,,False,False
87,old20,n514,electricity generator,clue_object,1,False,False,,,False,False
87,old20,n515,forest,location,0,False,False,,,False,False
87,old20,n516,gravel road,clue_object,1,False,False,,,False,False
87,old20,n517,Ootani-san,person,2,False,False,,,False,True
87,old20,n518,centipedes,clue_object,1,False,False,,,False,False
87,old20,n519,insect repellent,clue_object,0,False,False,,,False,False
87,old20,n520,umbrella,clue_object,1,False,False,,,False,False
87,old20,n521,firewood,clue_object,0,False,False,,,False,False
87,old20,n522,towel,clue_object,0,False,False,,,False,False
87,old20,n523,fan,clue_object,0,False,False,,,False,False
87,old20,n524,mystery novel,event,0,False,False,,,False,False
87,old20,n525,Yamauchi,person,1,False,False,,,False,False
87,old20,n526,full moon,clue_object,0,False,False,,,False,False
87,old20,n527,hill,location,1,False,False,,,False,False
87,old20,n528,bright red door,clue_object,0,False,False,,,False,False
87,old20,n529,cap,person,0,False,False,,,False,False
87,old20,n530,Dilly-dallying,clue_object,0,False,False,,,False,False
87,old20,n531,Xici,person,0,False,False,,,False,False
87,old20,n532,Méihuì,person,0,False,False,,,False,False
87,old20,n533,Xici and Méihuì,person,1,False,False,,,False,False
87,old20,n534,something,clue_object,1,False,False,,,False,False
87,old20,n535,aluminum door with a glass window,clue_object,0,False,False,,,False,False
87,old20,n536,pitch black,clue_object,0,False,False,,,False,False
87,old20,n537,"f,",evidence_sentence,2,False,False,,,False,True
87,old20,n538,Nagatsuki,person,2,False,False,,,True,True
87,old20,n539,bedroom door,clue_object,2,False,False,,,True,True
87,old20,n540,cardboard box,clue_object,1,False,False,,,False,False
87,old20,n541,Ms. Mouri,person,1,False,False,,,False,False
87,old20,n542,Mr. Sekiguchi,person,0,False,False,,,False,False
87,old20,n543,Ms. Makoto,person,0,False,False,,,False,False
87,old20,n544,Dr. Kugayama,person,0,False,False,,,False,False
87,old20,n545,Watchman,person,1,False,False,,,False,False
87,old20,n546,computers,clue_object,2,False,False,,,False,False
87,old20,n547,schedule,clue_object,2,False,False,,,False,False
87,old20,n548,calendar,clue_object,1,False,False,,,False,False
87,old20,n549,hard drive,clue_object,0,False,False,,,False,False
87,old20,n550,floppy disk,clue_object,0,False,False,,,False,False
87,old20,n551,Document folder,clue_object,0,False,False,,,False,False
87,old20,n552,'Read Me' article,clue_object,0,False,False,,,False,False
87,old20,n553,Shuikuan,person,1,False,False,,,False,False
87,old20,n554,Sugawa's display,clue_object,0,False,False,,,False,False
87,old20,n555,Akira Kogorou,person,0,False,False,,,False,False
87,old20,n556,WS (Work Station),clue_object,0,False,False,,,False,False
87,old20,n557,new compilation program,clue_object,0,False,False,,,False,False
87,old20,n558,Red Magic (version 6),clue_object,0,False,False,,,False,False
87,old20,n559,Dojuro,person,0,False,False,,,False,False
87,old20,n560,Katsuhisa Kamimura,person,0,False,False,,,False,False
87,old20,n561,sea,location,0,False,False,,,False,False
87,old20,n562,wedding dress,clue_object,0,False,False,,,False,False
87,old20,n563,Kazuo Kibito,person,0,False,False,,,False,False
87,old20,n564,Kiri no Uta,person,0,False,False,,,False,False
87,old20,n566,Dr. Kuwabara,person,0,False,False,,,False,False
87,old20,n567,Kishimoto,person,0,False,False,,,False,False
87,old20,n568,Fujimori,person,0,False,False,,,False,False
87,old20,n569,Tsubota,person,0,False,False,,,False,False
87,old20,n570,Mountai,person,3,False,False,,,True,True
87,old20,n571,Makoto,person,0,False,False,,,False,False
87,old20,n572,Hana,person,1,False,False,,,False,False
87,old20,n575,Miss Shindo,person,1,False,False,,,False,False
87,old20,n577,Fuyuki,person,0,False,False,,,False,False
87,old20,n578,Dr. Shigeta,person,1,False,False,,,False,False
87,old20,n579,Miss Fuyuki,person,2,False,False,,,False,True
87,old20,n580,Miss True Arata Future,person,1,False,False,,,False,False
87,old20,n581,True Arata family's assets,clue_object,2,False,False,,,False,True
87,old20,n582,Mrs. Shinonome,person,0,False,False,,,False,False
87,old20,n583,Lady Shishiru,person,1,False,False,,,False,False
87,old20,n584,the back seat,location,0,False,False,,,False,False
87,old20,n585,True Arima Lady,person,0,False,False,,,False,False
87,old20,n586,Four Seasons Lady,person,0,False,False,,,False,False
87,old20,n587,Yabu Itsuwa,person,0,False,False,,,False,False
87,old20,n588,Sasaki Tsukimi,person,0,False,False,,,False,False
87,old20,n589,Fukushima,person,0,False,False,,,False,False
87,old20,n590,Dr. Fujimoto,person,0,False,False,,,False,False
87,old20,n591,Miss Fujimoto,person,2,False,False,,,True,True
87,old20,n592,Sasaki Tsukiyama,person,0,False,False,,,False,False
87,old20,n593,Morimura Tsukiyama,person,2,False,False,,,True,True
87,old20,n594,Shinjo Doi,person,4,False,False,,,True,True
87,old20,n595,Shinjo-san,person,3,False,False,,,True,True
87,old20,n596,Dr. Akaharada,person,1,False,False,,,False,False
87,old20,n597,Vice President,person,0,False,False,,,False,False
87,old20,n598,Mr. Yamauchi,person,1,False,False,,,False,False
87,old20,n599,Mr. Mizutani,person,0,False,False,,,False,False
87,old20,n600,Dr. Kikukawa,person,0,False,False,,,False,False
87,old20,n601,reporter from a women's magazine,person,0,False,False,,,False,False
87,old20,n602,the institute's main gate,location,0,False,False,,,False,False
87,old20,n603,the women's magazine,clue_object,0,False,False,,,False,False
87,old20,n604,the electronic bell,clue_object,0,False,False,,,False,False
87,old20,n605,Miss Saotome,person,0,False,False,,,False,False
87,old20,n606,Dr. True's residence,location,0,False,False,,,False,False
87,old20,n607,Deborah Management System (Deborah),clue_object,0,False,False,,,False,False
87,old20,n608,Ms. Shinagawa,person,0,False,False,,,False,False
87,old20,n609,main entrance of the research institute,location,0,False,False,,,False,False
87,old20,n610,room 24 hours a day guards,person,0,False,False,,,False,False
87,old20,n611,surveillance cameras,clue_object,0,False,False,,,False,False
87,old20,n612,Water Valley,person,0,False,False,,,False,False
87,old20,n613,Island Field,person,0,False,False,,,False,False
87,old20,n614,Ms. Akutagawa,person,0,False,False,,,False,False
87,old20,n615,Kagura,person,1,False,False,,,False,False
87,old20,n616,New Vine,person,2,False,False,,,False,True
87,old20,n617,Fujisawa,person,2,False,False,,,True,True
87,old20,n618,Jeep,clue_object,1,False,False,,,False,False
87,old20,n619,Large Truck,clue_object,1,False,False,,,False,False
87,old20,n620,Campsite Entrance,location,1,False,False,,,False,False
87,old20,n621,Research Institute Grounds,location,1,False,False,,,False,False
87,old20,n622,Road,clue_object,2,False,False,,,False,False
87,old20,n623,Wooden Poles,clue_object,1,False,False,,,False,False
87,old20,n624,Asphalt Pavement,clue_object,0,False,False,,,False,False
87,old20,n625,Cicadas,clue_object,1,False,False,,,False,False
87,old20,n626,Summer Scent,clue_object,1,False,False,,,False,False
87,old20,n627,Kozue,person,1,False,False,,,False,False
87,old20,n628,Hinata,person,0,False,False,,,False,False
87,old20,n629,Mengei,person,0,False,False,,,False,False
87,old20,n630,Akita's body,location,0,False,False,,,False,False
87,old20,n631,Akita's twin brother,person,0,False,False,,,False,False
87,old20,n632,Tsukiyama,person,0,False,False,,,False,False
87,old20,n633,Akita's body (tent),location,0,False,False,,,False,False
87,old20,n634,Professor Kumakura,person,0,False,False,,,False,False
87,old20,n635,curry rice (plastic trays),clue_object,0,False,False,,,False,False
87,old20,n636,ready-to-eat pack,clue_object,0,False,False,,,False,False
87,old20,n637,plastic trays,clue_object,0,False,False,,,False,False
87,old20,n638,witnesses,person,0,False,False,,,False,False
87,old20,n639,Future,person,0,False,False,,,False,False
87,old20,n640,Shishou,person,0,False,False,,,False,False
87,old20,n641,Xīzhīyuan Miss,person,1,False,False,,,False,False
87,old20,n642,Sanegawa,person,2,False,False,,,True,True
87,old20,n643,Kikuchi,person,4,False,False,,,True,True
87,old20,n644,Xīzhīyuan,location,2,False,False,,,True,True
87,old20,n645,Maki,person,0,False,False,,,False,False
87,old20,n646,Shuzhuai,person,3,False,False,,,True,True
87,old20,n647,Drip flowers,clue_object,2,False,False,,,True,True
87,old20,n648,Guózhī,person,2,False,False,,,True,True
87,old20,n649,Dr. Makoto's room,location,1,False,False,,,False,False
87,old20,n650,Ms. Nishigori,person,2,False,False,,,True,True
87,old20,n651,Kusaka-sensei,person,3,False,False,,,True,True
87,old20,n652,Nagano,person,3,False,False,,,True,True
87,old20,n653,Nishitani,person,2,False,False,,,True,False
87,old20,n654,Hoshino,person,3,False,False,,,True,True
87,old20,n655,Ms. Futaki,person,0,False,False,,,False,False
87,old20,n656,Professor Kamishiro,person,0,False,False,,,False,False
87,old20,n657,Ms. Hina,person,1,False,False,,,False,False
87,old20,n658,Shikawa-sensei,person,1,False,False,,,False,False
87,old20,n659,Ms. Nishimura,person,1,False,False,,,False,False
87,old20,n660,Morimoto,person,0,False,False,,,False,False
87,old20,n661,Matsushita,person,0,False,False,,,False,False
87,old20,n662,list of goods delivered to Dr. Akagi's room,clue_object,0,False,False,,,False,False
87,old20,n663,disinfection area,location,1,False,False,,,False,False
87,old20,n664,deputy director,person,1,False,False,,,False,False
87,old20,n665,Dr. Sakata,person,1,False,False,,,False,False
87,old20,n666,P1 robot,clue_object,1,False,False,,,False,False
87,old20,n667,Water Valley director,person,0,False,False,,,False,False
87,old20,n668,Shu,person,1,False,False,,,False,False
87,old20,n669,Shuzui,person,2,False,False,,,True,True
87,old20,n670,Koujima,person,1,False,False,,,False,False
87,old20,n671,Momojuku,person,1,False,False,,,False,False
87,old20,n672,Dr. Akari Haruta,person,2,False,False,,,True,True
87,old20,n673,Reception Room,location,3,False,False,,,True,True
87,old20,n674,Inner Hall,location,2,False,False,,,True,True
87,old20,n675,Kikuwa,person,1,False,False,,,False,False
87,old20,n676,transparent shelf,clue_object,0,False,False,,,False,False
87,old20,n677,corrosive solution,clue_object,0,False,False,,,False,False
87,old20,n678,aluminum chassis,clue_object,0,False,False,,,False,False
87,old20,n679,steel shelves,clue_object,1,False,False,,,False,False
87,old20,n680,plastic containers,clue_object,1,False,False,,,False,False
87,old20,n681,cleaning tools,clue_object,0,False,False,,,False,False
87,old20,n682,light bulbs,clue_object,0,False,False,,,False,False
87,old20,n683,fluorescent tubes,clue_object,0,False,False,,,False,False
87,old20,n684,tape,clue_object,0,False,False,,,False,False
87,old20,n685,white room,location,1,False,False,,,False,False
87,old20,n686,video phone,clue_object,1,False,False,,,False,False
87,old20,n687,Mrs. Akagi,person,0,False,False,,,False,False
87,old20,n688,window,clue_object,0,False,False,,,False,False
87,old20,n689,Mina,person,1,False,False,,,False,False
87,old20,n690,Research facility floor plan,clue_object,1,False,False,,,False,False
87,old20,n691,Bed in the bedroom,location,0,False,False,,,False,False
87,old20,n692,Closet next to the sewing machine,location,0,False,False,,,False,False
87,old20,n693,butter,clue_object,1,False,False,,,False,False
87,old20,n694,jam,clue_object,1,False,False,,,False,False
87,old20,n695,study,location,1,False,False,,,False,False
87,old20,n696,kitchen door,location,4,False,False,,,False,False
87,old20,n697,study table,location,2,False,False,,,False,True
87,old20,n698,book,clue_object,1,False,False,,,False,False
87,old20,n699,Mrs. Arakida,person,1,False,False,,,False,False
87,old20,n700,Mr. Mizuta,person,1,False,False,,,False,False
87,old20,n701,'that incident',time_anchor,1,False,False,,,False,False
87,old20,n702,five of us,clue_object,2,False,False,,,False,False
87,old20,n703,two have passed away,clue_object,1,False,False,,,False,False
87,old20,n704,Sekiya,person,0,False,False,,,False,False
87,old20,n705,Itōda,person,0,False,False,,,False,False
87,old20,n706,Miss True Arata,person,3,False,False,,,True,True
87,old20,n707,Miss Futaki,person,0,False,False,,,False,False
87,old20,n708,Dr. Kusaka,person,1,False,False,,,False,False
87,old20,n709,glass shelves,clue_object,0,False,False,,,False,False
87,old20,n710,crystal watch,clue_object,0,False,False,,,False,False
87,old20,n711,teacher's shirt,clue_object,2,False,False,,,False,False
87,old20,n712,TV drama props,clue_object,0,False,False,,,False,False
87,old20,n713,Dr. Kusaka Chieko,person,0,False,False,,,False,False
87,old20,n714,Aya,person,0,False,False,,,False,False
87,old20,n715,Vice President Yamane,person,1,False,False,,,False,False
87,old20,n716,Mrs. Truefield,person,1,False,False,,,False,False
87,old20,n718,Kamimura,person,1,False,False,,,False,False
87,old20,n719,Kakegawa,person,0,False,False,,,False,False
87,old20,n720,Arakawa,person,0,False,False,,,False,False
87,old20,n721,Incinerator,clue_object,1,False,False,,,False,False
87,old20,n722,Suikawa,person,1,False,False,,,False,False
87,old20,n723,Mengyu,person,4,False,False,,,True,True
87,old20,n724,Nishikawa,person,2,False,False,,,True,True
87,old20,n725,Sukiyama,person,6,False,False,,,True,True
87,old20,n726,Dr. Akari's body,clue_object,2,False,False,,,True,True
87,old20,n727,female electronic voice,clue_object,1,False,False,,,False,False
87,old20,n728,main system,clue_object,0,False,False,,,False,False
87,old20,n729,Noguchi's watch,clue_object,1,False,False,,,False,False
87,old20,n730,Xiumei's watch,clue_object,0,False,False,,,False,False
87,old20,n731,skylight,location,1,False,False,,,False,False
87,old20,n732,ceiling light,clue_object,1,False,False,,,False,False
87,old20,n733,Xiangchuan's watch,clue_object,2,False,False,,,False,False
87,old20,n734,Yongru,person,0,False,False,,,False,False
87,old20,n735,Ménrù,person,1,False,False,,,False,False
87,old20,n736,Yongru (right hand),clue_object,1,False,False,,,False,False
87,old20,n737,Tsukuru,person,0,False,False,,,False,False
87,old20,n738,Méndraw,person,0,False,False,,,False,False
87,old20,n739,Xianshui,person,0,False,False,,,False,False
87,old20,n740,Kikuze,person,0,False,False,,,False,False
87,old20,n741,Kimizuka,person,1,False,False,,,False,False
87,old20,n742,Sukawa,person,1,False,False,,,False,False
87,old20,n743,Yuria,person,1,False,False,,,False,False
87,old20,n744,Mr. Yamanaka's room,location,1,False,False,,,False,False
87,old20,n746,Mizuho,person,0,False,False,,,False,False
87,old20,n747,Takeo,person,1,False,False,,,False,False
87,old20,n748,Miss,person,9,False,False,,,True,True
87,old20,n749,Takeuchi,person,1,False,False,,,False,False
87,old20,n750,Kuzawa-sensei,person,0,False,False,,,False,False
87,old20,n751,Ishida,person,3,False,False,,,True,True
87,old20,n752,Dr. Arata,person,0,False,False,,,False,False
87,old20,n753,Professor Kusaka,person,1,False,False,,,False,False
87,old20,n754,Uncle,person,1,False,False,,,False,False
87,old20,n755,Mrs. Otowa,person,0,False,False,,,False,False
87,old20,n756,Zhi-chi,person,0,False,False,,,False,False
87,old20,n757,Miss Xizhi,person,0,False,False,,,False,False
87,old20,n758,Ichiro,person,2,False,False,,,True,True
87,old20,n759,Setsuko,person,2,False,False,,,True,True
87,old20,n760,Shizuko,person,3,False,False,,,True,False
87,old20,n761,True Arbor Research Institute,location,3,False,False,,,True,True
87,old20,n762,Yoshizawa,person,1,False,False,,,False,False
87,old20,n763,Shibazaki,person,1,False,False,,,False,False
87,old20,n764,chief's office,location,1,False,False,,,False,False
87,old20,n765,Ms. Araki's room,location,0,False,False,,,False,False
87,old20,n766,corpses,person,4,False,False,,,True,True
87,old20,n767,foldable stretchers,clue_object,1,False,False,,,False,False
87,old20,n768,Ichiroya Harbor,location,1,False,False,,,False,False
87,old20,n769,four-wheel drive vehicles,clue_object,1,False,False,,,False,False
87,old20,n770,gate,location,1,False,False,,,False,False
87,old20,n771,facility,location,4,False,False,,,False,False
87,old20,n772,Ise Port,location,1,False,False,,,False,False
87,old20,n773,forest around the Research Institute,location,1,False,False,,,False,False
87,old20,n774,search headquarters on the second floor underground,location,3,False,False,,,True,False
87,old20,n775,staff members,person,1,False,False,,,False,False
87,old20,n776,Detective Kamisato,person,2,False,False,,,True,False
87,old20,n777,Natsumi,person,2,False,False,,,True,False
87,old20,n778,N University's Computer Center,location,2,False,False,,,False,True
87,old20,n779,Kichijiro Laboratory,location,1,False,False,,,False,False
87,old20,n780,cooperative dining hall,location,0,False,False,,,False,False
87,old20,n781,vending machine for cigarettes,clue_object,0,False,False,,,False,False
87,old20,n782,table,clue_object,0,False,False,,,False,False
87,old20,n783,T-shirt,clue_object,0,False,False,,,False,False
87,old20,n784,Iwata Fujiko,person,0,False,False,,,False,False
87,old20,n785,Natsumi Doi,person,1,False,False,,,False,False
87,old20,n786,Mondo,person,4,False,False,,,True,True
87,old20,n787,Yisong Shijin,person,0,False,False,,,False,False
87,old20,n788,Jian Tian Wenzi,person,1,False,False,,,False,False
87,old20,n789,Dojima,person,3,False,False,,,True,True
87,old20,n790,Yasuko,person,2,False,False,,,True,True
87,old20,n792,Professor Kamuro,person,0,False,False,,,False,False
87,old20,n793,Professor Tsukishima,person,1,False,False,,,False,False
87,old20,n794,Detective,person,5,False,False,,,True,False
87,old20,n795,Teacher,person,3,False,False,,,False,True
87,old20,n796,Dr. True,person,0,False,False,,,False,False
87,old20,n797,Wataru,person,1,False,False,,,False,False
87,old20,n798,Tanaka,person,1,False,False,,,False,False
87,old20,n799,Future-san (Dr. Akutagawa's younger sister),person,1,False,False,,,False,False
87,old20,n800,Toma (Burin's shepherd dog),clue_object,1,False,False,,,False,False
87,old20,n801,Ishida Yuzuki,person,1,False,False,,,False,False
87,old20,n802,Yotsuko,person,3,False,False,,,False,True
87,old20,n803,Omori,person,0,False,False,,,False,False
87,old20,n804,Tomoko,person,0,False,False,,,False,False
87,old20,n805,Yotsuwa,person,0,False,False,,,False,False
87,old20,n806,Green door of Mr. Yamanaka's room,clue_object,0,False,False,,,False,False
87,old20,n807,West Garden mansion,location,0,False,False,,,False,False
87,old20,n808,Ono,person,1,False,False,,,False,False
87,old20,n809,Kurosu-san,person,0,False,False,,,False,False
87,old20,n810,Ono (Mion's reference),person,0,False,False,,,False,False
87,old20,n811,Ono (Yotsuko's reference),person,1,False,False,,,False,False
87,old20,n812,Chouping,person,0,False,False,,,False,False
87,old20,n813,Yotsuko san,person,1,False,False,,,False,False
87,old20,n814,Seto Fujiko,person,2,False,False,,,False,False
87,old20,n815,Mao Mao,person,1,False,False,,,False,False
87,old20,n816,Yitsun Yitsun,person,1,False,False,,,False,False
87,old20,n817,Atsuko,person,1,False,False,,,False,False
87,old20,n818,stir-fried peppers and mushrooms,clue_object,0,False,False,,,False,False
87,old20,n819,Wakaba,person,1,False,False,,,False,False
87,old20,n820,Yuki,person,3,False,False,,,True,True
87,old20,n821,Detective Shibazaki,person,0,False,False,,,False,False
87,old20,n822,Yokozawa,person,0,False,False,,,False,False
87,old20,n823,Computer,clue_object,0,False,False,,,False,False
87,old20,n824,MoeDraw,person,3,False,False,,,False,True
87,old20,n825,Shuai,person,1,False,False,,,False,False
87,old20,n826,Yashida Fujiko,person,1,False,False,,,False,False
87,old20,n827,Yamanaka Setsuko,person,1,False,False,,,False,False
87,old20,n828,Fukawa,person,3,False,False,,,False,True
87,old20,n829,research institute rooms,location,0,False,False,,,False,False
87,old20,n830,main entrance,location,1,False,False,,,False,False
87,old20,n831,race car,clue_object,0,False,False,,,False,False
87,old20,n832,layers of paint,clue_object,1,False,False,,,False,False
87,old20,n833,a bee,clue_object,0,False,False,,,False,False
87,old20,n834,Mugi-draw,person,0,False,False,,,False,False
87,old20,n835,Matsuri,person,2,False,False,,,False,True
87,old20,n836,Kimihiko,person,1,False,False,,,False,False
87,old20,n837,Shimizu detective,person,1,False,False,,,False,False
87,old20,n838,the lounge,location,1,False,False,,,False,False
87,old20,n839,Yamashita,person,1,False,False,,,False,False
87,old20,n840,Xin Chuan,person,1,False,False,,,False,False
87,old20,n841,Nagahama,location,1,False,False,,,False,False
87,old20,n842,Nagayama,person,1,False,False,,,False,False
87,old20,n843,Nagahara (the one behind him),person,0,False,False,,,False,False
87,old20,n844,Chiyoko,person,0,False,False,,,False,False
87,old20,n845,Shinobu Kitajima,person,0,False,False,,,False,False
87,old20,n846,Mrs. Miyagawa,person,0,False,False,,,False,False
87,old20,n847,the child,person,0,False,False,,,False,False
87,old20,n848,fifteen volumes,clue_object,0,False,False,,,False,False
87,old20,n849,Mrs. Shigemura,person,1,False,False,,,False,False
87,old20,n850,Naito-san,person,1,False,False,,,False,False
87,old20,n851,Miss Nishizawa,person,0,False,False,,,False,False
87,old20,n852,Professor Seki,person,0,False,False,,,False,False
87,old20,n853,Dr. True Arata,person,0,False,False,,,False,False
87,old20,n854,Shusui,person,0,False,False,,,False,False
87,old20,n855,white sand,location,0,False,False,,,False,False
87,old20,n856,mermaid,person,0,True,True,3677,3677,False,False
87,old20,n857,shell headband,clue_object,0,False,False,,,False,False
87,old20,n858,Red Magic time counter,clue_object,1,False,False,,,False,False
87,old20,n859,Shizuka,person,2,False,False,,,False,True
87,old20,n860,Kurou,person,0,False,False,,,False,False
87,old20,n861,Xī chuān,person,0,False,False,,,False,False
87,old20,n863,Doctor Kyoto,person,1,False,False,,,False,False
87,old20,n864,Shigemori Akane,person,2,False,False,,,False,True
87,old20,n865,Detective Shizuka,person,0,False,False,,,False,False
87,old20,n866,Trueharu Future-san,person,1,False,False,,,False,False
87,old20,n867,Mundori,person,6,False,False,,,False,False
87,old20,n868,Takagawa,person,1,False,False,,,False,False
87,old20,n869,Ishidatani Fujiko,person,1,False,False,,,False,False
87,old20,n870,Yotsukura Nao,person,1,False,False,,,False,False
87,old20,n871,New Vine Yuuko,person,2,False,False,,,False,False
87,old20,n872,Fukuta,person,1,False,False,,,False,False
87,old20,n873,Nishiyama chief,person,1,False,False,,,False,False
87,old20,n874,Kurutami,person,1,False,False,,,False,False
87,old20,n875,Dr. Makoto Arakawa,person,0,False,False,,,False,False
87,old20,n876,Akikura Hanae,person,1,False,False,,,False,False
87,old20,n877,Yiti Zhang,person,0,False,False,,,False,False
87,old20,n878,Yinghui,person,0,False,False,,,False,False
87,old20,n879,Yutsubo,person,1,False,False,,,False,False
87,old20,n880,Shibuya,person,0,False,False,,,False,False
87,old20,n881,Chinese woman,person,0,False,False,,,False,False
87,old20,n882,other one (student),person,0,False,False,,,False,False
87,old20,n883,Shishima,person,0,False,False,,,False,False
87,old20,n884,Shishido Island,location,0,False,False,,,False,False
87,old20,n886,Nishiyama (head of the department),person,0,False,False,,,False,False
87,old20,n887,Shimizu (chief's office staff),person,0,False,False,,,False,False
87,old20,n888,Obon,person,0,False,False,,,False,False
87,old20,n889,True Ardor Research Institute,location,1,False,False,,,False,False
87,old20,n890,summer vacation,time_anchor,1,False,False,,,False,False
87,old20,n891,Doctor Gakushou,person,1,False,False,,,False,False
87,old20,n892,Nishiyama (head of the West office),person,1,False,False,,,False,False
87,old20,n893,Tsuzuki,person,1,False,False,,,False,False
87,old20,n894,Aichi and Mie prefectures,location,1,False,False,,,False,False
87,old20,n895,Méngrì,person,1,False,False,,,False,False
87,old20,n896,Oshimura,person,0,False,False,,,False,False
87,old20,n897,decimal system,clue_object,0,False,False,,,False,False
87,old20,n898,hexadecimal,clue_object,0,False,False,,,False,False
87,old20,n899,B,clue_object,0,False,False,,,False,False
87,old20,n900,D,clue_object,0,False,False,,,False,False
87,old20,n901,Dr. Truehata,person,1,False,False,,,False,False
87,old20,n902,limit device,clue_object,2,False,False,,,False,False
87,old20,n903,65535 hours,time_anchor,1,False,False,,,False,False
87,old20,n904,Dr. Shinagawa,person,3,False,False,,,True,True
87,old20,n905,Nishiyama (department head),person,1,False,False,,,False,False
87,old20,n906,Saotome (mentioned person),person,1,False,False,,,False,False
87,old20,n907,Dr. Akikusa,person,1,False,False,,,False,False
87,old20,n908,Miss Dào Liú,person,0,False,False,,,False,False
87,old20,n909,Doi-chan,person,0,False,False,,,False,False
87,old20,n910,Dai-rii-san,person,0,False,False,,,False,False
87,old20,n911,ir and headphones,clue_object,0,False,False,,,False,False
87,old20,n912,Miss Oozora,person,0,False,False,,,False,False
87,old20,n913,Dojima Miss,person,0,False,False,,,False,False
87,old20,n914,P1,clue_object,0,False,False,,,False,False
87,old20,n915,computer clock,clue_object,0,False,False,,,False,False
87,old20,n916,Red Magic's hourglass,clue_object,0,False,False,,,False,False
87,old20,n917,Nukari,person,0,False,False,,,False,False
87,old20,n918,Director Nitou,person,0,False,False,,,False,False
87,old20,n921,Dr. Takahashi,person,0,False,False,,,False,False
87,old20,n922,Mr. Momoishi,person,0,False,False,,,False,False
87,old20,n923,The basement floor,location,0,False,False,,,False,False
87,old20,n924,The cable of the antenna,clue_object,0,False,False,,,False,False
87,old20,n925,TV,clue_object,4,False,False,,,True,True
87,old20,n926,wireless communicator,clue_object,2,False,False,,,True,True
87,old20,n927,Mr. Yanez,person,0,False,False,,,False,False
87,old20,n928,10 o'clock,time_anchor,0,False,False,,,False,False
87,old20,n929,11 o'clock,time_anchor,0,False,False,,,False,False
87,old20,n930,Miss Shidō,person,3,False,False,,,True,True
87,old20,n931,Xiqiang,person,1,False,False,,,False,False
87,old20,n932,Nishiyama Kururi,person,1,False,False,,,False,False
87,old20,n934,Doctor Kozue,person,9,False,False,,,True,True
87,old20,n935,Plastic model,clue_object,1,False,False,,,False,False
87,old20,n936,Bricks,clue_object,1,False,False,,,False,False
87,old20,n937,Fingerprint,clue_object,1,False,False,,,False,False
87,old20,n938,Old-fashioned television,clue_object,1,False,False,,,False,False
87,old20,n939,University library,location,3,False,False,,,True,True
87,old20,n940,Rectangular pool,clue_object,1,False,False,,,False,False
87,old20,n941,Sato,person,0,False,False,,,False,False
87,old20,n942,reading room,location,0,False,False,,,False,False
87,old20,n943,automatic ticket machine,clue_object,0,False,False,,,False,False
87,old20,n944,card,clue_object,0,False,False,,,False,False
87,old20,n945,smoking,event,0,False,False,,,False,False
87,old20,n946,heavy iron door,clue_object,1,False,False,,,False,False
87,old20,n947,tall bookshelves,clue_object,1,False,False,,,False,False
87,old20,n948,movable ladders,clue_object,1,False,False,,,False,False
87,old20,n949,foreign magazines,clue_object,1,False,False,,,False,False
87,old20,n950,purple cover with gold letters,clue_object,1,False,False,,,False,False
87,old20,n951,Gregorian calendar,clue_object,0,False,False,,,False,False
87,old20,n952,open shelves,clue_object,1,False,False,,,False,False
87,old20,n953,third floor,location,0,False,False,,,False,False
87,old20,n954,musty room,location,1,False,False,,,False,False
87,old20,n955,Hosaka,person,2,False,False,,,True,True
87,old20,n957,Akita Shiki,person,2,False,False,,,True,True
87,old20,n958,Fuyuyuki,person,4,False,False,,,True,True
87,old20,n959,Sui Ji,person,2,False,False,,,False,False
87,old20,n960,Xishu,person,2,False,False,,,False,False
87,old20,n961,cigarette ashtray,clue_object,1,False,False,,,False,False
87,old20,n962,lipstick,clue_object,0,False,False,,,False,False
87,old20,n963,puppet fantasy,event,1,False,False,,,False,False
87,old20,n964,Shichiri,person,2,False,False,,,True,False
87,old20,n965,Professor Saitou,person,2,False,False,,,True,False
87,old20,n966,Narrator,person,2,False,False,,,True,False
87,old20,n967,Shigusa Shiki,person,0,False,False,,,False,False
87,old20,n968,Sugawara teacher,person,0,False,False,,,False,False
87,old20,n969,Shirokawa,person,0,False,False,,,False,False
87,old20,n970,Dr. Fuyuyuki,person,0,False,False,,,False,False
87,old20,n971,Xishuai,person,0,False,False,,,False,False
87,old20,n972,Kikawa,person,0,False,False,,,False,False
87,old20,n973,Mr. Nishizumi,person,1,False,False,,,False,False
87,old20,n974,Sugawa Kouhei,person,0,False,False,,,False,False
87,old20,n975,Sugawa Kouhei's questions,clue_object,1,False,False,,,False,False
87,old20,n976,Yitong Miss,person,3,False,False,,,True,True
87,old20,n977,Yitong's husband,person,1,False,False,,,False,False
87,old20,n978,Yotsuko Shizuko-san,person,3,False,False,,,False,False
87,old20,n979,Shuzhou,person,1,False,False,,,False,False
87,old20,n980,Yotsuko's family,clue_object,0,False,False,,,False,False
87,old20,n981,Kouhei-kun,person,1,False,False,,,False,False
87,old20,n982,Wisdom Ring,clue_object,0,False,False,,,False,False
87,old20,n983,glass bottle with wooden keys,clue_object,1,False,False,,,False,False
87,old20,n984,Cui Chuan,person,4,False,False,,,True,True
87,old20,n985,Tokyo,location,1,False,False,,,False,False
87,old20,n986,computer terminal,clue_object,0,False,False,,,False,False
87,old20,n987,large cardboard box,clue_object,0,False,False,,,False,False
87,old20,n988,Nagashima,person,0,False,False,,,False,False
87,old20,n989,front gate,location,1,False,False,,,False,False
87,old20,n990,Sekigawa-san,person,0,False,False,,,False,False
87,old20,n991,Makoto Shishou,person,0,False,False,,,False,False
87,old20,n992,Shichen,person,0,False,False,,,False,False
87,old20,n993,Isaac Newton,person,0,False,False,,,False,False
87,old20,n994,Mountaineer,person,1,False,False,,,False,False
87,old20,n995,Renyu,person,0,False,False,,,False,False
87,old20,n996,Akiyoshi,person,2,False,False,,,False,True
87,old20,n997,Professor Shibata,person,1,False,False,,,False,False
87,old20,n998,paper bag,clue_object,1,False,False,,,False,False
87,old20,n999,Professor Shibata's return,event,1,False,False,,,False,False
87,old20,n1000,island of Princess True Love,location,0,False,False,,,False,False
87,old20,n1001,island of Koya,location,1,False,False,,,False,False
87,old20,n1002,Shiroi,person,2,False,False,,,True,True
87,old20,n1003,the river,location,3,False,False,,,True,True
87,old20,n1004,concrete and steel bridge,location,1,False,False,,,False,False
87,old20,n1005,Ms. Akira Mizuhara,person,3,False,False,,,True,True
87,old20,n1006,Dr. Mei Chien Mizuhara,person,1,False,False,,,False,False
87,old20,n1007,Ms. Akita's uncle,person,2,False,False,,,True,True
87,old20,n1008,Meng,person,0,False,False,,,False,False
87,old20,n1009,tray,clue_object,1,False,False,,,False,False
87,old20,n1010,white object,clue_object,0,False,False,,,False,False
87,old20,n1011,mannequin,clue_object,0,False,False,,,False,False
87,old20,n1012,white wedding dress,clue_object,0,False,False,,,False,False
87,old20,n1013,long black hair,clue_object,0,False,False,,,False,False
87,old20,n1014,white headdress,clue_object,0,False,False,,,False,False
87,old20,n1015,model,clue_object,0,False,False,,,False,False
87,old20,n1016,model (figure),clue_object,0,False,False,,,False,False
87,old20,n1017,Kamisato,person,0,False,False,,,False,False
87,old20,n1018,Shingen,person,0,False,False,,,False,False
87,old20,n1019,Hamanaka,person,0,False,False,,,False,False
87,old20,n1020,Mao,person,1,False,False,,,False,False
87,old20,n1021,Large room,location,0,False,False,,,False,False
87,old20,n1022,Sofa,clue_object,2,False,False,,,False,False
87,old20,n1023,Low table,clue_object,0,False,False,,,False,False
87,old20,n1024,Deflated balloons,clue_object,1,False,False,,,False,False
87,old20,n1025,Teddy bear (1),clue_object,1,False,False,,,False,False
87,old20,n1026,Plastic blocks,clue_object,1,False,False,,,False,False
87,old20,n1027,Doll (1),clue_object,1,False,False,,,False,False
87,old20,n1028,Quilt,clue_object,0,False,False,,,False,False
87,old20,n1029,Small white hand-sewn teddy bear (2),clue_object,0,False,False,,,False,False
87,old20,n1030,Antique wooden table,clue_object,0,False,False,,,False,False
87,old20,n1031,Sewing machine,clue_object,0,False,False,,,False,False
87,old20,n1032,the deceased,person,1,False,False,,,False,False
87,old20,n1033,food and energy,clue_object,0,False,False,,,False,False
87,old20,n1034,staff,person,0,False,False,,,False,False
87,old20,n1035,software,clue_object,0,False,False,,,False,False
87,old20,n1036,wireless phone,clue_object,0,False,False,,,False,False
87,old20,n1037,Dr. Masami Haruta,person,1,False,False,,,False,False
87,old20,n1038,Xiao Chuan,person,0,False,False,,,False,False
87,old20,n1039,Kikuzawa,person,0,False,False,,,False,False
87,old20,n1040,The green door of the mountain root room,clue_object,0,False,False,,,False,False
87,old20,n1041,The port,location,0,False,False,,,False,False
87,old20,n1042,Ishida Yumi,person,3,False,False,,,True,True
87,old20,n1043,doll bride,clue_object,0,False,False,,,False,False
87,old20,n1044,video tape,clue_object,4,False,False,,,True,True
87,old20,n1045,sheet,clue_object,0,False,False,,,False,False
87,old20,n1046,infrared sensor,clue_object,0,False,False,,,False,False
87,old20,n1047,Watari,person,3,False,False,,,True,False
87,old20,n1048,Weston,person,1,False,False,,,False,False
87,old20,n1049,Miss Hattori's room,location,1,False,False,,,False,False
87,old20,n1050,Dr. Makiguchi's room,location,2,False,False,,,True,False
87,old20,n1052,Mrs. Akagi's white cat toy car,clue_object,1,False,False,,,False,False
87,old20,n1053,Dr. True Spring Left Lung,person,1,False,False,,,False,False
87,old20,n1055,New Vineyard Shinji,person,1,False,False,,,False,False
87,old20,n1057,New Director Naito,person,0,False,False,,,False,False
87,old20,n1058,Shibuchi,person,1,False,False,,,False,False
87,old20,n1059,Dr. Shinjiro Ardor,person,1,False,False,,,False,False
87,old20,n1060,white teeth,clue_object,0,False,False,,,False,False
87,old20,n1061,red lipstick,clue_object,0,False,False,,,False,False
87,old20,n1062,black door,location,1,False,False,,,False,False
87,old20,n1063,Kamikaze,person,2,False,False,,,True,True
87,old20,n1064,Dr. Kouyou,person,1,False,False,,,False,False
87,old20,n1065,The phone,clue_object,0,False,False,,,False,False
87,old20,n1066,Doctor Yong,person,0,False,False,,,False,False
87,old20,n1067,Doctor Kura,person,0,False,False,,,False,False
87,old20,n1068,Kura's wife,person,0,False,False,,,False,False
87,old20,n1069,the corpse,clue_object,0,False,False,,,False,False
87,old20,n1070,Deborah's broadcast system,clue_object,0,False,False,,,False,False
87,old20,n1071,Nagata,person,0,False,False,,,False,False
87,old20,n1072,Akagi Futari,person,0,False,False,,,False,False
87,old20,n1073,Ms. Fuyu,person,0,False,False,,,False,False
87,old20,n1074,Miss Hosaka,person,1,False,False,,,False,False
87,old20,n1075,"Doctor Kogure's wife, Kogure Chouji",person,1,False,False,,,False,False
87,old20,n1076,Watase,person,0,False,False,,,False,False
87,old20,n1077,Wataru Fujimoto,person,1,False,False,,,False,False
87,old20,n1078,Tomoko Fujimoto,person,2,False,False,,,False,False
87,old20,n1079,the man with the baseball cap,person,0,False,False,,,False,False
87,old20,n1080,Kunikawa,person,0,False,False,,,False,False
87,old20,n1081,Shuai Cuan,person,1,False,False,,,False,False
87,old20,n1082,Nogi Akari,person,0,False,False,,,False,False
87,old20,n1083,Kikuchi Doctor,person,2,False,False,,,False,True
87,old20,n1084,Doctor Ichijoji,person,1,False,False,,,False,False
87,old20,n1085,External Networks,clue_object,1,False,False,,,False,False
87,old20,n1086,Miss Shidou,person,1,False,False,,,False,False
87,old20,n1087,Doctor Higashida,person,1,False,False,,,False,False
87,old20,n1088,Dairou Miss,person,2,False,False,,,False,True
87,old20,n1089,Nishiyama-san,person,0,False,False,,,False,False
87,old20,n1090,Dr. Truefield Seasons,person,1,False,False,,,False,False
87,old20,n1091,Ms. Akari's daughter,person,1,False,False,,,False,False
87,old20,n1092,Trojan horse,clue_object,1,False,False,,,False,False
87,old20,n1093,Doju-san,person,1,False,False,,,False,False
87,old20,n1094,sand dune,location,1,False,False,,,False,False
87,old20,n1095,box of frozen beer,clue_object,0,False,False,,,False,False
87,old20,n1096,tree,location,0,False,False,,,False,False
90,old20,n1,Jinji,person,3,False,False,,,False,False
90,old20,n2,Wenzǐ,person,1,False,False,,,False,False
90,old20,n3,Senkou Kouji,person,1,False,False,,,False,False
90,old20,n4,The man (robber),person,4,False,False,,,False,False
90,old20,n5,Whisky bottle,clue_object,1,False,False,,,False,False
90,old20,n6,Black handgun,clue_object,1,False,False,,,False,False
90,old20,n7,Money (paper money and nickels),clue_object,0,False,False,,,False,False
90,old20,n8,Jingzi,person,3,False,False,,,False,True
90,old20,n9,Senkou,person,7,False,False,,,True,True
90,old20,n10,Kyoko,person,61,False,False,,,True,True
90,old20,n11,envelope,clue_object,6,False,False,,,True,False
90,old20,n12,round-trip ticket,clue_object,0,False,False,,,False,False
90,old20,n13,Northeastern K station,location,0,False,False,,,False,False
90,old20,n14,letter,clue_object,15,False,False,,,True,True
90,old20,n15,Snow Viewing Inn,location,7,False,False,,,True,True
90,old20,n16,cable car,clue_object,0,False,False,,,False,False
90,old20,n17,Jiaoluo,person,0,False,False,,,False,False
90,old20,n18,accountant,person,0,False,False,,,False,False
90,old20,n19,man,person,3,False,False,,,False,True
90,old20,n20,Hotoji,person,0,False,False,,,False,False
90,old20,n21,Jinzi Kuroki,person,0,False,False,,,False,False
90,old20,n22,Fukuzawa,person,0,False,False,,,False,False
90,old20,n23,hostess,person,0,False,False,,,False,False
90,old20,n24,Sengou,person,0,False,False,,,False,False
90,old20,n25,"New Host, Tokyo Turkish Bathhouse",clue_object,15,False,False,,,True,True
90,old20,n26,White River,location,0,False,False,,,False,False
90,old20,n27,Mori,person,8,False,False,,,True,True
90,old20,n28,Kouchi,person,0,False,False,,,False,False
90,old20,n29,Akasaka,person,1,False,False,,,False,False
90,old20,n30,Urant,person,3,False,False,,,False,True
90,old20,n31,Ten million yen,clue_object,1,False,False,,,False,False
90,old20,n32,Two-story building,location,1,False,False,,,False,False
90,old20,n33,Matsuzaki,person,5,False,False,,,True,True
90,old20,n34,Fujimoto,person,7,False,False,,,True,True
90,old20,n35,Gouda,person,12,False,False,,,True,True
90,old20,n36,young couple at neighboring table,person,1,False,False,,,False,False
90,old20,n37,bill,clue_object,2,False,False,,,True,True
90,old20,n38,cigarettes,clue_object,2,False,False,,,True,True
90,old20,n39,straw ropes,clue_object,0,False,False,,,False,False
90,old20,n40,International Theater,location,1,False,False,,,False,False
90,old20,n41,sixth district,location,1,False,False,,,False,False
90,old20,n42,first-run Japanese movie theater,location,2,False,False,,,False,False
90,old20,n43,narrow alley next to movie theater,location,3,False,False,,,True,True
90,old20,n44,Kudo,person,13,False,False,,,True,True
90,old20,n45,other man,person,1,False,False,,,False,False
90,old20,n48,Kobayashi,person,1,False,False,,,False,False
90,old20,n49,Gondo,person,0,False,False,,,False,False
90,old20,n50,Sho,person,1,False,False,,,False,False
90,old20,n51,police car,clue_object,0,False,False,,,False,False
90,old20,n52,Karyudo,person,1,False,False,,,False,False
90,old20,n53,Earth Amusement Hall manager,person,2,False,False,,,True,True
90,old20,n54,Kusaka brothers,person,19,False,False,,,True,True
90,old20,n55,Saito,person,15,False,False,,,True,True
90,old20,n56,Koto,person,2,False,False,,,False,False
90,old20,n57,mochi soup,clue_object,2,False,False,,,False,True
90,old20,n58,Yabe,person,1,False,False,,,False,False
90,old20,n59,Higuchi,person,1,False,False,,,False,False
90,old20,n60,Tadaishi Yabu,person,9,False,False,,,True,True
90,old20,n61,Kawaguchi,person,8,False,False,,,True,True
90,old20,n62,Tajima,person,13,False,False,,,True,True
90,old20,n63,knife,clue_object,5,False,False,,,True,True
90,old20,n64,Hijiri,person,2,False,False,,,True,True
90,old20,n65,"Ugh, it's useless. The door is locked from the inside, and no one answered the bell.",clue_object,0,False,False,,,False,False
90,old20,n66,everyone else,person,3,False,False,,,True,True
90,old20,n67,the skiing group,clue_object,1,False,False,,,False,False
90,old20,n68,Hijiri's room,location,1,False,False,,,False,False
90,old20,n69,the door,clue_object,2,False,False,,,False,True
90,old20,n70,the bell,clue_object,0,False,False,,,False,False
90,old20,n71,the hill at the back,location,1,False,False,,,False,False
90,old20,n72,the cable car to the top,clue_object,0,False,False,,,False,False
90,old20,n73,the vast snowy plain,location,2,False,False,,,False,True
90,old20,n74,the flat slope behind the inn,location,2,False,False,,,False,True
90,old20,n75,Morioka,person,2,False,False,,,True,True
90,old20,n76,Tadashi Yasuda,person,0,False,False,,,False,False
90,old20,n77,Hayakawa,person,6,False,False,,,True,True
90,old20,n78,Junko,person,0,False,False,,,False,False
90,old20,n79,Snowy Ground,location,2,False,False,,,True,True
90,old20,n80,Second Floor of the Hotel,location,2,False,False,,,True,True
90,old20,n81,Keyhole,clue_object,0,False,False,,,False,False
90,old20,n82,Bed,clue_object,2,False,False,,,True,True
90,old20,n83,Sugawara,person,0,False,False,,,False,False
90,old20,n84,Tanaka,person,11,False,False,,,True,True
90,old20,n85,Early,person,9,False,False,,,True,True
90,old20,n86,Takahashi,person,0,False,False,,,False,False
90,old20,n87,Kawai,person,0,False,False,,,False,False
90,old20,n88,snowplow,clue_object,5,False,False,,,True,True
90,old20,n89,engine cover,clue_object,1,False,False,,,False,False
90,old20,n90,oko,person,0,False,False,,,False,False
90,old20,n91,Naito,person,3,False,False,,,False,False
90,old20,n92,Kozuka brothers,person,0,False,False,,,False,False
90,old20,n93,Koide,person,0,False,False,,,False,False
90,old20,n94,Suzuki,person,5,False,False,,,True,True
90,old20,n96,Ueno ticket machine,clue_object,0,False,False,,,False,False
90,old20,n97,Thirty-yen ticket to Ueno,clue_object,0,False,False,,,False,False
90,old20,n98,Electric train heading to Ueno,clue_object,0,False,False,,,False,False
90,old20,n99,Small item storage area in Ueno station,location,0,False,False,,,False,False
90,old20,n100,60 million yen,clue_object,0,False,False,,,False,False
90,old20,n101,Detective Gokaido,person,1,False,False,,,False,False
90,old20,n102,Detective Miyazaki,person,2,False,False,,,False,False
90,old20,n103,Detective Suzuki,person,1,False,False,,,False,False
90,old20,n104,Kuroda brothers,person,9,False,False,,,False,False
90,old20,n105,Yuki,person,1,False,False,,,False,False
90,old20,n106,Sun Taxi Company,clue_object,1,False,False,,,False,False
90,old20,n108,TV news,clue_object,1,False,False,,,False,False
90,old20,n109,hotel invitation,clue_object,1,False,False,,,False,False
90,old20,n110,snowmobile,clue_object,1,False,False,,,False,False
90,old20,n111,ski bindings,clue_object,0,False,False,,,False,False
90,old20,n112,Yamagata,location,0,False,False,,,False,False
90,old20,n113,Yabuta,person,1,False,False,,,False,False
90,old20,n114,driver,person,1,False,False,,,False,False
90,old20,n115,girl,person,2,False,False,,,False,False
90,old20,n116,Senkou's room,location,1,False,False,,,False,False
90,old20,n117,Tajima's room,location,2,False,False,,,False,False
90,old20,n118,mansion,location,1,False,False,,,False,False
90,old20,n119,Hirano,person,1,False,False,,,False,False
90,old20,n120,Miyamoto,person,1,False,False,,,False,False
90,old20,n121,Miyoshi,person,4,False,False,,,True,True
90,old20,n123,Sugimoto,person,1,False,False,,,False,False
90,old20,n124,black leather jacket,clue_object,2,False,False,,,False,True
90,old20,n125,white gloves,clue_object,0,False,False,,,False,False
90,old20,n126,Asahi Apartments,location,0,False,False,,,False,False
90,old20,n127,west entrance of the cinema,location,1,False,False,,,False,False
90,old20,n128,Genda,person,2,False,False,,,True,False
90,old20,n129,Sugita,person,2,False,False,,,True,False
90,old20,n130,Little Ichirou,person,3,False,False,,,True,False
90,old20,n131,Miyako,person,2,False,False,,,True,False
90,old20,n132,Kodaira Tetsuo,person,2,False,False,,,True,False
90,old20,n133,Suitcase,clue_object,3,False,False,,,True,False
90,old20,n134,Leather jacket,clue_object,0,False,False,,,False,False
90,old20,n135,Ogata Kenbo,person,1,False,False,,,False,False
90,old20,n137,"S Hotel, Shinjuku Second Street",location,2,False,False,,,True,True
90,old20,n138,Sawa,person,1,False,False,,,False,False
90,old20,n139,Kozuka,person,0,False,False,,,False,False
90,old20,n140,Tatsumi,person,0,False,False,,,False,False
90,old20,n141,Fukuda and Tanaka,clue_object,1,False,False,,,False,False
90,old20,n142,"Three executioners, fully covered in black from head to toe",person,0,False,False,,,False,False
90,old20,n143,Satake,person,3,False,False,,,False,False
90,old20,n144,Taizaki,person,1,False,False,,,False,False
90,old20,n145,Kouki,person,1,False,False,,,False,False
90,old20,n146,Kyousuke,person,1,False,False,,,False,False
90,old20,n147,map,clue_object,1,False,False,,,False,False
90,old20,n148,everyone,person,0,False,False,,,False,False
90,old20,n149,TV,clue_object,0,False,False,,,False,False
90,old20,n150,our current situation,event,0,False,False,,,False,False
90,old20,n151,room,location,0,False,False,,,False,False
90,old20,n152,window glass,clue_object,0,False,False,,,False,False
90,old20,n153,card,clue_object,3,False,False,,,True,True
90,old20,n154,Mr. Yajima,person,0,False,False,,,False,False
90,old20,n155,symbol,clue_object,1,False,False,,,False,False
90,old20,n156,pins,clue_object,0,False,False,,,False,False
90,old20,n157,two o'clock in the morning,time_anchor,0,False,False,,,False,False
90,old20,n158,rolling ball,clue_object,0,False,False,,,False,False
90,old20,n159,Zaowang,person,0,False,False,,,False,False
90,old20,n160,Yasu,person,3,False,False,,,True,True
90,old20,n161,Goju,person,0,False,False,,,False,False
90,old20,n162,Kogorou,person,1,False,False,,,False,False
90,old20,n163,S Hotel,location,1,False,False,,,False,False
90,old20,n164,Shinjuku,location,1,False,False,,,False,False
90,old20,n165,Shibazaki,person,1,False,False,,,False,False
90,old20,n166,Shibazaki's brother,person,1,False,False,,,False,False
90,old20,n167,"stolen 450,000 yen",clue_object,2,False,False,,,False,True
90,old20,n168,movie theater in Shinjuku West Gate,location,1,False,False,,,False,False
90,old20,n169,Shigetsugu,person,2,False,False,,,True,True
90,old20,n170,Miyuki,person,7,False,False,,,True,True
90,old20,n171,Koujirou,person,3,False,False,,,True,True
90,old20,n172,Mitsuo,person,4,False,False,,,True,True
90,old20,n173,Shinomura,person,0,False,False,,,False,False
90,old20,n174,Tsukimi,person,1,False,False,,,False,False
90,old20,n175,Suzuki's hand,clue_object,0,False,False,,,False,False
90,old20,n176,photos,clue_object,0,False,False,,,False,False
90,old20,n177,Sunrise Apartment,location,1,False,False,,,False,False
90,old20,n178,"450,000 yuan",clue_object,1,False,False,,,False,False
90,old20,n179,Shibazaki Tatsuo,person,0,False,False,,,False,False
90,old20,n180,Shibazaki Shigemaru,person,0,False,False,,,False,False
90,old20,n181,Shigemaru,person,1,False,False,,,False,False
90,old20,n182,Shiroku Shouji,person,2,False,False,,,False,True
90,old20,n183,Chief Inspector Kudou,person,0,False,False,,,False,False
90,old20,n184,Series of robberies,event,0,False,False,,,False,False
90,old20,n185,Anonymous letter,clue_object,2,False,False,,,True,True
90,old20,n186,citizens,person,0,False,False,,,False,False
90,old20,n187,criminal,person,0,False,False,,,False,False
90,old20,n188,police authorities,person,0,False,False,,,False,False
90,old20,n189,victims,person,2,False,False,,,False,True
90,old20,n190,wanted posters,clue_object,0,False,False,,,False,False
90,old20,n191,fingerprint,clue_object,0,False,False,,,False,False
90,old20,n192,money,clue_object,2,False,False,,,True,False
90,old20,n193,naked photos,clue_object,1,False,False,,,False,False
90,old20,n194,police,person,4,False,False,,,True,True
90,old20,n195,penmanship,clue_object,0,False,False,,,False,False
90,old20,n196,fingers,clue_object,1,False,False,,,False,False
90,old20,n197,Kojima brothers,person,2,False,False,,,True,True
90,old20,n198,string of robberies,event,0,False,False,,,False,False
90,old20,n199,table,clue_object,4,False,False,,,True,False
90,old20,n200,Fiftyhara,person,1,False,False,,,False,False
90,old20,n201,Kanko,person,1,False,False,,,False,False
90,old20,n202,Kyoko Hokuwa,person,1,False,False,,,False,False
90,old20,n203,Kenji Mori,person,1,False,False,,,False,False
90,old20,n204,Yasuko Asada,person,1,False,False,,,False,False
90,old20,n205,Shin'ichi Tateishi,person,1,False,False,,,False,False
90,old20,n206,Tetsuya Nihonmatsu,person,1,False,False,,,False,False
90,old20,n207,Ichiro Shibata,person,1,False,False,,,False,False
90,old20,n208,Tanaka Yoko,person,6,False,False,,,False,False
90,old20,n209,I,person,7,False,False,,,True,True
90,old20,n210,Tokyo post office,location,1,False,False,,,False,False
90,old20,n211,handwriting,clue_object,3,False,False,,,True,True
90,old20,n212,Yamaga Operator,person,0,False,False,,,False,False
90,old20,n213,everyone here,person,2,False,False,,,True,True
90,old20,n214,Takanawa,person,2,False,False,,,True,True
90,old20,n215,apartment,location,0,False,False,,,False,False
90,old20,n216,hotel,location,9,False,False,,,True,True
90,old20,n217,postal method,clue_object,0,False,False,,,False,False
90,old20,n218,nude photos,clue_object,0,False,False,,,False,False
90,old20,n219,bank near your apartment,location,2,False,False,,,True,False
90,old20,n220,savings account,clue_object,3,False,False,,,True,False
90,old20,n221,female clerk,person,1,False,False,,,False,False
90,old20,n222,mail carrier,person,1,False,False,,,False,False
90,old20,n223,"450,000 yen email",clue_object,1,False,False,,,False,False
90,old20,n224,movie theater,location,1,False,False,,,False,False
90,old20,n225,bank,location,2,False,False,,,False,True
90,old20,n226,Matsukura,person,1,False,False,,,False,False
90,old20,n227,Jiguchi,person,1,False,False,,,False,False
90,old20,n228,Matsudaira,person,1,False,False,,,False,False
90,old20,n229,Jigoro,person,1,False,False,,,False,False
90,old20,n230,Kuroba,person,0,False,False,,,False,False
90,old20,n231,Gosho,person,1,False,False,,,False,False
90,old20,n232,Caller,person,1,False,False,,,False,False
90,old20,n233,Anonymous Letter Writer,person,4,False,False,,,False,True
90,old20,n234,the Kijima brothers,person,1,False,False,,,False,False
90,old20,n235,R Bank,location,2,False,False,,,True,True
90,old20,n236,postal worker,person,1,False,False,,,False,False
90,old20,n237,female clerk at R Bank,person,1,False,False,,,False,False
90,old20,n238,Early River,person,1,False,False,,,False,False
90,old20,n239,Relatives,person,1,False,False,,,False,False
90,old20,n240,K Town,location,10,False,False,,,True,True
90,old20,n241,Kita no Michi,person,0,False,False,,,False,False
90,old20,n242,plaque,clue_object,1,False,False,,,False,False
90,old20,n243,frame,clue_object,1,False,False,,,False,False
90,old20,n244,helicopter,clue_object,3,False,False,,,False,True
90,old20,n245,parachute,clue_object,0,False,False,,,False,False
90,old20,n246,snowmobile parts,clue_object,0,False,False,,,False,False
90,old20,n247,Kida brothers,person,2,False,False,,,True,True
90,old20,n249,Detective Takagi,person,0,False,False,,,False,False
90,old20,n250,Central Post Office,location,1,False,False,,,False,False
90,old20,n251,Genjyōzan,location,1,False,False,,,False,False
90,old20,n252,Palace Land,person,1,False,False,,,False,False
90,old20,n253,Gongdong,person,1,False,False,,,False,False
90,old20,n254,Small dot in the center,clue_object,0,False,False,,,False,False
90,old20,n255,Gongtong,person,7,False,False,,,True,True
90,old20,n256,reporters,person,2,False,False,,,True,True
90,old20,n257,Zenko,person,16,False,False,,,True,True
90,old20,n258,Kyousuke's parents,person,2,False,False,,,True,True
90,old20,n259,Senkou Kouji's brother,person,2,False,False,,,True,True
90,old20,n260,Fujinagae Zheye's sister,person,2,False,False,,,True,True
90,old20,n261,Tatsumi Yasuko's sister,person,2,False,False,,,True,True
90,old20,n262,Fujimoto Ichirou's parents,person,2,False,False,,,True,True
90,old20,n263,travelers,person,1,False,False,,,False,False
90,old20,n264,family members,person,2,False,False,,,True,True
90,old20,n265,Kyoto,location,1,False,False,,,False,False
90,old20,n266,Tokyo,location,8,False,False,,,True,True
90,old20,n267,Ky Town,location,0,False,False,,,False,False
90,old20,n268,Akiyoshi,person,2,False,False,,,False,True
90,old20,n269,killer,person,5,False,False,,,True,True
90,old20,n270,Hokuto Kyoko,person,0,False,False,,,False,False
90,old20,n271,small brothers,person,0,False,False,,,False,False
90,old20,n272,Kuroba brothers,person,1,False,False,,,False,False
90,old20,n273,Wakabayashi,person,0,False,False,,,False,False
90,old20,n274,Tatiana Yashiro,person,2,False,False,,,True,True
90,old20,n275,Yukiya Manor,location,3,False,False,,,True,True
90,old20,n276,victim,person,4,False,False,,,True,False
90,old20,n277,Fujisawa,person,0,False,False,,,False,False
90,old20,n278,inn owner,person,0,False,False,,,False,False
90,old20,n279,early Kawara,person,0,False,False,,,False,False
90,old20,n280,old lady,person,1,False,False,,,False,False
90,old20,n281,son,person,0,False,False,,,False,False
90,old20,n282,nearest surgical hospital,location,0,False,False,,,False,False
90,old20,n283,stationmaster,person,0,False,False,,,False,False
90,old20,n284,staff,person,0,False,False,,,False,False
90,old20,n285,Shijuku Station,location,2,False,False,,,True,True
90,old20,n286,surgical hospital,location,3,False,False,,,True,True
90,old20,n287,doctor,person,2,False,False,,,False,False
90,old20,n288,revenge card,clue_object,0,False,False,,,False,False
90,old20,n289,mountaineering knife,clue_object,2,False,False,,,True,False
90,old20,n290,will,clue_object,2,False,False,,,True,False
90,old20,n291,December 9th of the previous year,time_anchor,1,False,False,,,False,False
90,old20,n292,Yabuuchi Ichirou,person,2,False,False,,,False,True
90,old20,n293,Hayasaka,person,0,False,False,,,False,False
90,old20,n294,Sendai,location,3,False,False,,,False,True
90,old20,n295,Temple Street,location,1,False,False,,,False,False
90,old20,n296,Wakizaki,person,2,False,False,,,False,False
90,old20,n297,Mrs. Ochiai and her brother,person,1,False,False,,,False,False
90,old20,n298,Wakizaki's return to the county police station,event,0,False,False,,,False,False
90,old20,n299,Zuyo,person,1,False,False,,,False,False
90,old20,n300,Innkeeper's wife,person,0,False,False,,,False,False
90,old20,n301,Mr. Taizawa,person,1,False,False,,,False,False
90,old20,n302,8.7 million yen compensation,clue_object,1,False,False,,,False,False
90,old20,n303,Mr. Taizawa's mental instability,event,0,False,False,,,False,False
90,old20,n304,Suicide,clue_object,2,False,False,,,False,True
90,old20,n305,Fukuda Iwao,person,1,False,False,,,False,False
90,old20,n306,Sawaguchi's house visit,event,1,False,False,,,False,False
90,old20,n308,Confession letter 'I was wrong',clue_object,1,False,False,,,False,False
90,old20,n309,Nagae Kane,person,4,False,False,,,True,True
90,old20,n310,Kagawa Kyoko,person,2,False,False,,,False,False
90,old20,n311,Nagae Kane's fingerprints,clue_object,0,False,False,,,False,False
90,old20,n312,fifth corpse,clue_object,1,False,False,,,False,False
90,old20,n313,Miyagi Prefecture,location,2,False,False,,,True,True
90,old20,n314,Hokubu Kyoko,person,2,False,False,,,False,False
90,old20,n315,Gongting,person,0,False,False,,,False,False
90,old20,n316,book,clue_object,1,False,False,,,False,False
90,old20,n317,Anbeihei Hirano,person,0,False,False,,,False,False
90,old20,n318,Shimizu brothers,person,6,True,False,858,,True,True
90,old20,n319,Shirokawa Shin'ichi,person,0,False,False,,,False,False
90,old20,n320,Central News Agency,location,1,False,False,,,False,False
90,old20,n321,Yamamura Station,location,1,False,False,,,False,False
90,old20,n322,Little Chidori,person,0,False,False,,,False,False
90,old20,n323,Koji,person,0,False,False,,,False,False
90,old20,n324,Ms. Shigeko,person,0,False,False,,,False,False
90,old20,n325,the Koujiro brothers,person,0,False,False,,,False,False
90,old20,n326,young man and old lady,clue_object,0,False,False,,,False,False
90,old20,n327,Takao,person,0,False,False,,,False,False
90,old20,n328,Tadashi Yajima,person,0,False,False,,,False,False
90,old20,n329,Takao's driver's license photo,clue_object,0,False,False,,,False,False
90,old20,n330,Paluki,person,1,False,False,,,False,False
90,old20,n331,Agatha Christie's 'The Island Mystery',clue_object,1,False,False,,,False,False
90,old20,n332,Kurokawa family's will,evidence_sentence,0,False,False,,,False,False
90,old20,n333,Ganki Sō,location,1,False,False,,,False,False
90,old20,n334,Taiichi Yasuoka,person,2,False,False,,,False,True
90,old20,n335,Yuki no Sato,location,2,False,False,,,True,True
90,old20,n336,Kurosawa siblings,person,0,False,False,,,False,False
90,old20,n337,Oyuki-so,location,1,False,False,,,False,False
90,old20,n338,Kawajiri,person,0,False,False,,,False,False
90,old20,n339,Miyagi Prefectural Police Department,location,0,False,False,,,False,False
90,old20,n340,Detective Kudoh in Sendai,person,0,False,False,,,False,False
90,old20,n341,Yasuaki Nishizaki,person,2,False,False,,,True,True
90,old20,n342,Shimada,person,3,False,False,,,True,True
90,old20,n343,Tatia's relatives,person,1,False,False,,,False,False
90,old20,n344,Suguruma Shun'ichi,person,1,False,False,,,False,False
90,old20,n345,Xiao Chai brothers,person,3,False,False,,,False,True
90,old20,n346,Mrs. Nishizaki,person,1,False,False,,,False,False
90,old20,n347,Yamanote Station,location,0,False,False,,,False,False
90,old20,n348,K Town Post Office,clue_object,2,False,False,,,True,False
90,old20,n349,Central Postal Office,location,2,False,False,,,True,False
90,old20,n350,Palace,person,0,False,False,,,False,False
90,old20,n351,Kagawa Prefecture,location,0,False,False,,,False,False
90,old20,n352,"letter from K Town, Kagawa Prefecture",clue_object,3,False,False,,,True,False
90,old20,n353,postmark,clue_object,0,False,False,,,False,False
90,old20,n354,fifteen-yen stamp,clue_object,1,False,False,,,False,False
90,old20,n355,Jinzi,person,1,False,False,,,False,False
90,old20,n356,train,clue_object,3,False,False,,,True,True
90,old20,n357,subway,clue_object,0,False,False,,,False,False
90,old20,n358,shopkeeper,person,0,False,False,,,False,False
90,old20,n359,Guan Xuezhuang,location,0,False,False,,,False,False
90,old20,n360,Kansnow Manor,location,0,False,False,,,False,False
90,old20,n361,store owner,person,0,False,False,,,False,False
90,old20,n362,Early snow,person,0,False,False,,,False,False
90,old20,n363,snow,clue_object,1,False,False,,,False,False
90,old20,n364,Yashiro,person,2,False,False,,,True,True
90,old20,n365,Ueno Amusement Park,location,3,False,False,,,True,True
90,old20,n366,salaryman,person,3,False,False,,,True,True
90,old20,n367,Mr. Morikawa,person,1,False,False,,,False,False
90,old20,n368,Tatia Shibazaki,person,0,False,False,,,False,False
90,old20,n369,Teshima (the taxi driver),person,0,False,False,,,False,False
90,old20,n370,Igarashi (the criminology graduate student),person,1,False,False,,,False,False
90,old20,n371,Yoshida,person,1,False,False,,,False,False
90,old20,n372,Tajima (the ski instructor),person,3,False,False,,,True,True
90,old20,n373,Gokurou (Palace Inspector),person,0,False,False,,,False,False
90,old20,n374,Mr. Hatake Kenzo,person,1,False,False,,,False,False
90,old20,n375,Earth Amusement Hall,location,0,False,False,,,False,False
90,old20,n376,sixty thousand yen,clue_object,1,False,False,,,False,False
90,old20,n377,operating funds,clue_object,0,False,False,,,False,False
90,old20,n378,Mr. Tadao Tanaka,person,1,False,False,,,False,False
90,old20,n379,compass,clue_object,0,False,False,,,False,False
90,old20,n380,Detective Mouri,person,0,False,False,,,False,False
90,old20,n381,Snowy Inn,location,1,False,False,,,False,False
90,old20,n382,Detective Aoko,person,4,False,False,,,True,True
90,old20,n383,Kouichi,person,1,False,False,,,False,False
90,old20,n385,Yuki Ichirou,person,0,False,False,,,False,False
90,old20,n386,Hakuda Shiro,person,0,False,False,,,False,False
90,old20,n387,young man,person,1,False,False,,,False,False
90,old20,n388,Sawaguchi,person,1,False,False,,,False,False
90,old20,n389,taxi,clue_object,0,False,False,,,False,False
90,old20,n390,platform,location,2,False,False,,,False,False
90,old20,n391,county police station,location,0,False,False,,,False,False
90,old20,n392,autopsy report,clue_object,0,False,False,,,False,False
90,old20,n393,Yabuichi Ichiro,person,1,False,False,,,False,False
90,old20,n395,Senguchi Kou,person,2,False,False,,,False,True
90,old20,n396,Hayashida Ken,person,2,False,False,,,False,True
90,old20,n397,Kofune Phil,person,2,False,False,,,False,True
90,old20,n398,Koufu Kyoko,person,2,False,False,,,False,False
90,old20,n399,Taniya Yae,person,1,False,False,,,False,False
90,old20,n400,Gōjī,person,2,False,False,,,False,False
90,old20,n401,Bellows,person,1,False,False,,,False,False
90,old20,n402,Nakajima brothers,person,0,False,False,,,False,False
90,old20,n403,Zenbei,person,0,False,False,,,False,False
90,old20,n404,Nishiki,person,0,False,False,,,False,False
90,old20,n405,Ganso-ji,location,0,False,False,,,False,False
90,old20,n406,Yamagata Prefectural Police Department,location,0,False,False,,,False,False
90,old20,n407,Hayashi brothers,person,0,False,False,,,False,False
90,old20,n408,New Year's Day,time_anchor,1,False,False,,,False,False
90,old20,n409,New Year's Eve,time_anchor,1,False,False,,,False,False
90,old20,n410,beige short coat,clue_object,0,False,False,,,False,False
90,old20,n411,Keiko,person,0,False,False,,,False,False
90,old20,n412,Hata,person,1,False,False,,,False,False
90,old20,n413,Ayase,person,1,False,False,,,False,False
90,old20,n414,Tanaka's body,clue_object,0,False,False,,,False,False
90,old20,n415,Tanaka's backpack,clue_object,1,False,False,,,False,False
90,old20,n416,snowmobile engine,clue_object,1,False,False,,,False,False
90,old20,n417,Jin Ji,person,0,False,False,,,False,False
90,old20,n418,robber,person,1,False,False,,,False,False
90,old20,n419,manager,person,0,False,False,,,False,False
90,old20,n420,drying room,location,2,False,False,,,True,True
90,old20,n421,manager's office,location,0,False,False,,,False,False
90,old20,n422,9:05 pm,time_anchor,0,False,False,,,False,False
90,old20,n423,investigation headquarters,location,2,False,False,,,True,True
90,old20,n424,brown short coat,clue_object,0,False,False,,,False,False
90,old20,n425,manager and accountant,person,2,False,False,,,True,True
90,old20,n426,blizzard,event,0,False,False,,,False,False
90,old20,n427,wooden shutters,clue_object,0,False,False,,,False,False
90,old20,n428,Mr. Yabu's room,location,0,False,False,,,False,False
90,old20,n429,their mother,person,1,False,False,,,False,False
90,old20,n430,society,person,0,False,False,,,False,False
90,old20,n431,the plan,event,1,False,False,,,False,False
90,old20,n432,Kyo,person,0,False,False,,,False,False
90,old20,n433,Yajima,person,1,False,False,,,False,False
90,old20,n434,wanted criminal,person,2,False,False,,,False,True
90,old20,n435,wanted poster,clue_object,1,False,False,,,False,False
90,old20,n436,bar,location,6,False,False,,,True,True
90,old20,n437,Takagi,person,0,False,False,,,False,False
90,old20,n438,Investigation chief,person,0,False,False,,,False,False
90,old20,n439,Owner of the furniture store,person,0,False,False,,,False,False
90,old20,n440,Detective,person,1,False,False,,,False,False
90,old20,n441,Beige short coat and white gloves,clue_object,0,False,False,,,False,False
90,old20,n442,ze,person,1,False,False,,,False,False
90,old20,n443,Mr. Kanazawa,person,0,False,False,,,False,False
90,old20,n444,Lándí Department Store,location,2,False,False,,,False,True
90,old20,n445,second-floor office,location,0,False,False,,,False,False
90,old20,n446,sunglasses,clue_object,0,False,False,,,False,False
90,old20,n447,gloves,clue_object,0,False,False,,,False,False
90,old20,n448,Kagawa brothers,person,0,False,False,,,False,False
90,old20,n449,third party,person,0,False,False,,,False,False
90,old20,n450,third party (crime),person,0,False,False,,,False,False
90,old20,n451,third party (law),person,0,False,False,,,False,False
90,old20,n452,third party (robbery),person,0,False,False,,,False,False
90,old20,n453,Kyoko's company,location,0,False,False,,,False,False
90,old20,n454,Living room,location,0,False,False,,,False,False
90,old20,n455,fifty-chan,person,0,False,False,,,False,False
90,old20,n456,criminology,clue_object,0,False,False,,,False,False
90,old20,n457,murder,clue_object,0,False,False,,,False,False
90,old20,n458,expression,clue_object,0,False,False,,,False,False
90,old20,n459,Tatsumiya,person,1,False,False,,,False,False
90,old20,n460,invitation letter,clue_object,0,False,False,,,False,False
90,old20,n461,weather forecast,clue_object,0,False,False,,,False,False
90,old20,n462,Hirakawa,person,1,False,False,,,False,False
90,old20,n463,Tani,person,3,False,False,,,True,True
90,old20,n464,Yae,person,1,False,False,,,False,False
90,old20,n465,Yasuzo,person,0,False,False,,,False,False
90,old20,n466,Yasuda,person,1,False,False,,,False,False
90,old20,n467,restaurant table,clue_object,1,False,False,,,False,False
90,old20,n468,corridor,location,1,False,False,,,False,False
90,old20,n469,Yabu's door,clue_object,1,False,False,,,False,False
90,old20,n470,light switch,clue_object,1,False,False,,,False,False
90,old20,n471,a brand new wooden round table,clue_object,1,False,False,,,False,False
90,old20,n472,several overturned glasses,clue_object,1,False,False,,,False,False
90,old20,n473,the Kuroiwa brothers,person,0,False,False,,,False,False
90,old20,n474,Shimazu,person,1,False,False,,,False,False
90,old20,n475,Toshio,person,2,False,False,,,False,False
90,old20,n478,Asakusa,location,2,False,False,,,False,False
90,old20,n479,Shota's house,location,1,False,False,,,False,False
90,old20,n480,Otsuka brothers' door,location,0,False,False,,,False,False
90,old20,n482,Kuroda,person,1,False,False,,,False,False
90,old20,n483,"600,000 yen",clue_object,0,False,False,,,False,False
90,old20,n484,Public phone booth,location,1,False,False,,,False,False
90,old20,n485,Apartment entrance,location,2,False,False,,,False,True
90,old20,n486,Morikawa,person,1,False,False,,,False,False
90,old20,n487,Miyazaki,person,0,False,False,,,False,False
90,old20,n488,old books,clue_object,2,False,False,,,True,True
90,old20,n489,Ueno station,location,3,False,False,,,True,True
90,old20,n490,guns and money,clue_object,0,False,False,,,False,False
90,old20,n491,restaurant near the station,location,1,False,False,,,False,False
90,old20,n492,curry rice,clue_object,0,False,False,,,False,False
90,old20,n493,coffee,clue_object,1,False,False,,,False,False
90,old20,n494,TV in the restaurant,clue_object,1,False,False,,,False,False
90,old20,n495,phone at the counter,clue_object,1,False,False,,,False,False
90,old20,n496,Kuroba brother,person,1,False,False,,,False,False
90,old20,n497,Gongdi,person,0,False,False,,,False,False
90,old20,n498,Kouki brothers,person,0,False,False,,,False,False
90,old20,n499,Tsujimoto,person,0,False,False,,,False,False
90,old20,n500,Xiao Chai,person,0,False,False,,,False,False
90,old20,n501,Noguchi,person,2,False,False,,,True,True
90,old20,n502,Yasuhira Taya,person,2,False,False,,,True,True
90,old20,n503,Koyama,person,2,False,False,,,True,True
90,old20,n504,Junta,person,0,False,False,,,False,False
90,old20,n505,Yamagata Prefecture,location,3,False,False,,,True,True
90,old20,n506,nearest village,location,1,False,False,,,False,False
90,old20,n507,Kigoshiro,person,1,False,False,,,False,False
90,old20,n508,Higashiyama,person,1,False,False,,,False,False
90,old20,n509,Yasuhiko,person,0,False,False,,,False,False
90,old20,n510,body of Yasuhiko,clue_object,3,False,False,,,False,True
90,old20,n511,blanket,clue_object,1,False,False,,,False,False
90,old20,n512,snow behind the inn,location,1,False,False,,,False,False
90,old20,n513,Fifty-year-old,person,1,False,False,,,False,False
90,old20,n514,Ooeda,person,0,False,False,,,False,False
90,old20,n515,Yasuko (2),person,0,False,False,,,False,False
90,old20,n516,Tatsuya,person,0,False,False,,,False,False
90,old20,n517,Jingzi (2),person,0,False,False,,,False,False
90,old20,n518,Yasuko (3),person,0,False,False,,,False,False
90,old20,n519,Ravine,location,1,False,False,,,False,False
90,old20,n520,Skis,clue_object,0,False,False,,,False,False
90,old20,n521,Rope,clue_object,0,False,False,,,False,False
90,old20,n522,Hayashi,person,2,False,False,,,True,True
90,old20,n523,Hayashida,person,1,False,False,,,False,False
90,old20,n524,Gozen (Gozan),person,0,False,False,,,False,False
90,old20,n525,Snowshoes,clue_object,0,False,False,,,False,False
90,old20,n526,Toolbox,clue_object,1,False,False,,,False,False
90,old20,n527,Hammer,clue_object,0,False,False,,,False,False
90,old20,n528,Chisel,clue_object,0,False,False,,,False,False
90,old20,n529,File,clue_object,0,False,False,,,False,False
90,old20,n530,Ax,clue_object,0,False,False,,,False,False
90,old20,n531,White Card,clue_object,0,False,False,,,False,False
90,old20,n532,Yamabuki Hakari,person,0,False,False,,,False,False
90,old20,n533,small house,location,0,False,False,,,False,False
90,old20,n534,round table,clue_object,0,False,False,,,False,False
90,old20,n535,Asakura,person,1,False,False,,,False,False
90,old20,n536,Kyōko,person,0,False,False,,,False,False
90,old20,n537,Arisu,person,0,False,False,,,False,False
90,old20,n538,Revenge,clue_object,2,False,False,,,True,True
90,old20,n539,Standard Japanese,clue_object,2,False,False,,,True,True
90,old20,n540,When did you quit?,person,1,False,False,,,False,False
90,old20,n541,A year ago.,time_anchor,1,False,False,,,False,False
90,old20,n542,We're finally getting close to the core,event,1,False,False,,,False,False
90,old20,n543,"Just because we do similar work, it shouldn't provoke such strong hatred from the killer.",event,1,False,False,,,False,False
90,old20,n544,I take the Central Line train to work with Senkou-san.,person,0,False,False,,,False,False
90,old20,n545,"My company is in Higashi-Nagareyama, and Senkou-san's company is in Shinjuku.",location,0,False,False,,,False,False
90,old20,n546,"nd Yasuko didn't know how to explain it, and they fell silent.",person,1,False,False,,,False,False
90,old20,n547,"The reasoning stalled, and the four of them left the restaurant, with Yasuko and Kyoko going to a bar to drink.",event,4,False,False,,,False,False
90,old20,n548,Kyoko didn't want to drink or watch TV and decided to go back to her room to rest.,person,2,False,False,,,False,False
90,old20,n549,"As Kyoko climbed the stairs, Takeda caught up to her.",person,2,False,False,,,False,True
90,old20,n550,Ms. Kokuhou!,person,2,False,False,,,False,True
90,old20,n551,Come to my room at 2 PM.,event,2,False,False,,,False,True
90,old20,n552,Two o'clock? At midnight?,time_anchor,2,False,False,,,False,True
90,old20,n553,"I won't lock the door, and I'll wait for you.",event,2,False,False,,,False,False
90,old20,n554,Why do you want to do that?,person,2,False,False,,,False,False
90,old20,n555,"I have something to say. In front of the others, I didn't say anything, but your handwriting matches the one on the letter perfectly.",person,2,False,False,,,False,False
90,old20,n556,Is that so?,person,1,False,False,,,False,False
90,old20,n557,Watanabe,person,0,False,False,,,False,False
90,old20,n558,Kawashima,person,1,False,False,,,False,False
90,old20,n559,Two o'clock,time_anchor,1,False,False,,,False,False
90,old20,n560,Fifuku,person,1,False,False,,,False,False
90,old20,n561,Fifuku's room,location,0,False,False,,,False,False
90,old20,n562,Echigawa,person,1,False,False,,,False,False
90,old20,n563,Fiftylane,person,2,False,False,,,True,True
90,old20,n564,Kawaguchi Early,person,2,False,False,,,False,True
90,old20,n565,Gansho Inn,location,1,False,False,,,False,False
90,old20,n566,Snow graves,location,2,False,False,,,True,True
90,old20,n567,Tajima Shuhei,person,2,False,False,,,True,True
90,old20,n568,Sasaki,person,3,False,False,,,True,True
90,old20,n569,Gansnow Inn,location,6,False,False,,,True,True
90,old20,n570,Miss Kokutou,person,0,False,False,,,False,False
90,old20,n571,Kyoko's candle,clue_object,0,False,False,,,False,False
90,old20,n572,Candle in Yasuko's hand,clue_object,1,False,False,,,False,False
90,old20,n573,Hasegawa,person,2,False,False,,,False,True
90,old20,n574,Kourei,person,0,False,False,,,False,False
90,old20,n575,clerks,person,0,False,False,,,False,False
90,old20,n576,office manager,person,1,False,False,,,False,False
90,old20,n577,bag,clue_object,0,False,False,,,False,False
90,old20,n578,key,clue_object,0,False,False,,,False,False
90,old20,n579,snow shoes,clue_object,0,False,False,,,False,False
90,old20,n580,self-defense team members,person,1,False,False,,,False,False
90,old20,n581,detectives,person,1,False,False,,,False,False
90,old20,n582,news reporters,person,2,False,False,,,True,True
90,old20,n583,elderly family member,person,1,False,False,,,False,False
90,old20,n584,second-floor window,clue_object,1,False,False,,,False,False
90,old20,n585,young woman,person,1,False,False,,,False,False
90,old20,n586,main entrance,location,3,False,False,,,True,True
90,old20,n587,raised snow mounds,clue_object,0,False,False,,,False,False
90,old20,n588,wind,clue_object,0,False,False,,,False,False
90,old20,n589,Higashikawa,person,2,False,False,,,True,True
90,old20,n590,Yokota,person,2,False,False,,,True,True
90,old20,n591,Tadanobu Hata,person,0,False,False,,,False,False
90,old20,n592,East Village,location,0,False,False,,,False,False
90,old20,n593,the other person,person,0,False,False,,,False,False
90,old20,n594,the ski,clue_object,0,False,False,,,False,False
90,old20,n595,little girl,clue_object,0,False,False,,,False,False
90,old20,n596,denunciation letter,clue_object,1,False,False,,,False,False
90,old20,n597,Planning to Commit a Crime letter,clue_object,1,False,False,,,False,False
90,old20,n598,letter writer,clue_object,3,False,False,,,True,True
90,old20,n599,Obscure Manor,location,2,False,False,,,True,True
90,old20,n600,Detective Seno,person,5,False,False,,,True,True
90,old20,n601,local police officer,person,1,False,False,,,False,False
90,old20,n602,Taeko Yajima,person,0,False,False,,,False,False
90,old20,n603,Tadashi Yoshida,person,0,False,False,,,False,False
90,old20,n604,inn main entrance,location,0,False,False,,,False,False
90,old20,n605,coffee cup,clue_object,0,False,False,,,False,False
90,old20,n606,coffee grounds,clue_object,0,False,False,,,False,False
90,old20,n607,snow mounds,clue_object,2,False,False,,,False,False
90,old20,n608,stake,clue_object,1,False,False,,,False,False
90,old20,n609,journalists and family members,person,1,False,False,,,False,False
90,old20,n610,shovel,clue_object,1,False,False,,,False,False
90,old20,n611,young man's corpse,clue_object,2,False,False,,,False,True
90,old20,n612,Tadao Sato,person,4,False,False,,,True,True
90,old20,n613,her sister,person,1,False,False,,,False,False
90,old20,n614,the police chief,person,0,False,False,,,False,False
90,old20,n615,Yuki-no-sen,location,0,False,False,,,False,False
90,old20,n616,Mr. Miyagi,person,0,False,False,,,False,False
90,old20,n617,the relatives of Mr. Miyagi,person,0,False,False,,,False,False
90,old20,n618,Mr. Hoshino,person,0,False,False,,,False,False
90,old20,n619,the note saying 'I was wrong',clue_object,0,False,False,,,False,False
90,old20,n620,Detective Hattori,person,3,False,False,,,True,True
90,old20,n621,Ueno Station newsstand,location,1,False,False,,,False,False
90,old20,n623,Central News,person,1,False,False,,,False,False
90,old20,n624,Kudo-san,person,1,False,False,,,False,False
90,old20,n625,Tatiana Yasuoka,person,1,False,False,,,False,False
90,old20,n626,Fudou Kyoko,person,1,False,False,,,False,False
90,old20,n627,Senda,person,1,False,False,,,False,False
90,old20,n628,Watari Tetsuji,person,1,False,False,,,False,False
90,old20,n630,Genroku Pavilion,location,1,False,False,,,False,False
90,old20,n631,Tajō Shinfu,person,1,False,False,,,False,False
90,old20,n632,Kishi brothers,person,0,False,False,,,False,False
90,old20,n633,Detective Kamiya,person,1,False,False,,,False,False
90,old20,n634,Crystal Center Store,clue_object,1,False,False,,,False,False
90,old20,n635,Ikebukuro,location,2,False,False,,,True,True
90,old20,n636,Shinbashi,location,0,False,False,,,False,False
90,old20,n637,Chado University,location,1,False,False,,,False,False
90,old20,n638,Tokyo Station,location,1,False,False,,,False,False
90,old20,n639,Mr. Takagi,person,0,False,False,,,False,False
90,old20,n640,observation tower,clue_object,0,False,False,,,False,False
90,old20,n641,Tatsuya Yasuko,person,0,False,False,,,False,False
90,old20,n642,Mr. Nishizaki,person,0,False,False,,,False,False
90,old20,n643,Yotsuya Station,location,1,False,False,,,False,False
90,old20,n644,Shibuya Station,location,0,False,False,,,False,False
90,old20,n645,Yotsuya-sagamachi,location,0,False,False,,,False,False
90,old20,n646,Snow View Lodge,location,0,False,False,,,False,False
90,old20,n647,Tateyama Norio,person,0,False,False,,,False,False
90,old20,n648,May 26th,time_anchor,1,False,False,,,False,False
90,old20,n649,noon,time_anchor,0,False,False,,,False,False
90,old20,n650,9 pm,time_anchor,0,False,False,,,False,False
90,old20,n651,6:30 pm,time_anchor,0,False,False,,,False,False
90,old20,n652,120 million yen,clue_object,0,False,False,,,False,False
90,old20,n653,three-year-old girl,person,0,False,False,,,False,False
90,old20,n654,mother,person,0,False,False,,,False,False
90,old20,n655,Yamanaka Tarō,person,1,False,False,,,False,False
90,old20,n656,station staff member,person,1,False,False,,,False,False
90,old20,n657,man of about thirty years old,person,1,False,False,,,False,False
90,old20,n658,Gokuhara,person,1,False,False,,,False,False
90,old20,n659,body,clue_object,1,False,False,,,False,False
90,old20,n660,mask,clue_object,0,False,False,,,False,False
90,old20,n661,Tatsumiya Yuzuko,person,0,False,False,,,False,False
90,old20,n662,Snow Mountain Inn,location,1,False,False,,,False,False
90,old20,n663,Tatsumiya Yuzuko's suicide note,clue_object,0,False,False,,,False,False
90,old20,n664,Kubo Kyoko's suicide note,clue_object,0,False,False,,,False,False
90,old20,n665,Tei no Ue restaurant,location,2,False,False,,,False,True
90,old20,n666,Aoyama,person,0,False,False,,,False,False
90,old20,n667,Akagawa,person,0,False,False,,,False,False
90,old20,n668,Gansho,location,0,False,False,,,False,False
90,old20,n669,Sakuma,person,1,False,False,,,False,False
90,old20,n670,Mr. Ashikawa,person,1,False,False,,,False,False
90,old20,n671,Wakizaki Jun,person,1,False,False,,,False,False
90,old20,n672,the Oyama House,location,2,False,False,,,False,False
90,old20,n673,original manuscript,clue_object,2,False,False,,,False,False
90,old20,n674,newspaper,clue_object,1,False,False,,,False,False
90,old20,n675,fingerprints on the desk,clue_object,1,False,False,,,False,False
90,old20,n676,Westaki Pure,person,3,False,False,,,True,True
90,old20,n677,Nishiki Jun,person,0,False,False,,,False,False
90,old20,n678,Gensho-son Hotel,location,0,False,False,,,False,False
90,old20,n679,Early Humble,person,2,False,False,,,False,False
90,old20,n680,Tatsuya Yoshida,person,1,False,False,,,False,False
90,old20,n681,Yasuda Kanosuke,person,0,False,False,,,False,False
90,old20,n682,Hayashi Kaguya,person,1,False,False,,,False,False
90,old20,n683,Hakuba,person,0,False,False,,,False,False
90,old20,n684,old man,person,1,False,False,,,False,False
90,old20,n685,dining hall,location,0,False,False,,,False,False
90,old20,n686,fifty-plank,person,0,False,False,,,False,False
90,old20,n687,Morning,person,0,False,False,,,False,False
90,old20,n688,Senko,person,0,False,False,,,False,False
90,old20,n689,hotel entrance,location,0,False,False,,,False,False
90,old20,n690,hotel lobby,location,0,False,False,,,False,False
90,old20,n691,restaurant,location,0,False,False,,,False,False
90,old20,n692,ballpoint pen,clue_object,0,False,False,,,False,False
90,old20,n693,memo pad,clue_object,0,False,False,,,False,False
90,old20,n694,black phone,clue_object,0,False,False,,,False,False
90,old20,n695,Kuroiwa's sister,person,1,False,False,,,False,False
90,old20,n696,Zemushi,person,1,False,False,,,False,False
90,old20,n697,self-defense team,person,0,False,False,,,False,False
90,old20,n698,walkie-talkie,clue_object,1,False,False,,,False,False
90,old20,n699,Jiao Island,person,0,False,False,,,False,False
90,old20,n700,police cars and ambulances,clue_object,0,False,False,,,False,False
90,old20,n701,The tall one,person,0,False,False,,,False,False
90,old20,n702,police station,location,1,False,False,,,False,False
90,old20,n703,headquarters,location,0,False,False,,,False,False
90,old20,n704,Jingji,person,0,False,False,,,False,False
90,old20,n705,Kojima Katsujiro,person,3,False,False,,,False,False
90,old20,n706,"Chiyoda-ku, Tokyo",location,1,False,False,,,False,False
90,old20,n707,wanted photo,clue_object,1,False,False,,,False,False
90,old20,n708,alibi,evidence_sentence,1,False,False,,,False,False
90,old20,n709,Mr. Yasuoka,person,0,False,False,,,False,False
90,old20,n710,Suguro,person,0,False,False,,,False,False
90,old20,n711,Detective Kei,person,0,False,False,,,False,False
90,old20,n712,Detective Nakamura,person,0,False,False,,,False,False
90,old20,n713,suitcases,clue_object,0,False,False,,,False,False
90,old20,n714,police officer,person,0,False,False,,,False,False
90,old20,n715,target,clue_object,0,False,False,,,False,False
90,old20,n716,arcade,location,0,False,False,,,False,False
90,old20,n717,rock,clue_object,0,False,False,,,False,False
90,old20,n718,Fujimura,person,1,False,False,,,False,False
90,old20,n719,Fujimori,person,1,False,False,,,False,False
90,old20,n720,Fukuyama-san,person,0,False,False,,,False,False
90,old20,n721,cards,clue_object,0,False,False,,,False,False
90,old20,n722,central line,location,2,False,False,,,True,True
90,old20,n723,Mr. Kusaka,person,1,False,False,,,False,False
90,old20,n724,side door,clue_object,1,False,False,,,False,False
90,old20,n725,passbook,clue_object,0,False,False,,,False,False
90,old20,n726,house,location,2,False,False,,,False,True
90,old20,n727,Tsugiko Teruhide,person,2,False,False,,,False,False
90,old20,n728,Kouji,person,1,False,False,,,False,False
90,old20,n729,Tsugiko Teruhide's brother,person,1,False,False,,,False,False
90,old20,n730,Yasuko's mother,person,1,False,False,,,False,False
90,old20,n731,Zembo,person,1,False,False,,,False,False
90,old20,n732,notebook,clue_object,1,False,False,,,False,False
90,old20,n733,Komoriwa,person,0,False,False,,,False,False
90,old20,n734,Mounta Taaro,person,0,False,False,,,False,False
90,old20,n735,Dezuki,person,0,False,False,,,False,False
90,old20,n736,Yoshida-san,person,0,False,False,,,False,False
90,old20,n737,Zemura,person,0,False,False,,,False,False
90,old20,n738,safe key,clue_object,1,False,False,,,False,False
90,old20,n739,safe,clue_object,1,False,False,,,False,False
90,old20,n740,brown envelope,clue_object,1,False,False,,,False,False
90,old20,n741,"black, dry bloodstain",clue_object,1,False,False,,,False,False
90,old20,n742,inn's office,location,4,False,False,,,False,True
90,old20,n743,Chiyoda,location,0,False,False,,,False,False
90,old20,n744,Jun Kurokawa,person,0,False,False,,,False,False
90,old20,n745,Tatsuya Sugita,person,0,False,False,,,False,False
90,old20,n746,Nobuaki Fujisawa,person,0,False,False,,,False,False
90,old20,n747,Hiroshi Nishida,person,0,False,False,,,False,False
90,old20,n748,Toru Harada,person,0,False,False,,,False,False
90,old20,n749,young policeman,person,0,False,False,,,False,False
90,old20,n750,Yae Asakura,person,1,False,False,,,False,False
90,old20,n751,middle-aged policeman,person,4,False,False,,,False,True
90,old20,n752,dead man's luggage,clue_object,1,False,False,,,False,False
90,old20,n753,skiing equipment,clue_object,1,False,False,,,False,False
90,old20,n754,letter from the Snow Resort,clue_object,1,False,False,,,False,False
90,old20,n755,Snow Resort,location,0,False,False,,,False,False
93,new10,n1,Saito,person,1,False,False,,,False,False
93,new10,n2,Terada Cong,person,3,False,False,,,False,False
93,new10,n3,Meikichi Nakagawa,person,1,False,False,,,False,False
93,new10,n4,Chief Inspector Tsubaki Smartly,person,0,False,False,,,False,False
93,new10,n5,Reiko Shirogane,person,2,False,False,,,False,False
93,new10,n6,Director's Room,location,7,False,False,,,True,False
93,new10,n7,First Investigation Division,location,1,False,False,,,False,False
93,new10,n8,corridor,location,1,True,False,801,,False,False
93,new10,n9,Red Museum,location,6,False,False,,,False,False
93,new10,n10,Kudo,person,7,False,False,,,True,False
93,new10,n11,Tomoe,person,1,False,False,,,False,False
93,new10,n12,Tokyo,location,2,False,False,,,False,True
93,new10,n13,QR code label,clue_object,0,False,False,,,False,False
93,new10,n14,Xiaoqiang,person,1,False,False,,,False,False
93,new10,n15,Zhao Xiang,person,1,False,False,,,False,False
93,new10,n16,Nakagawa Meiko,person,2,False,False,,,False,False
93,new10,n17,director's office,location,7,False,False,,,True,False
93,new10,n18,assistant room,location,6,False,False,,,True,False
93,new10,n20,library director,person,4,False,False,,,True,False
93,new10,n21,storage box,clue_object,1,False,False,,,False,False
93,new10,n22,evidence bag,clue_object,0,False,False,,,False,False
93,new10,n23,case,event,0,True,True,1388,1388,False,False
93,new10,n24,email,evidence_sentence,1,False,False,,,False,False
93,new10,n25,Inspector,person,0,False,False,,,False,False
93,new10,n26,Crime Data Museum,location,2,False,False,,,False,True
93,new10,n27,she,person,5,False,False,,,True,False
93,new10,n28,director,person,3,False,False,,,False,False
93,new10,n29,Nishijima Bread Co.,location,2,False,False,,,True,True
93,new10,n30,Nakajima,person,2,False,False,,,True,True
93,new10,n31,secretary,person,1,False,False,,,False,False
93,new10,n32,police,location,11,True,False,617;1205,,True,True
93,new10,n33,500 million yen ransom,clue_object,2,False,False,,,True,True
93,new10,n34,threatening letter (first),evidence_sentence,5,False,False,,,True,True
93,new10,n35,threatening letter (second),evidence_sentence,1,False,False,,,False,False
93,new10,n36,miniature microphone,clue_object,2,False,False,,,True,True
93,new10,n37,car,clue_object,6,False,False,,,True,True
93,new10,n38,perpetrator,person,10,True,False,617;1169;1170;1171;1205;1752,,True,True
93,new10,n39,investigation headquarters,location,2,False,False,,,True,True
93,new10,n40,president,person,35,True,True,170;200;204;208;277;390;1169,390,True,True
93,new10,n41,culprit,person,4,False,False,,,True,True
93,new10,n42,abandoned house,location,18,True,False,170;208;277,,True,True
93,new10,n43,searchers,person,2,False,False,,,True,True
93,new10,n44,search headquarters,location,4,True,False,170,,True,True
93,new10,n45,criminal,person,0,True,False,200;204;277,,False,False
93,new10,n46,air raid shelter,location,3,False,False,,,True,True
93,new10,n47,suspicious two-lane road,location,1,False,False,,,False,False
93,new10,n48,Mr. Nakamura,person,2,False,False,,,True,True
93,new10,n49,note,clue_object,1,False,False,,,False,False
93,new10,n50,flashlight,clue_object,1,False,False,,,False,False
93,new10,n51,briefcase,clue_object,4,True,False,170;277,,True,True
93,new10,n52,8:30 p.m.,time_anchor,0,False,False,,,False,False
93,new10,n53,9:20 a.m.,time_anchor,0,False,False,,,False,False
93,new10,n54,30 minutes,time_anchor,1,False,False,,,False,False
93,new10,n55,mini microphone,clue_object,2,True,False,170,,True,True
93,new10,n56,headphones,clue_object,1,False,False,,,False,False
93,new10,n57,search officers,person,4,False,False,,,True,True
93,new10,n58,New Vine,person,2,False,False,,,True,True
93,new10,n59,Kanai,person,2,False,False,,,True,True
93,new10,n60,five billion yen in cash,clue_object,1,True,False,170,,False,False
93,new10,n61,Detective Matsumoto,person,1,True,False,332,,False,False
93,new10,n62,Detective Ishibashi,person,1,True,False,332,,False,False
93,new10,n63,Mr. Yoshida,person,1,True,False,332,,False,False
93,new10,n64,Scarlet,person,3,False,False,,,False,True
93,new10,n65,checkpoints,location,1,False,False,,,False,False
93,new10,n66,CEO,person,1,False,False,,,False,False
93,new10,n67,money,clue_object,2,False,False,,,False,True
93,new10,n68,company president,person,5,False,False,,,True,True
93,new10,n69,five billion,clue_object,1,True,False,170,,False,False
93,new10,n70,Detective Takagi,person,3,False,False,,,True,True
93,new10,n71,investigators monitoring the scene,person,1,False,False,,,False,False
93,new10,n72,Lexus,clue_object,5,False,False,,,True,True
93,new10,n73,7 PM,time_anchor,4,False,False,,,True,True
93,new10,n74,president's house,location,5,False,False,,,True,True
93,new10,n75,Birdwell Inspector,person,3,False,False,,,True,True
93,new10,n76,Investigation Department,location,15,True,False,170,,True,True
93,new10,n77,Detective Oyama,person,2,False,False,,,True,True
93,new10,n78,third suspect,person,2,False,False,,,True,True
93,new10,n79,phone call event,event,3,False,False,,,True,True
93,new10,n80,prepaid phone,clue_object,3,True,False,200,,True,True
93,new10,n81,Daiwell,location,3,False,False,,,True,True
93,new10,n82,Kokubunji City,location,3,False,False,,,True,True
93,new10,n83,Rikuzentakata City,location,2,False,False,,,True,True
93,new10,n84,Nakamura Bread Company,event,2,False,False,,,True,True
93,new10,n85,Yamanashi,location,1,False,False,,,False,False
93,new10,n86,Detective Ohmoto,person,2,False,False,,,True,True
93,new10,n87,threat to Nakamura Bread Company,event,2,False,False,,,True,True
93,new10,n88,killing,event,1,False,False,,,False,False
93,new10,n89,alibi,evidence_sentence,2,False,False,,,True,True
93,new10,n90,fake president,person,8,True,True,170;200;204;208;277;390,390,True,True
93,new10,n91,search team members,person,2,False,False,,,False,True
93,new10,n92,disguise,clue_object,1,False,False,,,False,False
93,new10,n93,door's shadow,location,1,False,False,,,False,False
93,new10,n94,Inspector Tsuboi,person,1,False,False,,,False,False
93,new10,n95,Anata,person,1,False,False,,,False,False
93,new10,n96,Midoriya Bread Company,location,1,False,False,,,False,False
93,new10,n97,Detective Ueno,person,2,False,False,,,True,True
93,new10,n98,the second threatening letter,clue_object,5,False,False,,,True,True
93,new10,n99,the first threatening letter,clue_object,5,False,False,,,True,False
93,new10,n100,corporate threat incident,event,2,False,False,,,True,True
93,new10,n101,"paper, envelope, printer model, and font",clue_object,1,False,False,,,False,False
93,new10,n102,Midori Bread Company,location,2,False,False,,,True,True
93,new10,n103,culprit who sent the first threatening letter,person,4,False,False,,,True,False
93,new10,n104,sender of second letter,person,3,False,False,,,True,True
93,new10,n105,murder of CEO,event,4,False,False,,,True,False
93,new10,n106,media conclusion,evidence_sentence,2,False,False,,,True,False
93,new10,n107,needle in bread,clue_object,1,False,False,,,False,False
93,new10,n108,Professor Oyama,person,2,True,False,492,,False,True
93,new10,n109,Yongjing Estate,location,3,False,False,,,True,True
93,new10,n110,opposite apartment building,location,3,False,False,,,True,True
93,new10,n111,two-story low-rise houses,location,2,False,False,,,True,True
93,new10,n112,research group's appreciation party,event,1,False,False,,,False,False
93,new10,n113,Miyuki,person,7,False,False,,,True,True
93,new10,n114,balcony,location,2,False,False,,,True,True
93,new10,n115,door handle of the entrance,clue_object,1,False,False,,,False,False
93,new10,n116,fireproof cloth,clue_object,2,False,False,,,True,True
93,new10,n117,Masako,person,2,False,False,,,True,True
93,new10,n118,Masayo,person,6,False,False,,,True,True
93,new10,n119,Maki,person,4,False,False,,,True,True
93,new10,n120,Masae,person,2,False,False,,,True,True
93,new10,n121,Auntie Fujimura,person,1,False,False,,,False,False
93,new10,n122,the person in the kimono,person,1,False,False,,,False,False
93,new10,n123,the entrance hall,location,1,False,False,,,False,False
93,new10,n124,Masako's death event,event,1,False,False,,,False,False
93,new10,n125,Masayuki,person,2,True,False,614,,False,True
93,new10,n126,the new lover,person,0,True,False,642,,False,False
93,new10,n127,Dresser,person,2,False,False,,,True,True
93,new10,n128,Clothier,person,6,True,False,642;643,,True,True
93,new10,n129,Aunt Fushimi,person,1,True,False,643,,False,False
93,new10,n130,married man,person,1,False,False,,,False,False
93,new10,n131,family and friends,location,2,True,False,643,,True,True
93,new10,n132,infidelity,event,1,False,False,,,False,False
93,new10,n133,father's infidelity,event,1,False,False,,,False,False
93,new10,n134,mother,person,1,True,False,611,,False,False
93,new10,n135,parents,person,4,False,False,,,True,True
93,new10,n136,Narrator,person,25,False,False,,,True,True
93,new10,n137,Petite Woman,person,1,False,False,,,False,False
93,new10,n138,Mr. Otsuka,person,8,False,False,,,True,True
93,new10,n139,Steel Factory,location,1,False,False,,,False,False
93,new10,n140,Entrance Ceremony Speech Event,event,1,False,False,,,False,False
93,new10,n141,apartment,location,1,True,True,2052,2052,False,False
93,new10,n142,entrance,location,1,True,False,801,,False,False
93,new10,n143,the glass cup I had drunk tea from,clue_object,3,False,False,,,True,True
93,new10,n144,the doorknob,clue_object,1,False,False,,,False,False
93,new10,n145,'International Law',clue_object,2,False,False,,,True,True
93,new10,n146,the paper knife on the desk,clue_object,2,False,False,,,True,True
93,new10,n147,Okura,person,3,True,False,797,,True,True
93,new10,n148,the air conditioning,clue_object,1,True,False,801,,False,False
93,new10,n149,the lights,clue_object,3,True,False,801,,True,True
93,new10,n150,woman in her forties,person,2,False,False,,,False,True
93,new10,n151,Ochiai,person,1,True,False,801,,False,False
93,new10,n152,Oyama,person,6,True,False,200,,True,True
93,new10,n153,Hachioji City,location,2,True,False,816,,False,False
93,new10,n154,September 1993,time_anchor,0,True,False,816,,False,False
93,new10,n155,notebook,clue_object,0,False,False,,,False,False
93,new10,n156,sheath knife,clue_object,0,True,False,816,,False,False
93,new10,n157,polyethylene bag containing the victim's clothes,clue_object,0,True,False,816,,False,False
93,new10,n158,victim's clothes,evidence_sentence,0,True,False,816,,False,False
93,new10,n159,assistant's room,location,1,True,False,816,,False,False
93,new10,n160,Takao Kouichi,person,5,True,False,829,,True,True
93,new10,n161,diary,clue_object,5,True,True,829;965;1035,1035,True,True
93,new10,n162,Yaezakura Mansion,location,2,False,False,,,True,True
93,new10,n163,September 3rd,time_anchor,3,True,False,829,,True,True
93,new10,n164,woman living next to Otsuka,person,2,True,False,829,,True,True
93,new10,n165,Kei,person,4,False,False,,,True,True
93,new10,n166,Midori,person,1,False,False,,,False,False
93,new10,n167,Akane Matsui,person,3,False,False,,,True,False
93,new10,n168,Akatsuka,location,1,False,False,,,False,False
93,new10,n169,1993 September 8th murder case,event,3,False,False,,,True,False
93,new10,n170,librarian,person,4,False,False,,,True,False
93,new10,n171,suspect's diary,clue_object,1,False,False,,,False,False
93,new10,n172,curator's room,location,1,False,False,,,False,False
93,new10,n173,Tōru,person,1,False,False,,,False,False
93,new10,n174,Pinky,person,1,False,False,,,False,False
93,new10,n175,Middle Island Bread Company blackmail and president murder case,event,2,False,False,,,False,True
93,new10,n176,Hachioji City case,event,1,False,False,,,False,False
93,new10,n177,diary of Takao Nagase,clue_object,1,False,False,,,False,False
93,new10,n178,Yae Miyuki's house in Shizuoka City,location,1,False,False,,,False,False
93,new10,n179,Shizuoka City,location,2,False,False,,,False,True
93,new10,n180,Hikari,person,4,False,False,,,True,True
93,new10,n181,Criminal Records Museum,location,1,False,False,,,False,False
93,new10,n182,Ken,person,0,False,False,,,False,False
93,new10,n183,Red Plum,person,1,False,False,,,False,False
93,new10,n184,Honda family's house,location,1,False,False,,,False,False
93,new10,n185,September 6th,time_anchor,1,False,False,,,False,False
93,new10,n186,air conditioner,clue_object,3,False,False,,,True,True
93,new10,n187,High,person,4,False,False,,,True,True
93,new10,n188,Fujiko,person,11,False,False,,,True,True
93,new10,n189,10 pm,time_anchor,1,False,False,,,False,False
93,new10,n190,real killer,person,5,True,False,1853,,True,True
93,new10,n191,Shuang,person,1,False,False,,,False,False
93,new10,n192,Masuyama,person,1,False,False,,,False,False
93,new10,n193,September 3rd at 10:00 pm,time_anchor,1,False,False,,,False,False
93,new10,n194,Massu,person,1,False,False,,,False,False
93,new10,n195,Auon,person,1,False,False,,,False,False
93,new10,n196,Zhong,person,0,False,False,,,False,False
93,new10,n197,telephone call records,evidence_sentence,1,False,False,,,False,False
93,new10,n198,latent fingerprints,clue_object,0,False,False,,,False,False
93,new10,n199,blood type,clue_object,0,False,False,,,False,False
93,new10,n200,DNA test results,clue_object,0,False,False,,,False,False
93,new10,n201,door handle,clue_object,2,True,False,801,,True,True
93,new10,n202,homicide,event,2,False,False,,,True,True
93,new10,n203,suicide by jumping,event,2,False,False,,,True,True
93,new10,n204,Mariko,person,2,False,False,,,False,True
93,new10,n205,Oyama's house,location,1,False,False,,,False,False
93,new10,n206,Sophia's diary,clue_object,1,False,False,,,False,False
93,new10,n207,The plot of revenge,event,1,False,False,,,False,False
93,new10,n208,The murder of Oyama,event,1,False,False,,,False,False
93,new10,n209,The suicide of Masako,event,1,False,False,,,False,False
93,new10,n210,The police investigation,event,1,False,False,,,False,False
93,new10,n211,September 1st at 11:00 AM,time_anchor,1,False,False,,,False,False
93,new10,n212,Takao,person,2,False,False,,,True,False
93,new10,n213,call records,clue_object,4,False,False,,,True,True
93,new10,n214,Takagi,person,7,False,False,,,True,True
93,new10,n215,Naito,person,1,False,False,,,False,False
93,new10,n216,the body,evidence_sentence,0,True,True,1115;1425;1853;2052,1425;2052,False,False
93,new10,n217,the hospital,location,4,True,False,1115,,True,True
93,new10,n218,husband,person,15,True,False,1115;1133,,True,True
93,new10,n219,uncle,person,1,True,False,1133,,False,False
93,new10,n220,father,person,0,False,False,,,False,False
93,new10,n221,United States,location,1,True,False,1152;1205,,False,False
93,new10,n222,1988,time_anchor,4,True,False,1152;1346,,True,True
93,new10,n223,September 19th,time_anchor,3,True,False,1133;1171;1174,,True,True
93,new10,n224,Akiko,person,1,False,False,,,False,False
93,new10,n225,Yoshinobu,person,6,False,False,,,True,True
93,new10,n226,Yoshinobu's uncle,person,1,False,False,,,False,False
93,new10,n227,Koyama Shizue,person,7,True,False,1752,,True,True
93,new10,n228,Yaezawa,location,1,False,False,,,False,False
93,new10,n229,Setagawa Ward,location,1,False,False,,,False,False
93,new10,n230,Kuniharu,person,4,False,False,,,True,False
93,new10,n231,Shiko,person,4,False,False,,,True,False
93,new10,n232,Taki Hiroshi,person,8,False,False,,,True,False
93,new10,n233,board chairman's daughter,person,2,False,False,,,True,False
93,new10,n234,president of Aka Fuutou Company,person,0,False,False,,,False,False
93,new10,n235,Kunori Junichi,person,1,False,False,,,False,False
93,new10,n236,Keiichiro,person,1,False,False,,,False,False
93,new10,n237,Fudate Masami,person,2,False,False,,,False,True
93,new10,n238,Fudate Yoshinobu,person,1,False,False,,,False,False
93,new10,n239,Central Medical University Hospital,location,1,False,False,,,False,False
93,new10,n240,Truejiro,person,1,False,False,,,False,False
93,new10,n241,Tomoki,person,0,False,False,,,False,False
93,new10,n242,September 12,time_anchor,1,False,False,,,False,False
93,new10,n243,America,location,3,False,False,,,True,True
93,new10,n244,the evening of the 20th,time_anchor,1,False,False,,,False,False
93,new10,n245,funeral,event,1,False,False,,,False,False
93,new10,n246,Fudou Yoshinobu,person,1,False,False,,,False,False
93,new10,n247,Kunihiko,person,1,False,False,,,False,False
93,new10,n248,Tokyo Metropolitan Police Department's Criminal Investigation Records Office,location,1,False,False,,,False,False
93,new10,n249,Takeda Hiroshi murder case,event,0,False,False,,,False,False
93,new10,n250,Zhou Jing Hong,person,1,False,False,,,False,False
93,new10,n251,Sugita,person,1,False,False,,,False,False
93,new10,n252,Sugita's uncle,person,2,False,False,,,True,True
93,new10,n253,exchange murder,event,8,True,False,1152,,True,True
93,new10,n254,Ei,person,2,False,False,,,False,False
93,new10,n255,Tempei,person,0,False,False,,,False,False
93,new10,n256,Keiichi Sugiyama,person,1,False,False,,,False,False
93,new10,n257,Kumagawa Jin,person,1,False,False,,,False,False
93,new10,n258,Cōng,person,2,False,False,,,False,True
93,new10,n259,Hit-and-Run Doctor Murder Case,event,3,False,False,,,False,False
93,new10,n260,Higashiu City Cherry Blossom Hill,location,1,False,False,,,False,False
93,new10,n261,sixth floor of the company's headquarters,location,1,False,False,,,False,False
93,new10,n262,Honda Takao,person,3,False,False,,,True,False
93,new10,n263,Honda Tomoko,person,4,False,False,,,True,True
93,new10,n264,Yasutomo Sato,person,1,False,False,,,False,False
93,new10,n265,Eimi,person,1,False,False,,,False,False
93,new10,n266,Fukiko,person,3,False,False,,,False,True
93,new10,n267,Paozi,person,3,False,False,,,True,True
93,new10,n268,Yingmei,person,3,False,False,,,True,True
93,new10,n269,Crime Records Museum,location,2,False,False,,,True,True
93,new10,n270,ashes,clue_object,7,False,False,,,True,False
93,new10,n271,snow woman,person,0,False,False,,,False,False
93,new10,n272,murdered body,evidence_sentence,2,False,False,,,False,False
93,new10,n273,same location,location,1,True,True,2052,2052,False,False
93,new10,n274,twenty-six years ago case,event,3,False,False,,,False,True
93,new10,n275,same perpetrator,person,1,True,False,1752,,False,False
93,new10,n276,6 pm,time_anchor,1,False,False,,,False,False
93,new10,n277,investigation materials from twenty-six years ago,clue_object,2,False,False,,,False,True
93,new10,n278,facility for preserving evidence,location,1,False,False,,,False,False
93,new10,n279,hundreds of other unsolved cases,event,0,False,False,,,False,False
93,new10,n280,science investigation techniques that couldn't be used in the twenty-six-year-old case,clue_object,1,False,False,,,False,False
93,new10,n281,Imai Masafumi,person,2,False,False,,,True,True
93,new10,n282,the wise man,person,2,False,False,,,True,True
93,new10,n283,middle island bread company president murder case,event,0,False,False,,,False,False
93,new10,n284,police academy classmate,person,2,False,False,,,True,True
93,new10,n285,hallway,location,1,False,False,,,False,False
93,new10,n286,Cai,person,2,False,False,,,False,False
93,new10,n287,Xiangsui,person,2,False,False,,,False,False
93,new10,n288,sweater,clue_object,4,False,False,,,True,True
93,new10,n289,search team,event,4,False,False,,,True,True
93,new10,n290,Kurenai,person,1,False,False,,,False,False
93,new10,n291,Tsukamoto,person,1,False,False,,,False,False
93,new10,n292,Jun,person,1,False,False,,,False,False
93,new10,n293,crime data library,location,3,False,False,,,False,False
93,new10,n294,office,location,1,False,False,,,False,False
93,new10,n295,current case,event,3,True,True,1388,1388,True,True
93,new10,n296,Chou,person,1,False,False,,,False,False
93,new10,n297,killer,person,42,True,False,617;1169;1170;1171;1205;1752,,True,True
93,new10,n298,victim's clothes (current),clue_object,1,False,False,,,False,False
93,new10,n299,blood sample (current),clue_object,2,False,False,,,True,True
93,new10,n300,victim's clothes (past),clue_object,2,False,False,,,True,True
93,new10,n301,blood trace (past),clue_object,2,False,False,,,True,True
93,new10,n302,person closely related to killer,person,2,False,False,,,True,True
93,new10,n303,news,time_anchor,1,False,False,,,False,False
93,new10,n304,blood comparison result,evidence_sentence,1,False,False,,,False,False
93,new10,n305,[1983],time_anchor,1,False,False,,,False,False
93,new10,n306,media professional,person,1,False,False,,,False,False
93,new10,n307,Fujino Junsubo,person,2,False,False,,,False,False
93,new10,n308,victim's clothes owner (twenty-six years ago),person,3,False,False,,,True,False
93,new10,n309,current blood owner (her son),person,1,False,False,,,False,False
93,new10,n310,blood comparison result press conference,event,1,False,False,,,False,False
93,new10,n311,blood samples relationship investigation,event,1,False,False,,,False,False
93,new10,n312,grandfather-grandson blood samples,evidence_sentence,1,False,False,,,False,False
93,new10,n313,her father,person,4,False,False,,,True,False
93,new10,n314,son,person,1,False,False,,,False,False
93,new10,n315,blood samples,clue_object,3,True,False,1919;1920,,True,False
93,new10,n316,crematorium,location,1,False,False,,,False,False
93,new10,n317,fire victims' ashes,clue_object,2,False,False,,,True,False
93,new10,n318,DNA identification technology,event,2,False,False,,,True,False
93,new10,n319,Fujinuma Pureza,person,2,False,False,,,False,True
93,new10,n320,crime records archive,location,2,False,False,,,False,True
93,new10,n321,case twenty-six years ago,event,4,False,False,,,True,False
93,new10,n322,blood that wanted to be subjected to a paternity test,evidence_sentence,1,False,False,,,False,False
93,new10,n323,twenty-six years ago,time_anchor,1,True,False,1752,,False,False
93,new10,n324,Hibana Shizuka,person,1,False,False,,,False,False
93,new10,n325,Crime Museum,location,2,False,False,,,False,False
93,new10,n326,Fukuda,person,5,False,False,,,True,True
93,new10,n327,private DNA testing institution,location,2,False,False,,,True,False
93,new10,n328,crime records office,location,2,False,False,,,True,True
93,new10,n329,man she killed twenty-six years ago,person,1,False,False,,,False,False
93,new10,n330,nosebleed,clue_object,1,False,False,,,False,False
93,new10,n331,Akane Sugita,person,2,False,False,,,False,False
93,new10,n332,Homicide Department,location,1,False,False,,,False,False
93,new10,n333,crime,event,1,True,True,1169;1170;1205;1388;1528;1676,1388;1676,False,False
93,new10,n334,press conference,event,2,False,False,,,True,False
93,new10,n335,Homicide Department Inspector,person,1,False,False,,,False,False
93,new10,n336,Kono,person,1,False,False,,,False,False
93,new10,n337,Akari Museum,location,1,False,False,,,False,False
93,new10,n338,Yamazaki,person,1,False,False,,,False,False
93,new10,n339,Akiba Matsuri,person,1,False,False,,,False,False
93,new10,n340,Shibata Chief Inspector,person,1,False,False,,,False,False
93,new10,n341,search vehicle,clue_object,3,False,False,,,False,True
93,new10,n342,parking lot,location,1,False,False,,,False,False
93,new10,n343,Miyao,person,1,False,False,,,False,False
93,new10,n344,Aki,person,1,False,False,,,False,False
93,new10,n345,Kurenai Satsuki,person,1,False,False,,,False,False
93,new10,n346,father's blood,evidence_sentence,1,False,False,,,False,False
93,new10,n347,Atsugi Police Station,location,1,False,False,,,False,False
93,new10,n348,5:30 pm,time_anchor,1,False,False,,,False,False
93,new10,n349,Ii,person,1,False,False,,,False,False
93,new10,n350,Nishijima Bread Company blackmail and murder case,event,1,False,False,,,False,False
93,new10,n351,Miyako,person,4,False,False,,,False,True
93,new10,n352,Hironobu Harada,person,0,False,False,,,False,False
93,new10,n353,Oyama group's laboratory,location,1,False,False,,,False,False
93,new10,n354,first of March,time_anchor,1,False,False,,,False,False
93,new10,n355,six months ago,time_anchor,1,True,False,542,,False,False
93,new10,n356,three months,time_anchor,1,True,False,614,,False,False
93,new10,n357,tsuri,person,2,False,False,,,False,True
93,new10,n358,Shiojiri district,location,1,False,False,,,False,False
93,new10,n359,state-owned funeral home,location,3,False,False,,,False,True
93,new10,n360,2 pm,time_anchor,1,False,False,,,False,False
93,new10,n361,Miyuki's child's father,person,1,True,False,617,,False,False
93,new10,n362,Haneda,person,0,False,False,,,False,False
93,new10,n363,young people,person,1,False,False,,,False,False
93,new10,n364,mentors of the research group or teachers,person,0,False,False,,,False,False
93,new10,n365,Aya-san,person,1,False,False,,,False,False
93,new10,n366,Sato,person,7,False,False,,,True,True
93,new10,n367,Nakamura Meiko,person,2,False,False,,,False,False
93,new10,n368,September 4th,time_anchor,1,False,False,,,False,False
93,new10,n369,Ikebukuro,location,1,False,False,,,False,False
93,new10,n370,izakaya in front of Ikebukuro Station,location,1,False,False,,,False,False
93,new10,n371,small car,clue_object,5,False,False,,,True,True
93,new10,n372,company,location,1,True,True,328;1425,1425,False,False
93,new10,n373,Yomikawa,person,1,False,False,,,False,False
93,new10,n374,Tachikawa City,location,1,False,False,,,False,False
93,new10,n375,fleeing accident doctor killing case,event,1,False,False,,,False,False
93,new10,n376,Suginami,location,1,False,False,,,False,False
93,new10,n377,noon,time_anchor,1,False,False,,,False,False
93,new10,n378,8 pm,time_anchor,1,False,False,,,False,False
93,new10,n379,sister's body,clue_object,1,False,False,,,False,False
93,new10,n380,victim's sweater sleeve,clue_object,2,True,False,1752,,False,True
93,new10,n381,bloodstains from twenty-six years ago,clue_object,1,False,False,,,False,False
93,new10,n382,incident,event,12,True,False,798;1524;1528,,True,True
93,new10,n383,studio,location,1,False,False,,,False,False
93,new10,n384,host,person,1,False,False,,,False,False
93,new10,n385,Kou,person,5,False,False,,,True,False
93,new10,n386,President Nakajima,person,1,False,False,,,False,False
93,new10,n387,Glico case,event,1,False,False,,,False,False
93,new10,n388,investigation records,evidence_sentence,1,False,False,,,False,False
93,new10,n389,police school,location,1,False,False,,,False,False
93,new10,n390,five o'clock appointment,event,1,False,False,,,False,False
93,new10,n391,corporate intimidation cases,event,2,False,False,,,False,True
93,new10,n392,Yuki,person,4,False,False,,,True,False
93,new10,n393,café,location,1,False,False,,,False,False
93,new10,n394,Mr. Harada,person,4,False,False,,,True,False
93,new10,n395,Aunt Fujiko,person,1,False,False,,,False,False
93,new10,n396,Honda,person,2,False,False,,,True,True
93,new10,n397,Fumiko Honda,person,4,False,False,,,True,True
93,new10,n398,society,location,1,False,False,,,False,False
93,new10,n399,Jun Yuan,person,3,False,False,,,False,True
93,new10,n400,Soichiro,person,1,False,False,,,False,False
93,new10,n401,the photo on the wall,clue_object,1,False,False,,,False,False
93,new10,n402,twenty-year-old girl,person,1,False,False,,,False,False
93,new10,n403,Shibazaki Satoru,person,3,False,False,,,True,True
93,new10,n404,the evidence from twenty years ago cases,evidence_sentence,2,False,False,,,True,True
93,new10,n405,Takao Nakajima,person,2,False,False,,,False,True
93,new10,n407,Third Major Crimes Investigation Eighth Division,location,1,False,False,,,False,False
93,new10,n408,National Library of Congress,location,1,False,False,,,False,False
93,new10,n409,Kumi,person,3,False,False,,,False,True
93,new10,n410,Chief Inspector,person,1,False,False,,,False,False
93,new10,n411,crime records library,location,2,False,False,,,False,True
93,new10,n412,old pickup truck,clue_object,1,False,False,,,False,False
93,new10,n413,suitcase,clue_object,1,False,False,,,False,False
93,new10,n414,February 21st,time_anchor,2,False,False,,,False,True
93,new10,n416,Mr. Ueno,person,1,True,False,328,,False,False
93,new10,n417,Mr. Ueno's house,location,2,True,False,328,,True,True
93,new10,n418,surveillance team,person,1,False,False,,,False,False
93,new10,n419,phone handset's microphone,clue_object,1,False,False,,,False,False
93,new10,n420,Kouji,person,2,False,False,,,True,False
93,new10,n421,Sakamura Haruo,person,3,False,False,,,False,True
93,new10,n422,Tokyo Waterworks Bureau,location,1,False,False,,,False,False
93,new10,n423,"Choubu City, Kakinoha",location,1,False,False,,,False,False
93,new10,n424,Sakamura Real Estate Company,location,1,False,False,,,False,False
93,new10,n425,North Akabu dist,location,1,False,False,,,False,False
93,new10,n426,air conditioner and lights,clue_object,2,False,False,,,True,False
93,new10,n427,incident involving Taki Hiroshi,event,4,True,False,1524;1528,,True,False
93,new10,n428,incident involving Sakamura Haruo,event,1,True,False,1524;1528,,False,False
93,new10,n429,the living room,location,1,False,False,,,False,False
93,new10,n430,the house,location,7,True,True,1676,1676,True,True
93,new10,n431,the investigation,event,4,False,False,,,True,False
93,new10,n432,footprints,clue_object,1,False,False,,,False,False
93,new10,n433,blackmailer,person,2,False,False,,,True,True
93,new10,n434,cash,clue_object,1,False,False,,,False,False
93,new10,n435,phone company,location,3,False,False,,,True,True
93,new10,n436,Takahashi Yusuke,person,5,True,False,208,,True,True
93,new10,n437,Anada's house,location,2,True,False,208,,True,True
93,new10,n438,Utsunomiya City,location,2,True,False,208,,True,True
93,new10,n439,abandoned house in Handa-mura,location,2,True,False,208,,True,True
93,new10,n440,Anada Junichi,person,4,True,False,208,,True,True
93,new10,n441,Ando's car,clue_object,2,False,False,,,True,True
93,new10,n442,car accident,event,3,True,True,837,837,True,True
93,new10,n443,Crimson Museum,location,3,False,False,,,True,False
93,new10,n444,Shizuka,person,3,False,False,,,True,False
93,new10,n445,search department,location,2,False,False,,,True,False
93,new10,n446,regional department of the police station,location,1,False,False,,,False,False
93,new10,n447,February 2005,time_anchor,1,False,False,,,False,False
93,new10,n448,Criminal Procedure Code Amendment Bill of 2010,evidence_sentence,1,False,False,,,False,False
93,new10,n449,statute of limitations for blackmail,evidence_sentence,2,False,False,,,False,True
93,new10,n450,murder investigation,event,2,False,False,,,False,True
93,new10,n451,Toku,person,1,False,False,,,False,False
93,new10,n452,[232],person,2,False,False,,,False,True
93,new10,n453,Zhu,person,3,False,False,,,True,True
93,new10,n454,"Nakamura Bread Co., Ltd.",location,1,False,False,,,False,False
93,new10,n455,Nakamura Hiroshi,person,2,False,False,,,False,False
93,new10,n456,Detective Birdwell,person,2,False,False,,,True,True
93,new10,n457,receptionist,person,1,False,False,,,False,False
93,new10,n458,Detective Yoshino,person,2,False,False,,,False,True
93,new10,n459,Detective Temple,person,1,False,False,,,False,False
93,new10,n460,Akane Tsukishiro,person,1,False,False,,,False,False
93,new10,n461,Tominaga-san,person,0,False,False,,,False,False
93,new10,n462,Investigation First Section,location,0,False,False,,,False,False
93,new10,n463,Violent Crime Investigation Section,location,0,False,False,,,False,False
93,new10,n464,Special Violent Crime Investigation Section,location,1,False,False,,,False,False
93,new10,n465,continuation of the investigation unit,location,3,False,False,,,True,True
93,new10,n466,Nishijima Bread Company,location,3,False,False,,,True,True
93,new10,n467,Shinagawa Station,location,3,False,False,,,True,True
93,new10,n468,Takayuki Takahashi,person,4,False,False,,,True,True
93,new10,n469,Detective Kon,person,3,False,False,,,True,True
93,new10,n470,red-colored Shiroka,clue_object,1,False,False,,,False,False
93,new10,n471,investigation progress report,evidence_sentence,1,False,False,,,False,False
93,new10,n472,Mr. Takahashi,person,2,False,False,,,False,True
93,new10,n473,Reiko Shizuka,person,1,False,False,,,False,False
93,new10,n474,the man,person,2,True,False,1091,,False,True
93,new10,n475,Go friends,event,2,False,False,,,False,True
93,new10,n476,Room 603,location,1,False,False,,,False,False
93,new10,n477,my apartment,location,1,False,False,,,False,False
93,new10,n478,5 PM today,time_anchor,1,False,False,,,False,False
93,new10,n479,Saturday,time_anchor,1,True,False,1519,,False,False
93,new10,n480,the night of the incident,time_anchor,1,False,False,,,False,False
93,new10,n481,fifteen years ago,time_anchor,1,False,False,,,False,False
93,new10,n482,neighboring boss's room,location,1,False,False,,,False,False
93,new10,n483,the cause,event,1,True,False,1512,,False,False
93,new10,n484,his wife,person,3,True,True,1205;1388;1425,1388;1425,False,True
93,new10,n485,the daughter,person,1,False,False,,,False,False
93,new10,n486,Yuki-chan,person,4,False,False,,,True,True
93,new10,n487,Isogai-san,person,2,False,False,,,True,True
93,new10,n488,Professor Iseki,person,2,False,False,,,True,True
93,new10,n489,Professor Iwamura,person,3,False,False,,,True,True
93,new10,n490,coffee shop near the university,location,1,False,False,,,False,False
93,new10,n491,research group's congratulatory meeting,event,1,False,False,,,False,False
93,new10,n492,Mr. Oyama,person,1,False,False,,,False,False
93,new10,n493,Auntie Fujimi,person,2,False,False,,,False,True
93,new10,n494,this relationship,event,2,False,False,,,False,False
93,new10,n495,my phone,clue_object,2,False,False,,,True,True
93,new10,n496,the waiting room,location,1,False,False,,,False,False
93,new10,n497,a bench in the lobby,location,1,False,False,,,False,False
93,new10,n498,murder weapon,clue_object,1,False,False,,,False,False
93,new10,n499,Yasuhiko Harada,person,1,False,False,,,False,False
93,new10,n500,Kouichi Takano,person,4,False,False,,,True,True
93,new10,n501,Obara,person,2,False,False,,,True,True
93,new10,n502,Gaojian,person,1,False,False,,,False,False
93,new10,n503,Miyabi,person,3,False,False,,,True,True
93,new10,n504,Fujimiya,person,2,False,False,,,False,True
93,new10,n505,Quanlei Apartments,location,2,False,False,,,False,True
93,new10,n506,the burglary,event,2,False,False,,,False,True
93,new10,n507,Kouzai Toshiyuki,person,1,False,False,,,False,False
93,new10,n508,dead realm,location,1,False,False,,,False,False
93,new10,n509,Jitendra,person,2,False,False,,,True,True
93,new10,n510,large truck,clue_object,4,False,False,,,True,True
93,new10,n511,middle-aged man,person,3,False,False,,,True,True
93,new10,n512,curve,location,1,False,False,,,False,False
93,new10,n513,road,location,2,False,False,,,True,True
93,new10,n514,airbag,clue_object,1,False,False,,,False,False
93,new10,n515,seatbelt,clue_object,2,False,False,,,True,True
93,new10,n516,Tomobe Masayoshi,person,1,True,False,1171,,False,False
93,new10,n517,Fujita Yoshinobu,person,3,False,False,,,True,True
93,new10,n518,Fuyuki,person,1,False,False,,,False,False
93,new10,n519,exchange murder case,event,4,True,False,1152,,True,True
93,new10,n520,statute of limitations,time_anchor,2,False,False,,,False,False
93,new10,n521,re-investigation,event,2,False,False,,,True,True
93,new10,n522,Rokudo Maki,person,4,False,False,,,True,False
93,new10,n523,investigation records storage room,location,1,False,False,,,False,False
93,new10,n524,murder of the entrepreneur in Kamakura City,event,3,False,False,,,True,False
93,new10,n525,Kamakura City,location,1,False,False,,,False,False
93,new10,n526,murder of the fleeing doctor in Hachioji City,event,3,False,False,,,True,False
93,new10,n527,murder of the president of Akaba Real Estate Company,event,2,False,False,,,True,False
93,new10,n528,Yoshida Yoshio,person,0,False,False,,,False,False
93,new10,n529,twenty-five-year-old exchange murder case,event,0,False,False,,,False,False
93,new10,n530,Numata City,location,1,False,False,,,False,False
93,new10,n531,Yutaka Fujita,person,6,True,False,1205,,True,True
93,new10,n532,Fuji,location,1,False,False,,,False,False
93,new10,n533,September 20th,time_anchor,1,False,False,,,False,False
93,new10,n534,golf club,clue_object,2,False,False,,,True,True
93,new10,n535,safe,clue_object,2,False,False,,,True,True
93,new10,n536,brother of Sato,person,2,False,False,,,True,True
93,new10,n537,Sugiyama,person,3,True,False,1169,,True,True
93,new10,n538,JNR Kyozaki Line train,location,1,False,False,,,False,False
93,new10,n540,Tomoyuki Yoshida,person,1,False,False,,,False,False
93,new10,n541,Akio,person,6,False,False,,,True,False
93,new10,n542,Kubo Jun,person,3,False,False,,,True,False
93,new10,n543,Tsuyama Keiichiro,person,2,False,False,,,True,False
93,new10,n544,Kubo Fumio,person,1,False,False,,,False,False
93,new10,n545,Jun Origami,person,1,False,False,,,False,False
93,new10,n546,Sugiyama Kei,person,3,False,False,,,True,True
93,new10,n547,Yuzuki Shouji,person,3,False,False,,,True,False
93,new10,n548,Cowherd and the Weaver Girl,event,2,False,False,,,True,False
93,new10,n549,crime data center,location,2,False,False,,,False,False
93,new10,n550,Friend of Justice,person,4,False,False,,,True,True
93,new10,n551,Jun Harumi,person,1,False,False,,,False,False
93,new10,n552,Friend of Justice's company,location,1,False,False,,,False,False
93,new10,n553,Sugiyama's company,location,1,False,False,,,False,False
93,new10,n554,Yosuke Fudou,person,2,False,False,,,True,True
93,new10,n555,Keiji,person,5,False,False,,,True,True
93,new10,n556,Yudate Masao,person,1,False,False,,,False,False
93,new10,n557,Ikebukuro Station,location,1,False,False,,,False,False
93,new10,n558,murder-for-hire,event,1,False,False,,,False,False
93,new10,n559,alibi based on meeting someone randomly on the street,evidence_sentence,2,False,False,,,True,True
93,new10,n560,contradiction regarding Yudate Masao's dominant hand,evidence_sentence,1,False,False,,,False,False
93,new10,n561,Yoshida Yoshimitsu,person,1,True,False,1346,,False,False
93,new10,n562,X,person,4,False,False,,,True,True
93,new10,n563,True,person,2,False,False,,,False,True
93,new10,n564,Yoshio Ueda,person,1,False,False,,,False,False
93,new10,n565,Masami,person,4,False,False,,,True,True
93,new10,n566,Quintaro Minetani,person,3,False,False,,,True,True
93,new10,n567,Meiji,person,3,False,False,,,True,True
93,new10,n568,Tomiko,person,2,False,False,,,False,True
93,new10,n569,uncle's death,event,2,False,False,,,False,True
93,new10,n570,Shinobu Miyajima,person,2,False,False,,,False,False
93,new10,n571,investigation period,time_anchor,1,False,False,,,False,False
93,new10,n572,Mom,person,3,False,False,,,True,True
93,new10,n573,Tanaka,person,2,False,False,,,False,False
93,new10,n574,Tomo,person,2,False,False,,,False,False
93,new10,n575,document,clue_object,1,False,False,,,False,False
93,new10,n576,fetus of the pregnant female,evidence_sentence,2,False,False,,,False,True
93,new10,n577,burn marks on the bodies,evidence_sentence,3,True,False,1512,,True,True
93,new10,n578,cyanide potassium,clue_object,4,True,False,1512,,True,True
93,new10,n579,carbon monoxide poisoning,evidence_sentence,1,True,False,1512,,False,False
93,new10,n580,QR code case,event,1,False,False,,,False,False
93,new10,n581,Zhang Fu,person,3,True,False,1519,,True,False
93,new10,n582,Jingzi,person,10,False,False,,,True,False
93,new10,n583,gasoline,clue_object,1,True,True,1514;1676,1676,False,False
93,new10,n584,plastic bucket,clue_object,1,True,False,1514,,False,False
93,new10,n585,Akane Akiba,person,1,False,False,,,False,False
93,new10,n586,Honda Igarashi,person,1,False,False,,,False,False
93,new10,n587,Eiko,person,3,False,False,,,True,False
93,new10,n588,incident in 1992,event,1,False,False,,,False,False
93,new10,n589,solo exhibition,event,2,False,False,,,True,False
93,new10,n590,gallery in Ginza,location,3,False,False,,,True,False
93,new10,n591,Engomi,person,3,False,False,,,True,False
93,new10,n592,Liang Cong,person,2,False,False,,,False,False
93,new10,n593,Coffee Shop on the first floor,location,1,False,False,,,False,False
93,new10,n594,Scarlet Suguro,person,2,False,False,,,True,True
93,new10,n595,Terao,person,2,False,False,,,True,True
93,new10,n596,trading company,location,1,False,False,,,False,False
93,new10,n597,aunt,person,4,False,False,,,True,True
93,new10,n598,kindergarten,location,5,False,False,,,True,True
93,new10,n599,Inoue,person,1,False,False,,,False,False
93,new10,n600,Hibiki Shiroku,person,0,False,False,,,False,False
93,new10,n601,Connie,person,2,False,False,,,False,False
93,new10,n602,Central Line train,location,2,False,False,,,False,False
93,new10,n603,basement gallery,location,2,False,False,,,False,True
93,new10,n604,residential buildings,clue_object,1,False,False,,,False,False
93,new10,n605,cyanide potassium poisoning event,event,1,False,False,,,False,False
93,new10,n606,"Honda and his wife, along with Yuki",person,1,False,False,,,False,False
93,new10,n607,five-year-old Inamori hypothesis,evidence_sentence,0,False,False,,,False,False
93,new10,n608,Hibiki,person,4,False,False,,,True,True
93,new10,n609,Honda couple and Yuki,event,2,False,False,,,True,True
93,new10,n610,kindergarten teacher,person,3,False,False,,,True,True
93,new10,n611,Emma's parents and her aunt,person,2,False,False,,,True,True
93,new10,n612,Emma,person,2,False,False,,,False,True
93,new10,n613,collective overnight stay at the kindergarten,event,1,False,False,,,False,False
93,new10,n614,Hibiki's article,evidence_sentence,1,False,False,,,False,False
93,new10,n615,kettle,clue_object,1,False,False,,,False,False
93,new10,n616,Yoshimi,person,6,False,False,,,True,False
93,new10,n617,Honda family,person,2,False,False,,,True,False
93,new10,n618,murderer,person,3,False,False,,,True,False
93,new10,n619,Setagaya,location,2,True,False,1170,,True,False
93,new10,n620,Honda family's land,clue_object,3,False,False,,,True,False
93,new10,n621,Honda couple,person,2,False,False,,,True,False
93,new10,n622,Honda's house,location,1,True,False,1528,,False,False
93,new10,n623,Jingmei,person,2,False,False,,,True,True
93,new10,n624,kindergarten teachers,person,2,False,False,,,True,True
93,new10,n625,principal,person,5,False,False,,,True,True
93,new10,n626,Taro,person,4,False,False,,,True,False
93,new10,n627,cyanide,clue_object,2,False,False,,,True,False
93,new10,n628,water bottle,clue_object,2,False,False,,,True,False
93,new10,n629,red tea leaves,clue_object,1,False,False,,,False,False
93,new10,n630,Jingzi's ex-boyfriend,person,2,True,False,1525,,False,False
93,new10,n631,fire,event,2,False,False,,,False,False
93,new10,n632,Keiko,person,1,False,False,,,False,False
93,new10,n633,Tomoko,person,4,False,False,,,False,False
93,new10,n634,ex-boyfriend,person,1,True,True,1170;1519;1524;1525;1676,1676,False,False
93,new10,n635,housewives,person,1,False,False,,,False,False
93,new10,n636,sister,person,1,True,False,1519,,False,False
93,new10,n637,brother-in-law,person,1,False,False,,,False,False
93,new10,n638,Honda's company,location,1,False,False,,,False,False
93,new10,n639,Pingzi,person,1,False,False,,,False,False
93,new10,n640,Zhanghu,person,2,False,False,,,False,False
93,new10,n641,Maine State University,location,1,False,False,,,False,False
93,new10,n642,Pengzi,person,5,False,False,,,True,False
93,new10,n643,house fire,event,2,False,False,,,True,False
93,new10,n644,suicide by poisoning,event,1,False,False,,,False,False
93,new10,n645,pregnancy test,clue_object,2,False,False,,,True,False
93,new10,n646,DNA comparison,clue_object,2,False,False,,,True,False
93,new10,n647,age estimation error,clue_object,2,False,False,,,True,False
93,new10,n648,confusion of identities,event,3,False,False,,,True,False
93,new10,n649,Eng Mei,person,1,False,False,,,False,False
93,new10,n650,tea,clue_object,1,False,False,,,False,False
93,new10,n651,crime day,time_anchor,1,True,True,1676,1676,False,False
93,new10,n652,Higekomori,person,1,False,False,,,False,False
93,new10,n653,Sofa in the corner of the room,location,1,False,False,,,False,False
93,new10,n654,Komi,person,2,False,False,,,True,False
93,new10,n655,Current Case Scene,event,2,True,False,170,,False,True
93,new10,n656,Victim (Past),person,1,False,False,,,False,False
93,new10,n657,Killer (Current),person,2,True,False,617;1169;1170;1171;1205;1752,,False,True
93,new10,n658,Killer (Past),person,2,True,False,617;1169;1170;1171;1205;1752,,False,True
93,new10,n659,Imitator Killer Theory,evidence_sentence,1,False,False,,,False,False
93,new10,n660,search department chief,person,2,False,False,,,True,True
93,new10,n661,disposal site,clue_object,2,False,False,,,True,True
93,new10,n662,body position,clue_object,2,False,False,,,True,True
93,new10,n663,weapon shape,clue_object,2,False,False,,,True,True
93,new10,n664,Mountaki Dohfu,person,1,False,False,,,False,False
93,new10,n665,method of murder twenty-six years ago,evidence_sentence,2,False,False,,,True,True
93,new10,n666,situation at the scene twenty-six years ago,evidence_sentence,2,False,False,,,True,True
93,new10,n667,publicly available information,evidence_sentence,2,True,False,1752,,True,True
93,new10,n668,recreated situation,event,6,False,False,,,True,True
93,new10,n669,Dai Shou,person,5,False,False,,,True,True
93,new10,n670,Shinya Takahashi,person,2,False,False,,,True,True
93,new10,n671,search records,clue_object,1,False,False,,,False,False
93,new10,n672,search section,location,1,False,False,,,False,False
93,new10,n673,Takeda Ryuji,person,2,False,False,,,False,True
93,new10,n674,December 8th to the early morning of December 9th,time_anchor,1,True,False,1853,,False,False
93,new10,n675,Tome,person,1,False,False,,,False,False
93,new10,n676,the killer from twenty-six years ago,person,2,False,False,,,False,True
93,new10,n677,Shin,person,3,False,False,,,True,False
93,new10,n678,Detective Fukutaka,person,1,False,False,,,False,False
93,new10,n679,Chief Inspector Yamazaki,person,2,False,False,,,True,False
93,new10,n680,Mountsaki,person,1,False,False,,,False,False
93,new10,n681,owners of the blood samples,person,2,True,False,1920,,True,False
93,new10,n682,"president of Reddy Real Estate Co., Ltd.",person,1,False,False,,,False,False
93,new10,n683,"Reddy Real Estate Co., Ltd.",location,2,False,False,,,False,True
93,new10,n684,Saitou Chiaki,person,2,False,False,,,True,True
93,new10,n685,brother of the president,person,1,False,False,,,False,False
93,new10,n686,Chiyoko Shiozawa,person,4,True,True,1388,1388,True,True
93,new10,n687,July morning,time_anchor,2,False,False,,,True,True
93,new10,n688,seaside resort facility,location,2,False,False,,,True,True
93,new10,n689,alibi at hair salon,evidence_sentence,1,True,True,1388,1388,False,False
93,new10,n690,Temple Taichi,person,3,False,False,,,False,False
93,new10,n691,city of Mitaka,location,1,False,False,,,False,False
93,new10,n692,October 7th at 9:00 a.m.,time_anchor,1,False,False,,,False,False
93,new10,n693,Hibikiko,person,0,False,False,,,False,False
93,new10,n694,Engi-ri,person,1,False,False,,,False,False
93,new10,n695,medical records,clue_object,2,False,False,,,True,True
93,new10,n696,restaurant,location,4,True,False,1514,,False,True
93,new10,n697,cup of black tea,clue_object,2,False,False,,,False,True
93,new10,n698,burnt dining table,location,1,False,False,,,False,False
93,new10,n699,cheap lighter casing,clue_object,1,True,False,1514,,False,False
93,new10,n700,fire incident,event,1,True,False,1514,,False,False
93,new10,n701,suicide scenario,event,1,False,False,,,False,False
93,new10,n702,homicide scenario,event,1,False,False,,,False,False
93,new10,n703,Akutagawa,person,1,False,False,,,False,False
93,new10,n704,Senri-so,location,2,False,False,,,False,True
93,new10,n705,Hinode,location,1,False,False,,,False,False
93,new10,n706,Takao Hosaka,person,3,False,False,,,False,True
93,new10,n707,the investigating officer,person,1,False,False,,,False,False
93,new10,n708,the truck driver,person,1,False,False,,,False,False
93,new10,n709,a small car,clue_object,1,False,False,,,False,False
93,new10,n710,savings books and cash,clue_object,1,False,False,,,False,False
93,new10,n711,Masaki,person,2,False,False,,,True,True
93,new10,n712,Mikami Shinpei,person,1,False,False,,,False,False
93,new10,n713,Nishi-Futakotamagawa,location,2,False,False,,,False,True
93,new10,n714,Ota City,location,1,False,False,,,False,False
93,new10,n715,Auntie,person,0,False,False,,,False,False
93,new10,n716,two unfamiliar women,person,4,False,False,,,True,True
93,new10,n717,welfare institution,location,2,False,False,,,True,True
93,new10,n718,teddy bear,clue_object,1,False,False,,,False,False
93,new10,n719,embroidery,clue_object,1,False,False,,,False,False
93,new10,n720,tulips,clue_object,1,False,False,,,False,False
93,new10,n721,orphanage staff,person,2,False,False,,,True,True
93,new10,n722,digital camera,clue_object,1,False,False,,,False,False
97,new10,n1,Yutao,person,1,False,False,,,False,False
97,new10,n2,girls' dormitory,location,28,True,False,619;1821;2765,,True,True
97,new10,n3,Qinglian,location,3,False,False,,,False,False
97,new10,n4,Qinglian Academy,location,2,False,False,,,True,True
97,new10,n5,Yitao,person,3,False,False,,,True,True
97,new10,n6,Wu Tai,person,2,False,False,,,False,True
97,new10,n7,murder case,event,0,True,False,1818,,False,False
97,new10,n8,tragic incident,event,1,True,False,1653,,False,False
97,new10,n9,apartment,location,13,True,False,852,,True,True
97,new10,n10,house,location,3,False,False,,,True,True
97,new10,n11,dream,time_anchor,1,False,False,,,False,False
97,new10,n12,consequences,event,1,False,False,,,False,False
97,new10,n13,Wutao,person,10,False,False,,,True,True
97,new10,n14,Hokuraku,person,23,False,False,,,True,True
97,new10,n15,teacher,person,1,False,False,,,False,False
97,new10,n16,student,person,0,False,False,,,False,False
97,new10,n17,Duo,person,4,False,False,,,True,False
97,new10,n18,Kurokuma,person,2,False,False,,,True,False
97,new10,n19,Sen,person,2,False,False,,,True,False
97,new10,n20,Qianfan,person,50,True,False,1127,,True,True
97,new10,n21,stranger,person,2,True,False,1882,,False,True
97,new10,n22,she,person,2,False,False,,,True,True
97,new10,n23,key,clue_object,11,False,False,,,True,True
97,new10,n24,handkerchief,clue_object,2,False,False,,,True,True
97,new10,n25,gutter,location,4,False,False,,,True,True
97,new10,n26,sidewalk,location,1,False,False,,,False,False
97,new10,n27,Japanese sake,clue_object,1,False,False,,,False,False
97,new10,n28,Thousand Sails,person,1,True,False,1127,,False,False
97,new10,n29,Takayama Qianfan,person,3,False,False,,,False,False
97,new10,n30,Kakutani Hiromi,person,1,False,False,,,False,False
97,new10,n31,Higuchi Kou,person,2,False,False,,,False,False
97,new10,n32,bank clerk-looking man,person,1,False,False,,,False,False
97,new10,n33,New Year's holiday,time_anchor,1,False,False,,,False,False
97,new10,n34,Aoi,person,1,False,False,,,False,False
97,new10,n35,Hakuromi,person,5,False,False,,,True,False
97,new10,n36,the crime time,time_anchor,1,True,False,1653,,False,False
97,new10,n37,11:10,time_anchor,2,True,False,622,,True,False
97,new10,n38,the witness identity,clue_object,2,False,False,,,True,False
97,new10,n39,the weapon,clue_object,2,False,False,,,True,False
97,new10,n40,the knife,clue_object,1,False,False,,,False,False
97,new10,n41,the narrator,person,8,False,False,,,True,True
97,new10,n42,the gray-haired man,person,1,False,False,,,False,False
97,new10,n43,the room,location,1,True,False,619;622;1818,,False,False
97,new10,n44,the park bench,location,2,False,False,,,False,True
97,new10,n45,the vending machine,clue_object,1,False,False,,,False,False
97,new10,n46,the 'side dish' object,clue_object,1,False,False,,,False,False
97,new10,n47,the city center,location,1,False,False,,,False,False
97,new10,n48,downtown area,location,3,False,False,,,False,True
97,new10,n49,city bus,clue_object,1,False,False,,,False,False
97,new10,n50,taxi,clue_object,2,False,False,,,False,True
97,new10,n51,bicycle,clue_object,1,False,False,,,False,False
97,new10,n52,dorm room keys,clue_object,2,False,False,,,True,True
97,new10,n53,main entrance,location,2,False,False,,,True,True
97,new10,n54,nighttime,time_anchor,3,False,False,,,True,True
97,new10,n55,10 pm roll call,event,2,False,False,,,True,True
97,new10,n56,roommate substitution,event,2,False,False,,,True,True
97,new10,n57,walking to downtown,event,1,False,False,,,False,False
97,new10,n58,sneaking out,event,5,False,False,,,True,True
97,new10,n59,graduation status change,event,1,True,False,1818;1868,,False,False
97,new10,n60,last night,time_anchor,1,True,False,622,,False,False
97,new10,n61,the victim,person,8,False,False,,,True,True
97,new10,n62,Aoi-san,person,1,False,False,,,False,False
97,new10,n63,the senator,person,1,False,False,,,False,False
97,new10,n64,Room 201,location,6,True,False,622,,True,True
97,new10,n65,a black Boston bag,clue_object,2,False,False,,,False,True
97,new10,n66,the coin-operated locker at the station,location,1,False,False,,,False,False
97,new10,n67,a witness's testimony,evidence_sentence,2,False,False,,,True,True
97,new10,n68,a bloody mess,evidence_sentence,0,False,False,,,False,False
97,new10,n69,incident,event,17,True,False,466,,True,True
97,new10,n70,suspect,evidence_sentence,5,False,False,,,True,True
97,new10,n71,Wei,person,13,True,False,474,,True,True
97,new10,n72,mother,person,5,False,False,,,True,True
97,new10,n73,father,person,3,False,False,,,True,True
97,new10,n74,girls' dorm,location,5,True,False,619;1821;2765,,True,True
97,new10,n75,exam,event,1,False,False,,,False,False
97,new10,n76,university decision process,event,1,False,False,,,False,False
97,new10,n77,Kuroba Kou,person,3,False,False,,,False,True
97,new10,n78,Wei Daojing,person,2,False,False,,,False,False
97,new10,n79,Hachikubo Miyuki,person,2,False,False,,,False,False
97,new10,n80,Aoshima,person,1,False,False,,,False,False
97,new10,n81,guidance room,location,4,False,False,,,True,True
97,new10,n82,rumors,evidence_sentence,1,False,False,,,False,False
97,new10,n83,plan,event,1,False,False,,,False,False
97,new10,n84,entrance examination,event,1,False,False,,,False,False
97,new10,n85,Xiangcheng,person,11,False,False,,,True,True
97,new10,n86,Linda's matter,event,2,False,False,,,True,True
97,new10,n87,backup key,clue_object,0,False,False,,,False,False
97,new10,n88,women's restroom,location,1,False,False,,,False,False
97,new10,n89,last year's thing,event,1,False,False,,,False,False
97,new10,n90,honeymoon trip,event,1,False,False,,,False,False
97,new10,n91,Wei Dao,person,0,False,False,,,False,False
97,new10,n92,Linda,person,16,False,False,,,True,True
97,new10,n93,south,location,2,False,False,,,False,True
97,new10,n94,Okinawa,location,1,False,False,,,False,False
97,new10,n95,Wei Dao murder theory,event,1,False,False,,,False,False
97,new10,n96,Anshu University,location,0,False,False,,,False,False
97,new10,n97,Nanguma Kobato,person,1,False,False,,,False,False
97,new10,n98,Mr. Ueda's class,location,1,False,False,,,False,False
97,new10,n99,Noma,person,1,False,False,,,False,False
97,new10,n100,the murder last night,event,2,False,False,,,False,True
97,new10,n101,Nohara-senpai,person,2,False,False,,,False,True
97,new10,n102,the freshman classmate,person,2,False,False,,,False,True
97,new10,n103,a vase,clue_object,2,False,False,,,False,True
97,new10,n104,the sliding glass door on the balcony,clue_object,1,False,False,,,False,False
97,new10,n105,the hallway,location,0,False,False,,,False,False
97,new10,n106,san,person,1,False,False,,,False,False
97,new10,n107,Todo-sensei,person,2,False,False,,,False,True
97,new10,n108,Kurosu-san,person,1,False,False,,,False,False
97,new10,n109,Chihaya,person,10,False,False,,,True,True
97,new10,n110,Kuno-san,person,1,False,False,,,False,False
97,new10,n111,Uichou Sensei,person,1,False,False,,,False,False
97,new10,n112,rumor about him and Kuno-san,clue_object,3,False,False,,,True,True
97,new10,n113,shampoo,clue_object,1,False,False,,,False,False
97,new10,n114,letters from my family,clue_object,2,False,False,,,True,True
97,new10,n115,pocket money,clue_object,2,False,False,,,True,True
97,new10,n116,man who spread the rumor,person,2,True,False,113;121;619,,True,True
97,new10,n117,Little Lily,person,4,False,False,,,True,True
97,new10,n119,Kakunuma,person,1,False,False,,,False,False
97,new10,n120,Teacher Waido,person,1,False,False,,,False,False
97,new10,n121,Miyabi,person,1,False,False,,,False,False
97,new10,n122,Professor Teng,person,1,False,False,,,False,False
97,new10,n123,Able Horse,person,2,False,False,,,False,True
97,new10,n124,Komomo,person,1,False,False,,,False,False
97,new10,n125,Anju,person,3,False,False,,,True,True
97,new10,n126,the murderer,event,2,True,False,1876,,False,True
97,new10,n127,the store,location,2,True,False,466;467,,True,True
97,new10,n128,Aoki-san,person,4,False,False,,,True,True
97,new10,n129,all men,person,3,False,False,,,True,True
97,new10,n130,women,person,2,False,False,,,False,True
97,new10,n131,root-level jealousy of all women due to narcissism,evidence_sentence,1,False,False,,,False,False
97,new10,n132,hatred suppressed in the depths of consciousness,evidence_sentence,3,False,False,,,True,True
97,new10,n133,Matsuba Yongzi,person,1,False,False,,,False,False
97,new10,n134,Qianshan,person,8,False,False,,,True,True
97,new10,n135,Qingmu,person,1,False,False,,,False,False
97,new10,n136,Taiyou Jin,event,1,False,False,,,False,False
97,new10,n137,hometown,location,3,False,False,,,True,True
97,new10,n138,cage,clue_object,1,False,False,,,False,False
97,new10,n139,envelope containing the application and attachments,clue_object,1,False,False,,,False,False
97,new10,n140,Anzhu University,location,1,False,False,,,False,False
97,new10,n141,triangular Catholic church,location,2,False,False,,,True,True
97,new10,n142,square,location,2,False,False,,,True,True
97,new10,n143,envelope,clue_object,2,False,False,,,False,True
97,new10,n144,binoculars,clue_object,1,False,False,,,False,False
97,new10,n145,post office,location,1,False,False,,,False,False
97,new10,n146,Room 202,location,1,False,False,,,False,False
97,new10,n147,Chiyoko,person,8,False,False,,,True,True
97,new10,n148,February 20th,time_anchor,1,False,False,,,False,False
97,new10,n149,Maiko,person,1,False,False,,,False,False
97,new10,n150,Yue,person,3,False,False,,,True,True
97,new10,n151,Kanemaru-san,person,1,False,False,,,False,False
97,new10,n152,Detective Tsujimoto,person,0,False,False,,,False,False
97,new10,n153,the killer,person,27,True,True,619;1127;1439;1695,1695,True,True
97,new10,n154,that place,location,2,False,False,,,False,True
97,new10,n155,the two cases,event,1,False,False,,,False,False
97,new10,n156,handbook,clue_object,2,True,False,1632,,True,True
97,new10,n157,Kato,person,2,False,False,,,True,True
97,new10,n158,Mukura,person,1,False,False,,,False,False
97,new10,n159,Thousand,person,3,True,False,1127,,False,True
97,new10,n160,Higashio Kouji family,location,1,False,False,,,False,False
97,new10,n161,X,person,25,False,False,,,True,True
97,new10,n162,A,person,1,False,False,,,False,False
97,new10,n163,public telephone booth,location,1,False,False,,,False,False
97,new10,n164,poisoned whiskey,clue_object,1,False,False,,,False,False
97,new10,n165,High-san,person,1,False,False,,,False,False
97,new10,n166,Yohji,person,1,False,False,,,False,False
97,new10,n167,whiskey,clue_object,2,False,False,,,True,True
97,new10,n168,Scottish whiskey,clue_object,2,False,False,,,True,True
97,new10,n169,river,location,9,False,False,,,True,True
97,new10,n170,stairwell,location,1,False,False,,,False,False
97,new10,n171,February 18th,time_anchor,1,False,False,,,False,False
97,new10,n172,Chienfan,person,57,False,False,,,True,True
97,new10,n173,New Year's Eve,time_anchor,1,False,False,,,False,False
97,new10,n174,rabbit,clue_object,4,False,False,,,True,True
97,new10,n175,High Thousand,person,2,False,False,,,False,True
97,new10,n176,sake,clue_object,1,False,False,,,False,False
97,new10,n177,Anzui,location,1,False,False,,,False,False
97,new10,n178,Shota,person,1,False,False,,,False,False
97,new10,n179,carpenter,person,1,False,False,,,False,False
97,new10,n180,college student,person,5,False,False,,,True,True
97,new10,n181,Thousand Snow,person,1,False,False,,,False,False
97,new10,n182,brother,person,3,False,False,,,True,True
97,new10,n183,Qianxiao,person,3,False,False,,,True,True
97,new10,n184,plane,clue_object,1,False,False,,,False,False
97,new10,n185,Qianshao,person,6,False,False,,,True,True
97,new10,n186,Higashida Sayuri,person,3,False,False,,,True,True
97,new10,n187,a woman like you,person,1,False,False,,,False,False
97,new10,n188,Craftsman,person,9,False,False,,,True,True
97,new10,n189,Thousand Crane,person,2,False,False,,,True,True
97,new10,n190,Takano,person,0,False,False,,,False,False
97,new10,n191,bird-feathered junior high school student,person,1,False,False,,,False,False
97,new10,n192,bird-feathered Shizuka,person,2,False,False,,,True,True
97,new10,n193,neighbors,person,1,False,False,,,False,False
97,new10,n194,Anzu,location,2,False,False,,,True,True
97,new10,n195,Kagami,person,4,False,False,,,True,True
97,new10,n196,Kurokami Hikari,person,3,False,False,,,True,True
97,new10,n197,last New Year's Eve,time_anchor,1,False,False,,,False,False
97,new10,n198,four years,time_anchor,1,False,False,,,False,False
97,new10,n199,two years,time_anchor,1,False,False,,,False,False
97,new10,n200,first murder,event,1,False,False,,,False,False
97,new10,n201,Toruha Fujiko,person,1,False,False,,,False,False
97,new10,n202,Yutaka,person,7,False,False,,,True,True
97,new10,n203,Tadashi's house,location,2,False,False,,,True,True
97,new10,n204,Kamekura Kei,person,1,False,False,,,False,False
97,new10,n205,Hokuriku,person,2,False,False,,,False,True
97,new10,n206,Z,person,29,False,False,,,True,True
97,new10,n207,Thousand Xia,person,1,False,False,,,False,False
97,new10,n208,Detective Fukuzawa,person,1,False,False,,,False,False
97,new10,n209,a backup key,clue_object,1,False,False,,,False,False
97,new10,n210,Little Hui,person,11,True,False,1083,,True,True
97,new10,n211,Hakuruma Kouji,person,1,False,False,,,False,False
97,new10,n212,Wada,person,1,False,False,,,False,False
97,new10,n213,poison,clue_object,1,False,False,,,False,False
97,new10,n214,Amamiya Kouki,person,2,False,False,,,False,True
97,new10,n215,Yuri,person,1,False,False,,,False,False
97,new10,n216,Tadao's apartment,location,1,False,False,,,False,False
97,new10,n217,the mailbox under the slope,location,1,False,False,,,False,False
97,new10,n218,girls' dormitory bedroom,location,2,False,False,,,False,True
97,new10,n219,Hakuruma Kouji's residence,location,1,False,False,,,False,False
97,new10,n220,the tape found under the base,clue_object,1,False,False,,,False,False
97,new10,n221,Amamiya Kouki kills Yuri,event,1,False,False,,,False,False
97,new10,n222,Hakuruma Kouji to take the blame for killing me,event,1,False,False,,,False,False
97,new10,n223,Yuki Miyuki,person,7,False,False,,,True,True
97,new10,n224,Reiko Hoshikawa,person,1,False,False,,,False,False
97,new10,n225,Yudou,person,2,False,False,,,False,True
97,new10,n226,Yue Yu Mei,person,2,False,False,,,False,False
97,new10,n227,Nagae Kurumi,person,1,False,False,,,False,False
97,new10,n228,Nana Sakura,person,1,False,False,,,False,False
97,new10,n229,Naniwa Momiji,person,0,False,False,,,False,False
97,new10,n230,Thousand sails moaned,person,1,False,False,,,False,False
97,new10,n231,Zhuì Dào,person,1,False,False,,,False,False
97,new10,n232,mixed woodland monitoring the girls' dormitory on the second floor,location,1,False,False,,,False,False
97,new10,n233,Yuejue Buemei,person,1,False,False,,,False,False
97,new10,n234,Hakurumu's house,location,1,False,False,,,False,False
97,new10,n235,Hakumei's house,location,1,False,False,,,False,False
97,new10,n236,graduation ceremony,time_anchor,3,True,False,1818;1868,,True,True
97,new10,n237,Anzu University,location,1,False,False,,,False,False
97,new10,n238,Yutou Jin,person,1,False,False,,,False,False
97,new10,n239,Mr. Fuyuyu,person,1,False,False,,,False,False
97,new10,n240,Masa/Masako,person,1,False,False,,,False,False
97,new10,n241,Tadashi,person,3,False,False,,,True,True
97,new10,n242,Mr. Uzuki,person,6,False,False,,,True,True
97,new10,n243,parents,person,4,True,False,600,,True,True
97,new10,n244,parents' feelings,evidence_sentence,1,False,False,,,False,False
97,new10,n245,parent-child relationship,evidence_sentence,1,False,False,,,False,False
97,new10,n246,human relationships,evidence_sentence,2,False,False,,,True,True
97,new10,n247,'perpetrator',evidence_sentence,4,False,False,,,True,True
97,new10,n248,'victims',event,2,False,False,,,False,False
97,new10,n249,Kou,person,3,False,False,,,False,False
97,new10,n250,planned theft,event,1,False,False,,,False,False
97,new10,n251,accomplice,evidence_sentence,2,False,False,,,False,True
97,new10,n252,Kouki,person,3,False,False,,,True,False
97,new10,n253,Woodhouse,person,6,True,False,2761;2763;2765,,True,True
97,new10,n254,theft incident,event,2,True,False,466,,True,True
97,new10,n255,second floor,location,2,False,False,,,True,True
97,new10,n256,back door,location,2,False,False,,,True,True
97,new10,n257,Yūdō,person,9,False,False,,,True,True
97,new10,n258,Takahashi,person,1,True,False,2763;2765,,False,False
97,new10,n259,Miss Kouzu Chisato,person,1,False,False,,,False,False
97,new10,n260,Anzu Naniwa,person,1,False,False,,,False,False
97,new10,n261,Miss Takayanagi Kanae,person,1,False,False,,,False,False
97,new10,n262,housewives in the neighborhood,person,1,False,False,,,False,False
97,new10,n263,apartment staircase,location,1,False,False,,,False,False
97,new10,n264,evening of the eighteenth,time_anchor,1,False,False,,,False,False
97,new10,n265,night of October 20th,time_anchor,2,False,False,,,False,True
97,new10,n266,Goto,person,1,False,False,,,False,False
97,new10,n267,the mysterious person,clue_object,0,False,False,,,False,False
97,new10,n269,Kannami Yume,person,1,False,False,,,False,False
97,new10,n270,Kowata Kojiro,person,1,False,False,,,False,False
97,new10,n271,Kurokawa Kei,person,1,False,False,,,False,False
97,new10,n272,Guo,person,4,False,False,,,True,False
97,new10,n273,Shu Dao,person,1,False,False,,,False,False
97,new10,n274,Stephano,person,1,False,False,,,False,False
97,new10,n275,riverbed,location,1,False,False,,,False,False
97,new10,n276,Mokuho Mitsuzuka,person,2,False,False,,,True,False
97,new10,n277,Amakiri Satsuki,person,2,True,True,2811;2814,2814,True,False
97,new10,n278,Kousaka Senbonzaka,person,2,True,True,2814,2814,True,False
97,new10,n279,Daijiro Higashida,person,1,False,False,,,False,False
97,new10,n280,Kuroda Kousuke,person,2,False,False,,,False,False
97,new10,n281,Todo-san,person,1,False,False,,,False,False
97,new10,n282,Mukoha,person,3,False,False,,,True,True
97,new10,n283,Reiko Fujimoto,person,1,False,False,,,False,False
97,new10,n284,Kojima house,location,1,False,False,,,False,False
97,new10,n285,coffee shop in front of the bookstore,location,1,False,False,,,False,False
97,new10,n286,bookstore,location,2,True,False,465;466,,True,False
97,new10,n287,Kagura,person,0,False,False,,,False,False
97,new10,n288,Kurokami,person,2,False,False,,,True,True
97,new10,n289,Detective Uka,person,1,False,False,,,False,False
97,new10,n290,Mukoda,person,4,False,False,,,True,True
97,new10,n291,Hikaru Kurokawa,person,5,False,False,,,True,True
97,new10,n292,tape,clue_object,4,False,False,,,True,True
97,new10,n293,mailbox,location,7,True,False,1248,,True,True
97,new10,n294,slope's mailbox,location,1,True,True,2836,2836,False,False
97,new10,n295,Anzhuo,location,1,False,False,,,False,False
97,new10,n296,dad,person,3,False,False,,,True,True
97,new10,n297,Thousand Mists,person,2,False,False,,,True,True
97,new10,n298,Kei,person,1,False,False,,,False,False
97,new10,n299,Chifan,person,3,False,False,,,True,False
97,new10,n300,Chihiro,person,2,False,False,,,True,True
97,new10,n301,January 1st,time_anchor,1,False,False,,,False,False
97,new10,n302,Lunar New Year's Eve,time_anchor,1,False,False,,,False,False
97,new10,n303,this case,event,2,False,False,,,True,True
97,new10,n304,police questioning,event,3,False,False,,,True,False
97,new10,n305,Mr. Aoki,person,1,False,False,,,False,False
97,new10,n306,Xueyue Xiaomei,person,4,False,False,,,True,True
97,new10,n307,Xiaoying-senpai,person,2,False,False,,,False,True
97,new10,n308,Yousuke,person,1,False,False,,,False,False
97,new10,n309,Chika,person,1,False,False,,,False,False
97,new10,n310,the ninth,time_anchor,3,False,False,,,True,True
97,new10,n311,next morning,time_anchor,1,False,False,,,False,False
97,new10,n312,a place to stay separately,location,1,False,False,,,False,False
97,new10,n313,the robbery murder case,event,2,False,False,,,False,True
97,new10,n314,these two murders,event,1,False,False,,,False,False
97,new10,n315,<Kagome Bookstore>,location,5,True,False,466,,True,True
97,new10,n316,school,location,2,False,False,,,True,True
97,new10,n317,Qinglian School,location,1,False,False,,,False,False
97,new10,n318,slope,location,1,True,True,1248;2836,2836,False,False
97,new10,n319,college in another city,location,1,False,False,,,False,False
97,new10,n320,Yuya,person,0,False,False,,,False,False
97,new10,n321,Kaname Komachi,person,1,False,False,,,False,False
97,new10,n322,Kirei Gakuen,location,2,False,False,,,False,True
97,new10,n323,Hikari Kibito,person,1,False,False,,,False,False
97,new10,n324,Anzhou,location,1,False,False,,,False,False
97,new10,n325,Kurebayashi,person,2,False,False,,,True,True
97,new10,n326,New Year's Eve dinner,event,1,False,False,,,False,False
97,new10,n327,7:55 PM,time_anchor,1,False,False,,,False,False
97,new10,n328,Yudao's apartment,location,2,False,False,,,True,True
97,new10,n329,cypress forest,location,1,False,False,,,False,False
97,new10,n330,Takagawa Chihaya,person,1,False,False,,,False,False
97,new10,n331,night road,location,1,False,False,,,False,False
97,new10,n332,coin-operated locker,clue_object,1,False,False,,,False,False
97,new10,n333,station restroom,location,1,False,False,,,False,False
97,new10,n334,Sayuri Noma,person,2,False,False,,,True,False
97,new10,n335,Ayumi Yuzuki,person,2,False,False,,,True,False
97,new10,n336,Whaleno,person,1,False,False,,,False,False
97,new10,n337,Hikari,person,2,False,False,,,False,True
97,new10,n338,Chiehiko,person,1,False,False,,,False,False
97,new10,n339,Hongmiao Bookstore,location,1,False,False,,,False,False
97,new10,n340,Moku,person,4,False,False,,,True,True
97,new10,n341,Kouzu-kun,person,1,False,False,,,False,False
97,new10,n342,rotation room,location,1,False,False,,,False,False
97,new10,n343,pillow,clue_object,1,False,False,,,False,False
97,new10,n344,April,time_anchor,1,False,False,,,False,False
97,new10,n345,Iruka Fujimoto,person,2,False,False,,,True,False
97,new10,n346,Chie,person,5,False,False,,,True,False
97,new10,n347,Sena,person,2,False,False,,,True,True
97,new10,n348,Chien and Hui's dormitory,location,2,False,False,,,False,True
97,new10,n349,Hanbei,person,1,False,False,,,False,False
97,new10,n350,Kouzaki,person,1,False,False,,,False,False
97,new10,n351,officer,person,3,False,False,,,True,False
97,new10,n352,Chitose,person,1,False,False,,,False,False
97,new10,n353,Chien,person,0,False,False,,,False,False
97,new10,n354,Chiho,person,7,False,False,,,True,True
97,new10,n355,Chiharu,person,6,False,False,,,True,True
97,new10,n356,the town,location,1,False,False,,,False,False
97,new10,n357,the copper vase,clue_object,1,False,False,,,False,False
97,new10,n358,the water pipe,clue_object,1,False,False,,,False,False
97,new10,n359,dawn,time_anchor,2,False,False,,,False,False
97,new10,n360,entrance,location,1,False,False,,,False,False
97,new10,n361,wine,clue_object,3,False,False,,,True,True
97,new10,n362,Reading Room,location,1,False,False,,,False,False
97,new10,n363,Naniwa Kikuyo,person,1,False,False,,,False,False
97,new10,n364,Hiruko Kurokawa,person,1,False,False,,,False,False
97,new10,n365,Shachihoko Wakaba,person,1,False,False,,,False,False
97,new10,n366,second floor room,location,1,False,False,,,False,False
97,new10,n367,dormitory students,event,1,False,False,,,False,False
97,new10,n368,Detective Uguisu,person,1,False,False,,,False,False
97,new10,n369,New Year,time_anchor,2,True,False,619,,True,True
97,new10,n370,ring,clue_object,1,False,False,,,False,False
97,new10,n371,honeymoon period,event,3,False,False,,,True,True
97,new10,n372,rumor like wildfire,evidence_sentence,4,False,False,,,True,True
97,new10,n373,Youdao,person,0,False,False,,,False,False
97,new10,n374,female shop assistant,person,2,True,False,466,,False,True
97,new10,n375,handbag,clue_object,1,False,False,,,False,False
97,new10,n376,labeling as a thief,event,0,True,False,465,,False,False
97,new10,n377,young male shop assistant,person,2,True,False,467,,False,True
97,new10,n378,store manager,person,1,True,False,467,,False,False
97,new10,n379,that man,person,0,True,False,113;121;619,,False,False
97,new10,n380,suicide incident,event,1,False,False,,,False,False
97,new10,n381,lake of blood,location,2,False,False,,,True,True
97,new10,n382,human-sized eyeball,clue_object,1,False,False,,,False,False
97,new10,n383,nightmare,event,4,False,False,,,True,True
97,new10,n384,real world,location,2,False,False,,,True,True
97,new10,n385,Reiko-san,person,5,False,False,,,True,True
97,new10,n386,Detective Aya,person,1,False,False,,,False,False
97,new10,n387,yesterday,time_anchor,1,True,False,1818,,False,False
97,new10,n388,three days ago,time_anchor,1,False,False,,,False,False
97,new10,n389,the dorm situation,event,1,False,False,,,False,False
97,new10,n390,police everywhere,evidence_sentence,1,False,False,,,False,False
97,new10,n391,the broken glass,clue_object,0,False,False,,,False,False
97,new10,n392,Oyuki junior,person,1,False,False,,,False,False
97,new10,n393,Boo,person,2,False,False,,,False,True
97,new10,n394,Yuetsu junior,person,1,False,False,,,False,False
97,new10,n395,Yuèyu Step Beauty,person,0,False,False,,,False,False
97,new10,n396,Matsutani Yongzi,person,3,False,False,,,False,True
97,new10,n397,Koumura,person,1,False,False,,,False,False
97,new10,n398,Sugata,person,1,False,False,,,False,False
97,new10,n399,Kouzuki,person,1,False,False,,,False,False
97,new10,n400,Takarazuka Theater,location,1,False,False,,,False,False
97,new10,n401,Qianfan killer rumor,event,1,False,False,,,False,False
97,new10,n402,Yutao killer rumor,event,1,False,False,,,False,False
97,new10,n404,dog,clue_object,3,False,False,,,True,True
97,new10,n405,Cyanide,evidence_sentence,1,False,False,,,False,False
97,new10,n406,police,person,6,False,False,,,True,True
97,new10,n407,Haruka,person,5,False,False,,,False,True
97,new10,n408,the speaker,person,14,False,False,,,True,True
97,new10,n409,men,person,1,False,False,,,False,False
97,new10,n410,my house,location,1,False,False,,,False,False
97,new10,n411,lesbian identity,clue_object,1,False,False,,,False,False
97,new10,n412,beauty,clue_object,1,True,True,2814,2814,False,False
97,new10,n413,beautiful woman,person,1,False,False,,,False,False
97,new10,n414,Auntie,person,1,False,False,,,False,False
97,new10,n415,mom,person,2,False,False,,,True,True
97,new10,n416,Yoshiko,person,1,False,False,,,False,False
97,new10,n417,poison bottle,clue_object,5,False,False,,,True,True
97,new10,n418,last April,time_anchor,2,False,False,,,True,True
97,new10,n419,the spring last year,time_anchor,1,False,False,,,False,False
97,new10,n420,cyanide-based poisons,clue_object,1,False,False,,,False,False
97,new10,n421,Chieko,person,4,False,False,,,True,True
97,new10,n422,Kamei Hikari,person,4,False,False,,,True,True
97,new10,n423,Gō,person,3,False,False,,,True,True
97,new10,n424,Kuroda-san,person,1,False,False,,,False,False
97,new10,n425,the chief,person,1,False,False,,,False,False
97,new10,n426,hemorrhagic shock,evidence_sentence,1,False,False,,,False,False
97,new10,n427,the student who found her,person,1,False,False,,,False,False
97,new10,n428,Hakone Mizuki,person,1,True,True,1155,1155,False,False
97,new10,n429,Kou-ze,person,1,False,False,,,False,False
97,new10,n430,Smallflower,person,1,False,False,,,False,False
97,new10,n431,Detective Guo,person,2,False,False,,,True,True
97,new10,n432,Yuzuki Hikari,person,2,False,False,,,True,True
97,new10,n433,glass,clue_object,0,False,False,,,False,False
97,new10,n434,dormitory and school,location,1,True,False,619;622;1818;1821;2765,,False,False
97,new10,n435,Yueyue student,person,2,False,False,,,False,True
97,new10,n436,the lady,person,0,False,False,,,False,False
97,new10,n437,the killer's silhouette,clue_object,1,False,False,,,False,False
97,new10,n438,Yūgawa student,person,1,False,False,,,False,False
97,new10,n439,a key,clue_object,1,False,False,,,False,False
97,new10,n440,the stabbing report,evidence_sentence,1,False,False,,,False,False
97,new10,n441,detective,person,4,False,False,,,True,True
97,new10,n442,lodgers,person,1,False,False,,,False,False
97,new10,n443,Auntie Minato,person,2,False,False,,,True,True
97,new10,n444,front door,location,1,False,False,,,False,False
97,new10,n445,entrance hall,location,2,False,False,,,True,True
97,new10,n446,getaway car,clue_object,1,False,False,,,False,False
97,new10,n447,Hidemi,person,2,False,False,,,True,True
97,new10,n448,slope down mailbox,clue_object,3,False,False,,,True,True
97,new10,n449,notebook,clue_object,3,False,False,,,True,True
97,new10,n450,photo,clue_object,2,False,False,,,True,True
97,new10,n452,house in front of the mailbox,location,1,False,False,,,False,False
97,new10,n453,February 21st,time_anchor,1,False,False,,,False,False
97,new10,n454,Department of Humanities,location,1,False,False,,,False,False
97,new10,n455,Senbon,person,1,False,False,,,False,False
97,new10,n456,job,event,1,False,False,,,False,False
97,new10,n457,Zhuang Miss,person,0,False,False,,,False,False
97,new10,n458,Tsukiyomi,person,1,False,False,,,False,False
97,new10,n459,last September,time_anchor,1,False,False,,,False,False
97,new10,n460,series of murders,event,1,False,False,,,False,False
97,new10,n461,female clerk,person,4,False,False,,,True,True
97,new10,n462,girl who ran away,person,3,False,False,,,True,True
97,new10,n463,female student from Qinglian,person,2,False,False,,,True,True
97,new10,n464,book,clue_object,4,True,False,465;466,,True,True
97,new10,n465,Da Island,person,4,False,False,,,True,False
97,new10,n466,Miss Oshima,person,6,False,False,,,True,False
97,new10,n467,Muko,person,4,False,False,,,True,False
97,new10,n468,the shop,location,4,False,False,,,True,False
97,new10,n469,last year's incident,event,7,False,False,,,True,False
97,new10,n470,the cashier,location,4,False,False,,,True,False
97,new10,n471,the girl stealing,person,2,False,False,,,True,False
97,new10,n472,Mukai,person,1,False,False,,,False,False
97,new10,n473,Miss O'Hara,person,1,False,False,,,False,False
97,new10,n474,high school-aged girl,person,2,False,False,,,False,False
97,new10,n475,vet,person,3,False,False,,,True,True
97,new10,n476,apartment residents,person,2,True,False,861,,True,True
97,new10,n477,Yutaka's apartment,location,1,False,False,,,False,False
97,new10,n478,last spring,time_anchor,2,False,False,,,True,True
97,new10,n479,autopsy,event,1,False,False,,,False,False
97,new10,n480,poisoning incident,event,2,False,False,,,True,True
97,new10,n481,Tsujibara Masaya,person,2,False,False,,,False,False
97,new10,n482,Miyuki,person,7,False,False,,,True,True
97,new10,n483,Haru,person,1,False,False,,,False,False
97,new10,n484,Tsunokawajima Yasu,person,1,False,False,,,False,False
97,new10,n485,Hattori's teacher's dog,clue_object,2,False,False,,,False,False
97,new10,n486,cyanide poisoning,evidence_sentence,2,False,False,,,True,True
97,new10,n487,Qinglian school of,location,1,False,False,,,False,False
97,new10,n488,last summer vacation,time_anchor,1,False,False,,,False,False
97,new10,n489,freshmen status,event,1,False,False,,,False,False
97,new10,n490,Mr. Oda,person,1,False,False,,,False,False
97,new10,n491,Neko Mariko,person,3,False,False,,,True,True
97,new10,n492,bottle,clue_object,0,True,False,1066,,False,False
97,new10,n493,Tsuneko,person,1,False,False,,,False,False
97,new10,n494,Anji University,location,2,False,False,,,True,True
97,new10,n495,Sugita Yongzi,person,1,False,False,,,False,False
97,new10,n496,Kubo Koumei,person,1,False,False,,,False,False
97,new10,n497,violation,clue_object,4,False,False,,,True,False
97,new10,n498,parent-child relationships,event,1,False,False,,,False,False
97,new10,n499,stalking crimes,event,1,False,False,,,False,False
97,new10,n500,individuality,clue_object,2,False,False,,,True,False
97,new10,n501,power,clue_object,1,False,False,,,False,False
97,new10,n502,pleasure,clue_object,1,False,False,,,False,False
97,new10,n503,love,clue_object,2,False,False,,,True,False
97,new10,n504,friends,clue_object,1,False,False,,,False,False
97,new10,n505,harm,clue_object,1,False,False,,,False,False
97,new10,n506,refusal,event,2,False,False,,,False,False
97,new10,n507,Kuroba Kaori,person,2,False,False,,,True,True
97,new10,n508,Xiangcheng faculty parking lot,location,2,False,False,,,True,True
97,new10,n509,Shoujou,person,1,False,False,,,False,False
97,new10,n510,his apartment,location,2,False,False,,,False,True
97,new10,n511,the car,clue_object,1,False,False,,,False,False
97,new10,n512,shoulder of the road,location,1,False,False,,,False,False
97,new10,n513,unauthorized overnight stay,event,2,False,False,,,False,True
97,new10,n514,expulsion,event,1,False,False,,,False,False
97,new10,n515,third murder,event,2,True,True,2814,2814,False,False
97,new10,n516,empty bottle of Scottish whisky,clue_object,1,False,False,,,False,False
97,new10,n517,March 18th,time_anchor,1,False,False,,,False,False
97,new10,n518,city hotel ballroom,location,2,False,False,,,False,True
97,new10,n519,banquet,event,1,False,False,,,False,False
97,new10,n520,alibi for Wu Tao,evidence_sentence,1,False,False,,,False,False
97,new10,n521,alibi for Yutaka Takeda,evidence_sentence,1,False,False,,,False,False
97,new10,n522,staff and some parents,person,1,False,False,,,False,False
97,new10,n523,many people,person,1,False,False,,,False,False
97,new10,n524,drunkenness,clue_object,1,False,False,,,False,False
97,new10,n525,Thousand Twilight,person,4,False,False,,,True,True
97,new10,n526,Youshu,person,3,False,False,,,True,True
97,new10,n527,Thousand Twilight's residence,location,1,False,False,,,False,False
97,new10,n528,fate,time_anchor,2,False,False,,,True,True
97,new10,n529,Choupan,person,2,False,False,,,False,False
97,new10,n530,Akane,person,2,False,False,,,False,False
97,new10,n531,Haku Akashi,person,1,False,False,,,False,False
97,new10,n532,Thousand dusk,person,2,False,False,,,False,False
97,new10,n533,Detective Fuyuyuki,person,0,False,False,,,False,False
97,new10,n534,mysterious figure,clue_object,1,False,False,,,False,False
97,new10,n535,Boston bag,clue_object,3,False,False,,,True,True
97,new10,n536,disguise clothes,clue_object,2,False,False,,,True,True
97,new10,n537,students,person,5,False,False,,,True,True
97,new10,n538,Wadou,person,1,False,False,,,False,False
97,new10,n539,Mr. Tojo's house,location,1,False,False,,,False,False
97,new10,n540,whisky bottle,clue_object,4,False,False,,,True,True
97,new10,n541,locker,location,1,False,False,,,False,False
97,new10,n542,station toilet,location,1,False,False,,,False,False
97,new10,n543,trash can at Mr. Tojo's house,location,2,False,False,,,False,True
97,new10,n544,PET bottle,clue_object,1,False,False,,,False,False
97,new10,n545,the 18th,time_anchor,1,True,False,1868,,False,False
97,new10,n546,Sakura-san,person,1,False,False,,,False,False
97,new10,n547,Kaku-san,person,1,False,False,,,False,False
97,new10,n548,Tetsuya,person,1,False,False,,,False,False
97,new10,n549,Yucun,person,2,False,False,,,False,True
97,new10,n550,Chigusa,person,4,False,False,,,True,True
97,new10,n551,Mrs. Kakunuma,person,1,False,False,,,False,False
97,new10,n552,the little bottle,clue_object,2,False,False,,,True,True
97,new10,n553,the South Police Station,location,1,False,False,,,False,False
97,new10,n554,silver-rimmed glasses man,person,1,False,False,,,False,False
97,new10,n555,Highway student,person,0,False,False,,,False,False
97,new10,n556,Detective Fruits,person,1,False,False,,,False,False
97,new10,n557,Shihuizi,person,2,False,False,,,True,True
97,new10,n558,Kishiwakamata Tomoko,person,3,False,False,,,False,True
97,new10,n559,police station,location,4,False,False,,,True,True
97,new10,n560,evening of the 18th,time_anchor,1,False,False,,,False,False
97,new10,n561,11:20 p.m.,time_anchor,1,False,False,,,False,False
97,new10,n562,11:10 p.m.,time_anchor,1,False,False,,,False,False
97,new10,n563,paper bag,clue_object,3,False,False,,,True,True
97,new10,n564,bottles of whiskey,clue_object,1,False,False,,,False,False
97,new10,n565,stairwell of the apartment building,location,1,False,False,,,False,False
97,new10,n566,riverbank,location,3,False,False,,,True,True
97,new10,n567,housewives living nearby,person,1,False,False,,,False,False
97,new10,n568,two empty bottles,evidence_sentence,1,False,False,,,False,False
97,new10,n569,High School Student Thousand Sails,person,3,False,False,,,False,False
97,new10,n570,Higuchi Kaoru,person,1,False,False,,,False,False
97,new10,n571,Anjou University,location,1,False,False,,,False,False
97,new10,n572,Takeda,person,6,False,False,,,True,True
97,new10,n573,Takagi-kun,person,1,False,False,,,False,False
97,new10,n574,Yuyao,person,1,False,False,,,False,False
97,new10,n575,Kubo Mizuki,person,1,True,True,1390,1390,False,False
97,new10,n576,jewelry store,location,1,False,False,,,False,False
97,new10,n577,theft suspicion,event,2,False,False,,,True,True
97,new10,n578,Hsiang-cheng,person,1,False,False,,,False,False
97,new10,n579,Nari Konjiki-senpai,person,1,False,False,,,False,False
97,new10,n580,Hakon Miyuki,person,2,False,False,,,True,True
97,new10,n581,Aoi-chan,person,1,False,False,,,False,False
97,new10,n582,entrance and each room locks,clue_object,2,False,False,,,False,True
97,new10,n583,password input system,clue_object,1,False,False,,,False,False
97,new10,n584,dormitory murder case,event,6,True,False,1818,,True,True
97,new10,n585,Detective Sugita,person,1,False,False,,,False,False
97,new10,n586,Mr. Matsuda,person,1,False,False,,,False,False
97,new10,n587,Koyuki-san,person,4,False,False,,,True,True
97,new10,n588,Saki-san,person,1,False,False,,,False,False
97,new10,n589,Nago Miyuki,person,1,False,False,,,False,False
97,new10,n590,Hachiroku Miyuki,person,1,False,False,,,False,False
97,new10,n591,Detective Yoshimura,person,1,False,False,,,False,False
97,new10,n592,neighboring room,location,2,False,False,,,False,True
97,new10,n593,second-floor corridor window,location,1,False,False,,,False,False
97,new10,n594,bloodstains on the ground,clue_object,2,False,False,,,True,False
97,new10,n595,same killer hypothesis,event,4,False,False,,,True,False
97,new10,n596,staff members,person,1,False,False,,,False,False
97,new10,n597,Teacher Yuto,person,2,False,False,,,False,True
97,new10,n598,Wu Tao Jin,person,1,False,False,,,False,False
97,new10,n599,Dojo,person,2,False,False,,,False,False
97,new10,n600,Kouwa,person,1,False,False,,,False,False
97,new10,n601,Nemuramaru,person,1,False,False,,,False,False
97,new10,n602,January 2nd,time_anchor,2,False,False,,,False,True
97,new10,n603,end of January,time_anchor,1,False,False,,,False,False
97,new10,n604,Hiruko Kojima,person,3,False,False,,,True,True
97,new10,n605,Kuroda Jun,person,2,False,False,,,True,True
97,new10,n606,Toudou Jin,person,1,False,False,,,False,False
97,new10,n607,Matsuda Yuria,person,1,False,False,,,False,False
97,new10,n608,Youtou,person,1,False,False,,,False,False
97,new10,n609,Kozuki Ei,person,2,False,False,,,True,True
97,new10,n610,Kubo Hiromi,person,4,False,False,,,False,False
97,new10,n611,Mariko-san,person,1,False,False,,,False,False
97,new10,n612,the evening of the 18th of last month,time_anchor,1,False,False,,,False,False
97,new10,n613,suicide threat,event,1,False,False,,,False,False
97,new10,n614,Masako,person,2,False,False,,,True,True
97,new10,n615,girl's death yesterday,event,2,True,False,1818,,True,True
97,new10,n616,private high school,location,1,True,False,1818,,False,False
97,new10,n617,killer's arrest,event,1,False,False,,,False,False
97,new10,n618,Scottish whisky part,clue_object,2,False,False,,,True,True
97,new10,n619,Kenji,person,1,False,False,,,False,False
97,new10,n620,Yusuke,person,2,False,False,,,False,False
97,new10,n621,wine bottle,clue_object,2,False,False,,,True,True
97,new10,n622,whiskey smell,clue_object,1,False,False,,,False,False
97,new10,n623,correct answer,event,1,False,False,,,False,False
97,new10,n624,Kumon Mizuki,person,1,False,False,,,False,False
97,new10,n625,Anzhou University,location,1,False,False,,,False,False
97,new10,n626,Chojiro,person,1,False,False,,,False,False
97,new10,n627,brazier,clue_object,1,False,False,,,False,False
97,new10,n628,hot pot,clue_object,1,False,False,,,False,False
97,new10,n629,Great-grandmother,person,4,False,False,,,True,True
97,new10,n630,great-grandfather,person,1,False,False,,,False,False
97,new10,n631,Gao Qian,person,1,False,False,,,False,False
97,new10,n632,scotch whisky,clue_object,1,False,False,,,False,False
97,new10,n633,story about pouring out the wine,event,2,False,False,,,False,True
97,new10,n634,poisoned scotch whisky,clue_object,4,False,False,,,True,True
97,new10,n635,child,person,1,False,False,,,False,False
97,new10,n636,poisoning plan,event,1,False,False,,,False,False
97,new10,n637,washing action,event,2,False,False,,,True,True
97,new10,n638,changing mind,event,1,False,False,,,False,False
97,new10,n639,Kumiko-brother,person,1,False,False,,,False,False
97,new10,n640,Anju University,location,1,False,False,,,False,False
97,new10,n641,victim of second murder case,person,3,False,False,,,True,True
97,new10,n642,bird-Feathered girl,person,1,True,False,1821,,False,False
97,new10,n643,Hatanaka Kouki,person,0,False,False,,,False,False
97,new10,n644,old lady,person,1,False,False,,,False,False
97,new10,n645,Hiruko Hanae,person,3,False,False,,,False,True
97,new10,n646,office of the dean,location,2,False,False,,,True,True
97,new10,n647,morning paper report,evidence_sentence,1,False,False,,,False,False
97,new10,n648,Detective Tang,person,1,False,False,,,False,False
97,new10,n649,Seiren Academy,location,1,False,False,,,False,False
97,new10,n650,Haneoka Satsuki,person,7,False,False,,,False,False
97,new10,n651,Kubo's house,location,1,False,False,,,False,False
97,new10,n652,elderly neighbor,person,1,True,False,1876,,False,False
97,new10,n653,housewife,person,1,True,False,1876,,False,False
97,new10,n654,fifth floor of the girls' dormitory,location,1,False,False,,,False,False
97,new10,n655,road,location,1,False,False,,,False,False
97,new10,n656,second murder in the girls' dormitory at Seiren Academy,event,2,False,False,,,False,True
97,new10,n657,case of the high school girl being killed on the road,event,1,False,False,,,False,False
97,new10,n658,key to the dormitory,clue_object,1,False,False,,,False,False
97,new10,n659,car's engine revving up,evidence_sentence,2,True,False,1876,,False,False
97,new10,n660,Nengma's sister,person,1,False,False,,,False,False
97,new10,n661,Birdfeather Tsukiko,person,1,False,False,,,False,False
97,new10,n662,Hakutou's son,person,1,False,False,,,False,False
97,new10,n663,Big Island Hidaka,person,1,False,False,,,False,False
97,new10,n664,Hidaka's son,person,1,False,False,,,False,False
97,new10,n665,Daisho's house,location,0,False,False,,,False,False
97,new10,n666,murder case of Daisho Hakutou's mother and son,event,3,True,False,1818,,False,True
97,new10,n667,empty bottle,evidence_sentence,1,False,False,,,False,False
97,new10,n668,Mrs. Oshima,person,2,False,False,,,True,True
97,new10,n669,Sayuri,person,1,False,False,,,False,False
97,new10,n670,'Hana no Mise',location,1,False,False,,,False,False
97,new10,n671,Hiruhashi Satsuki,person,2,False,False,,,False,True
97,new10,n672,Hiruhashi Koujirou,person,2,False,False,,,True,True
97,new10,n673,Oshima family,event,1,False,False,,,False,False
97,new10,n674,Daijō Keitai,person,2,False,False,,,False,True
97,new10,n675,Akiyoshi Yūko,person,1,False,False,,,False,False
97,new10,n676,Big Island Hakuto,person,1,False,False,,,False,False
97,new10,n677,Koujiro,person,1,False,False,,,False,False
97,new10,n678,Zhu Zhixin,person,1,False,False,,,False,False
97,new10,n679,Keikaku,person,1,False,False,,,False,False
97,new10,n680,Kuroba Akari,person,1,False,False,,,False,False
99,new10,n1,Little Sister,person,16,True,True,100;103;105;107;1915,1915,True,True
99,new10,n2,Rachel Wallace,person,18,True,False,107,,True,True
99,new10,n3,parents,person,11,True,False,103;105;107,,True,True
99,new10,n4,school,location,1,False,False,,,False,False
99,new10,n5,United States,location,1,True,False,105,,False,False
99,new10,n6,home,location,1,False,False,,,False,False
99,new10,n7,little Miss,person,11,True,True,1441,1441,True,True
99,new10,n8,Miyashita-san,person,0,False,False,,,False,False
99,new10,n9,America,location,5,True,False,109,,True,True
99,new10,n10,Saint Petersburg,location,1,True,False,109,,False,False
99,new10,n11,New Year,time_anchor,1,False,False,,,False,False
99,new10,n12,daughter's trip abroad,event,3,False,False,,,True,True
99,new10,n13,air mail letter,clue_object,1,True,False,109,,False,False
99,new10,n14,rich person pretending to be a vagabond,event,0,False,False,,,False,False
99,new10,n15,Kouki,person,6,False,False,,,True,True
99,new10,n16,Takano-san,person,4,False,False,,,True,True
99,new10,n17,Bianjian,person,1,False,False,,,False,False
99,new10,n18,Takahashi,person,2,False,False,,,False,True
99,new10,n19,Gao Qian,person,20,False,False,,,True,True
99,new10,n20,Driftsai Senior,person,1,False,False,,,False,False
99,new10,n21,restaurant,location,1,False,False,,,False,False
99,new10,n22,Southeast Asia,location,1,False,False,,,False,False
99,new10,n23,cigarette,clue_object,2,False,False,,,False,True
99,new10,n24,ashtray,clue_object,1,False,False,,,False,False
99,new10,n25,artisan,person,1,False,False,,,False,False
99,new10,n26,adult relationship,event,2,False,False,,,False,True
99,new10,n27,Koujiro Sasaki,person,1,False,False,,,False,False
99,new10,n28,Driftsweeper,person,2,False,False,,,True,True
99,new10,n29,Little Rabbit,person,4,False,False,,,True,True
99,new10,n30,Hachiko,person,1,False,False,,,False,False
99,new10,n31,house,location,0,True,False,589,,False,False
99,new10,n32,taxi,clue_object,1,False,False,,,False,False
99,new10,n33,counter,location,1,False,False,,,False,False
99,new10,n34,Driftwood,person,11,False,False,,,True,True
99,new10,n35,High Qian,person,1,False,False,,,False,False
99,new10,n36,Kouki and Neko,person,0,False,False,,,False,False
99,new10,n37,Drifter Senior,person,2,False,False,,,False,True
99,new10,n38,Rock,person,20,False,False,,,True,True
99,new10,n39,university,location,1,False,False,,,False,False
99,new10,n40,street,location,1,False,False,,,False,False
99,new10,n41,Gao Lü,person,4,False,False,,,True,True
99,new10,n42,Crafty,person,0,False,False,,,False,False
99,new10,n43,Gouzu,person,1,False,False,,,False,False
99,new10,n44,Hakki,person,1,False,False,,,False,False
99,new10,n45,Rocker,person,9,False,False,,,True,True
99,new10,n46,Yuan-zi,person,4,False,False,,,False,False
99,new10,n47,senior brother,person,6,True,True,1441,1441,True,True
99,new10,n48,daycare and kindergarten,location,1,False,False,,,False,False
99,new10,n49,rumor,evidence_sentence,1,False,False,,,False,False
99,new10,n50,painful childhood memories,evidence_sentence,1,False,False,,,False,False
99,new10,n51,girls,person,1,False,False,,,False,False
99,new10,n52,shallow men,person,1,False,False,,,False,False
99,new10,n53,other kids,person,1,False,False,,,False,False
99,new10,n54,sexual orientation,clue_object,3,False,False,,,True,True
99,new10,n55,Senior,person,3,False,False,,,True,True
99,new10,n56,farewell party,event,1,False,False,,,False,False
99,new10,n57,Anju Residence,location,1,False,False,,,False,False
99,new10,n58,Room 305,location,3,True,False,407,,False,False
99,new10,n59,Ivan,person,4,False,False,,,True,True
99,new10,n60,car,clue_object,6,False,False,,,True,True
99,new10,n61,Pao Bian,person,0,False,False,,,False,False
99,new10,n62,Xiao Guan,person,3,False,False,,,True,True
99,new10,n63,Florida,location,5,False,False,,,True,True
99,new10,n64,the little girl,person,0,True,False,1829,,False,False
99,new10,n65,this woman,person,0,False,False,,,False,False
99,new10,n66,her house,location,2,True,False,1829,,True,True
99,new10,n67,the professor,person,2,False,False,,,True,True
99,new10,n68,the trip,event,1,True,False,105,,False,False
99,new10,n69,Xiaomei,person,2,False,False,,,True,True
99,new10,n70,the woman's body,evidence_sentence,2,False,False,,,False,True
99,new10,n71,the suitcase,clue_object,6,False,False,,,True,True
99,new10,n72,the stockings,clue_object,4,True,False,2002,,True,True
99,new10,n73,human hair,clue_object,2,False,False,,,True,True
99,new10,n74,the pearl ring,clue_object,0,False,False,,,False,False
99,new10,n75,the table,location,1,False,False,,,False,False
99,new10,n76,September,time_anchor,2,True,False,1028,,False,True
99,new10,n77,the police investigation,event,2,True,False,589;1866,,True,True
99,new10,n78,the key,clue_object,1,False,False,,,False,False
99,new10,n79,Rock's job,event,2,False,False,,,True,True
99,new10,n80,the body,evidence_sentence,4,True,False,612;676;1998;2352,,True,True
99,new10,n81,lividity check,evidence_sentence,1,False,False,,,False,False
99,new10,n82,murder case,event,2,False,False,,,False,True
99,new10,n83,the scene,location,3,True,False,589,,True,True
99,new10,n84,Zhuang Zai,person,2,True,False,612,,True,True
99,new10,n85,Drifting Elder Brother,person,6,True,False,612,,True,True
99,new10,n86,Xiao Guai,person,4,True,False,612,,True,True
99,new10,n87,car key,clue_object,2,False,False,,,True,True
99,new10,n88,I,person,5,False,False,,,True,True
99,new10,n89,Xiao Gu,person,5,False,False,,,True,True
99,new10,n90,July 16th,time_anchor,1,False,False,,,False,False
99,new10,n91,victim's identity,evidence_sentence,2,False,False,,,False,False
99,new10,n92,killer,person,15,False,False,,,True,True
99,new10,n93,random killing on the street,event,1,False,False,,,False,False
99,new10,n94,mass murder,event,1,False,False,,,False,False
99,new10,n95,maze,event,1,False,False,,,False,False
99,new10,n96,dishcloth,clue_object,0,False,False,,,False,False
99,new10,n97,Kouhei,person,1,False,False,,,False,False
99,new10,n98,victim's appearance,clue_object,1,False,False,,,False,False
99,new10,n99,bloodstains,clue_object,1,False,False,,,False,False
99,new10,n100,dental treatment traces,clue_object,1,False,False,,,False,False
99,new10,n101,case,event,5,True,True,531;741;1441,531;1441,True,True
99,new10,n102,apprentice,person,4,False,False,,,True,True
99,new10,n103,Biao-Pan,person,2,False,False,,,True,True
99,new10,n104,Tanaka,person,3,False,False,,,True,True
99,new10,n105,Sexual Desire,clue_object,1,False,False,,,False,False
99,new10,n106,Jianzi,person,1,False,False,,,False,False
99,new10,n107,High Thousand,person,3,True,False,2002,,True,True
99,new10,n108,Slightly Inferior Elder Brother,person,1,False,False,,,False,False
99,new10,n109,narrator,person,54,False,False,,,True,True
99,new10,n110,Little Drift,location,2,False,False,,,False,False
99,new10,n111,store,location,5,False,False,,,True,True
99,new10,n112,Drifts,person,1,False,False,,,False,False
99,new10,n113,Iwao,person,1,False,False,,,False,False
99,new10,n114,Fubo-senior,person,1,False,False,,,False,False
99,new10,n115,Tokyo,location,1,False,False,,,False,False
99,new10,n116,supermarket,location,1,False,False,,,False,False
99,new10,n117,apartment,location,1,False,False,,,False,False
99,new10,n118,victim,person,0,True,False,741;1007,,False,False
99,new10,n119,suite,location,1,False,False,,,False,False
99,new10,n120,Takagi,person,2,False,False,,,False,True
99,new10,n121,Driftsakai,person,1,False,False,,,False,False
99,new10,n122,small house,location,4,False,False,,,True,True
99,new10,n123,Hinokou couple,person,1,False,False,,,False,False
99,new10,n124,relatives' house,location,1,False,False,,,False,False
99,new10,n125,empty house,location,0,False,False,,,False,False
99,new10,n126,Yuanzi,person,3,False,False,,,True,True
99,new10,n127,Takano,person,2,False,False,,,True,True
99,new10,n128,hair cut incident,event,4,False,False,,,True,True
99,new10,n129,rubber bands,clue_object,1,False,False,,,False,False
99,new10,n130,thief hypothesis,event,2,False,False,,,True,True
99,new10,n131,ring-shaped rubber band,clue_object,2,False,False,,,True,True
99,new10,n132,hair bundle,clue_object,1,False,False,,,False,False
99,new10,n133,Driftsaito-senpai,person,1,False,False,,,False,False
99,new10,n134,another school,location,0,False,False,,,False,False
99,new10,n135,this route,location,0,False,False,,,False,False
99,new10,n136,aunt,person,0,False,False,,,False,False
99,new10,n137,Hai Sheng,location,1,False,False,,,False,False
99,new10,n138,little girl's father,person,2,False,False,,,True,False
99,new10,n139,letter,clue_object,1,False,False,,,False,False
99,new10,n140,investigation,event,1,True,False,2002,,False,False
99,new10,n141,Xiaohua,person,8,False,False,,,True,True
99,new10,n142,Florida Peninsula,location,1,False,False,,,False,False
99,new10,n143,Gāo Qiān,person,1,False,False,,,False,False
99,new10,n144,Kaichi,person,2,False,False,,,True,True
99,new10,n145,Housuke,person,2,False,False,,,True,True
99,new10,n146,Little Driftwood,person,1,False,False,,,False,False
99,new10,n147,incident on the 15th evening,event,1,False,False,,,False,False
99,new10,n148,Takao,person,1,False,False,,,False,False
99,new10,n149,Mr. Oyama,person,1,False,False,,,False,False
99,new10,n150,Ms. Hikari,person,1,False,False,,,False,False
99,new10,n151,Mrs. Showa's mother,person,1,False,False,,,False,False
99,new10,n152,Little Pondling's mother,person,1,False,False,,,False,False
99,new10,n153,Citizen's Exchange Park in the Stack Bridge,location,1,False,False,,,False,False
99,new10,n154,dead woman found in Citizen's Exchange Park,evidence_sentence,2,False,False,,,False,True
99,new10,n155,Japanese brain,person,1,False,False,,,False,False
99,new10,n156,Mr. Ochiai,person,1,False,False,,,False,False
99,new10,n157,Tsutenkaku Park,location,1,True,False,1007,,False,False
99,new10,n158,hair found in the stocking,clue_object,3,False,False,,,True,True
99,new10,n159,victim's hair,clue_object,5,False,False,,,True,True
99,new10,n160,news report on the incident,evidence_sentence,1,False,False,,,False,False
99,new10,n161,Taka,person,1,False,False,,,False,False
99,new10,n162,fraud,event,1,False,False,,,False,False
99,new10,n163,Driftscoil Senior,person,4,False,False,,,True,True
99,new10,n164,Craftsman,person,4,False,False,,,True,True
99,new10,n165,Gomabu Senior,person,2,False,False,,,True,True
99,new10,n166,Mount Fuji,location,1,True,True,1700;1753;1891;1915,1891;1915,False,False
99,new10,n167,Palau-san,person,5,False,False,,,False,False
99,new10,n168,manager,person,1,False,False,,,False,False
99,new10,n169,Driftwood-san,person,1,False,False,,,False,False
99,new10,n170,July 11th,time_anchor,2,False,False,,,False,False
99,new10,n171,July 15th,time_anchor,1,False,False,,,False,False
99,new10,n172,hometown,location,2,True,False,1028,,False,False
99,new10,n173,new address,clue_object,1,False,False,,,False,False
99,new10,n174,running away,evidence_sentence,0,False,False,,,False,False
99,new10,n175,deliberately didn't want anyone to know,evidence_sentence,1,False,False,,,False,False
99,new10,n176,Mr. Miyama,person,2,False,False,,,False,False
99,new10,n177,Senpai,person,2,False,False,,,False,False
99,new10,n178,driver's license or insurance certificate,clue_object,1,False,False,,,False,False
99,new10,n179,high-interest loans,event,1,False,False,,,False,False
99,new10,n180,rented house,location,2,False,False,,,False,False
99,new10,n181,mailbox on the staircase,clue_object,1,False,False,,,False,False
99,new10,n182,iron bars,clue_object,1,False,False,,,False,False
99,new10,n183,Mr. Hu Yu,person,2,False,False,,,False,False
99,new10,n184,Anji University,location,3,False,False,,,False,False
99,new10,n185,man with the crew cut,person,3,False,False,,,False,False
99,new10,n186,woman,person,72,False,False,,,True,True
99,new10,n187,man with the silver-rimmed glasses,person,6,False,False,,,True,True
99,new10,n188,iron mailbox,clue_object,1,False,False,,,False,False
99,new10,n189,passenger seat,location,1,False,False,,,False,False
99,new10,n190,gas station,location,0,False,False,,,False,False
99,new10,n191,drifter,person,4,False,False,,,True,True
99,new10,n192,Kawajiri,person,1,False,False,,,False,False
99,new10,n193,Mercedes,clue_object,3,False,False,,,True,True
99,new10,n194,stomach,clue_object,2,False,False,,,True,True
99,new10,n195,Fujing,person,3,False,False,,,True,True
99,new10,n196,cement floor,location,1,False,False,,,False,False
99,new10,n197,iron fist storm,event,2,False,False,,,True,True
99,new10,n198,man,person,5,False,False,,,True,True
99,new10,n202,Gimura-san,person,1,False,False,,,False,False
99,new10,n203,Gakushou-senpai,person,4,True,False,1854,,True,True
99,new10,n204,Highsena,person,1,False,False,,,False,False
99,new10,n205,Mrs. Higashikawa's mother,person,0,False,False,,,False,False
99,new10,n206,Higashikawa Fujiko,person,0,False,False,,,False,False
99,new10,n207,Ohashi Park,location,0,False,False,,,False,False
99,new10,n208,abandoned body case,clue_object,2,False,False,,,False,False
99,new10,n209,investigation reports,evidence_sentence,2,False,False,,,False,False
99,new10,n210,Takashi Sugiyama,person,5,False,False,,,True,False
99,new10,n211,Haruko Fujimori,person,2,False,False,,,True,False
99,new10,n212,Hikou couple,person,4,False,False,,,True,False
99,new10,n213,St. Mary's Girls' School,location,5,False,False,,,True,True
99,new10,n214,Haijing,location,2,False,False,,,True,True
99,new10,n215,Driftsawan,person,5,False,False,,,True,True
99,new10,n216,Ms. Isono,person,2,False,False,,,True,True
99,new10,n217,Higuchi family,person,5,False,False,,,True,True
99,new10,n218,Tsukayama wallet,clue_object,1,False,False,,,False,False
99,new10,n219,July 30th,time_anchor,1,False,False,,,False,False
99,new10,n220,entrance exam competition,event,2,False,False,,,True,True
99,new10,n221,personnel transfer rule,event,1,False,False,,,False,False
99,new10,n222,theft of the Tsukayama wallet,event,3,False,False,,,True,True
99,new10,n223,five people besides him,person,1,False,False,,,False,False
99,new10,n224,four of them,person,1,False,False,,,False,False
99,new10,n225,Fujiko couple,person,1,False,False,,,False,False
99,new10,n226,Fujiko,person,2,False,False,,,True,False
99,new10,n227,Showa Lady,person,3,False,False,,,True,False
99,new10,n228,Miss Miyuki,person,1,False,False,,,False,False
99,new10,n229,Hongo Miss,person,2,False,False,,,False,False
99,new10,n230,Oedo Park,location,3,False,False,,,False,False
99,new10,n231,female corpse,evidence_sentence,1,True,False,2002,,False,False
99,new10,n232,Seishin,location,1,False,False,,,False,False
99,new10,n233,Houshiki-san,person,1,False,False,,,False,False
99,new10,n234,Rocks,person,0,False,False,,,False,False
99,new10,n235,Driftscoil,person,1,False,False,,,False,False
99,new10,n236,Miss Oozora Rinko,person,1,False,False,,,False,False
99,new10,n237,Bell,person,3,False,False,,,True,False
99,new10,n238,Kaho,person,2,False,False,,,True,False
99,new10,n239,small daughter's house,location,1,False,False,,,False,False
99,new10,n240,Kouki family home,location,1,False,False,,,False,False
99,new10,n241,couch,clue_object,2,False,False,,,True,False
99,new10,n242,Hikari,person,3,False,False,,,True,True
99,new10,n243,Gon,person,2,False,False,,,True,True
99,new10,n244,unknown person's hair,clue_object,2,False,False,,,True,True
99,new10,n245,victim's stocking,clue_object,2,True,False,741,,True,True
99,new10,n246,Good River,person,1,False,False,,,False,False
99,new10,n247,Mr. Hikari,person,1,False,False,,,False,False
99,new10,n248,Mrs. Hikari,person,1,False,False,,,False,False
99,new10,n249,Hamaguchi house,location,0,False,False,,,False,False
99,new10,n250,Shuzugawa Park,location,2,False,False,,,True,True
99,new10,n251,victim's daughter,person,2,False,False,,,False,False
99,new10,n252,wallet theft incident,event,2,False,False,,,True,True
99,new10,n253,Nakagawa Daisuke,person,3,False,False,,,False,False
99,new10,n254,Fujisawa Haruka,person,1,False,False,,,False,False
99,new10,n255,Hai Saint School,location,1,False,False,,,False,False
99,new10,n256,Mr. Kuroiwa,person,1,False,False,,,False,False
99,new10,n257,Bunny,person,3,False,False,,,True,True
99,new10,n258,Higuchi house,location,3,False,False,,,True,True
99,new10,n259,Xiao Qi,person,3,False,False,,,False,True
99,new10,n260,Lu Mei,person,1,False,False,,,False,False
99,new10,n261,Xiaotu,person,1,False,False,,,False,False
99,new10,n262,our table,location,1,False,False,,,False,False
99,new10,n263,the one from last time,person,1,False,False,,,False,False
99,new10,n264,glass cups and ice buckets,clue_object,1,False,False,,,False,False
99,new10,n265,Mr. Ichiro,person,1,False,False,,,False,False
99,new10,n266,Mr. Miyuki,person,5,False,False,,,False,False
99,new10,n267,Kouchi-san,person,2,True,False,1749,,False,False
99,new10,n268,Aho Miss,person,1,False,False,,,False,False
99,new10,n269,Akuh-san,person,2,False,False,,,False,False
99,new10,n270,Kumadaba,location,1,False,False,,,False,False
99,new10,n271,Mr. Miyuki's hometown,location,1,False,False,,,False,False
99,new10,n272,the eldest son,person,1,False,False,,,False,False
99,new10,n273,a truck,clue_object,1,False,False,,,False,False
99,new10,n274,his mother,person,3,False,False,,,False,False
99,new10,n275,Rumi-san,person,0,False,False,,,False,False
99,new10,n276,Ms. Lu Mei,person,3,False,False,,,False,True
99,new10,n277,Pao Biao's senior,person,1,False,False,,,False,False
99,new10,n279,white wine bottle,clue_object,2,False,False,,,False,True
99,new10,n280,circular sofa,location,1,False,False,,,False,False
99,new10,n282,two o'clock this afternoon,time_anchor,0,False,False,,,False,False
99,new10,n283,Palace family,person,2,False,False,,,False,False
99,new10,n284,students,person,2,False,False,,,False,False
99,new10,n285,landlord,person,1,False,False,,,False,False
99,new10,n286,Kouji,person,4,False,False,,,True,True
99,new10,n287,men and women,person,1,False,False,,,False,False
99,new10,n288,residence,location,1,False,False,,,False,False
99,new10,n289,room,location,1,False,False,,,False,False
99,new10,n290,confidence of being loved,evidence_sentence,2,False,False,,,True,True
99,new10,n291,material things,clue_object,1,False,False,,,False,False
99,new10,n292,clothes,clue_object,1,False,False,,,False,False
99,new10,n293,break up event,event,3,False,False,,,True,True
99,new10,n294,sleeping together event,event,1,False,False,,,False,False
99,new10,n295,Shou,person,2,False,False,,,False,True
99,new10,n296,Ichi-chan,person,1,False,False,,,False,False
99,new10,n297,Palamaru,person,1,False,False,,,False,False
99,new10,n298,Yamada,person,7,False,False,,,True,True
99,new10,n299,Driftsui-san,person,1,False,False,,,False,False
99,new10,n300,Miss Aho,person,1,False,False,,,False,False
99,new10,n301,opportunity to make a lot of money,event,1,False,False,,,False,False
99,new10,n302,mistaken identity incident,event,2,False,False,,,False,True
99,new10,n303,terrible feeling,evidence_sentence,1,False,False,,,False,False
99,new10,n304,Ms. Lumi,person,0,False,False,,,False,False
99,new10,n305,Minami Miyuki,person,1,False,False,,,False,False
99,new10,n306,Mr. Mashita,person,0,False,False,,,False,False
99,new10,n307,Mr. Oomura,person,0,True,False,1826,,False,False
99,new10,n308,Rock-san,person,1,False,False,,,False,False
99,new10,n309,Rabbit-san,person,1,False,False,,,False,False
99,new10,n310,the ring,clue_object,8,False,False,,,True,True
99,new10,n311,a sixteen-year-old girl,person,17,False,False,,,True,True
99,new10,n312,boss lady,person,1,False,False,,,False,False
99,new10,n313,the woman's house,location,1,False,False,,,False,False
99,new10,n314,the stocking,clue_object,2,True,False,741;2002,,True,True
99,new10,n315,Chōshirō,person,1,False,False,,,False,False
99,new10,n316,a third party with cut hair,person,1,False,False,,,False,False
99,new10,n317,today's morning paper,evidence_sentence,1,False,False,,,False,False
99,new10,n318,the national highway,location,1,True,False,2352,,False,False
99,new10,n319,hair in her stocking,clue_object,5,False,False,,,True,True
99,new10,n320,Adam's hair being cut,evidence_sentence,2,False,False,,,False,True
99,new10,n321,Box,clue_object,4,False,False,,,True,True
99,new10,n322,Luther,clue_object,1,False,False,,,False,False
99,new10,n323,local TV station's anchor,person,1,False,False,,,False,False
99,new10,n324,mixed woods along the national highway,location,1,False,False,,,False,False
99,new10,n325,city hotel,location,1,False,False,,,False,False
99,new10,n326,period drama,event,1,False,False,,,False,False
99,new10,n327,Hachikou,person,9,False,False,,,False,True
99,new10,n328,Xiao Piao,person,1,False,False,,,False,False
99,new10,n329,the small dining table,location,1,False,False,,,False,False
99,new10,n330,my place (Gao Qian's),location,1,False,False,,,False,False
99,new10,n331,"last month, the 15th",time_anchor,1,False,False,,,False,False
99,new10,n332,living room,location,6,True,False,447,,True,True
99,new10,n333,Kouda-san,person,2,False,False,,,True,True
99,new10,n334,Onizuka-san,person,2,False,False,,,True,True
99,new10,n335,girlfriend,person,2,False,False,,,True,True
99,new10,n336,Japan,location,3,False,False,,,True,True
99,new10,n337,fifteenth evening,time_anchor,1,False,False,,,False,False
99,new10,n338,travel destination,location,1,False,False,,,False,False
99,new10,n339,hair,clue_object,3,False,False,,,True,True
99,new10,n340,table bottom,location,1,False,False,,,False,False
99,new10,n341,silver hairpin,clue_object,2,False,False,,,False,True
99,new10,n342,resentment,evidence_sentence,1,False,False,,,False,False
99,new10,n343,elder brother,person,0,True,True,612;1891,1891,False,False
99,new10,n344,hospital,location,1,False,False,,,False,False
99,new10,n345,injury case,event,1,False,False,,,False,False
99,new10,n346,intruder attack,event,1,False,False,,,False,False
99,new10,n347,Takako,person,2,False,False,,,True,True
99,new10,n348,Mr. Nakajima,person,1,False,False,,,False,False
99,new10,n349,Mr. Ishihara,person,1,False,False,,,False,False
99,new10,n350,Lumi-san,person,0,False,False,,,False,False
99,new10,n351,Shirogane,person,1,False,False,,,False,False
99,new10,n352,the Pier Park,location,1,False,False,,,False,False
99,new10,n353,Shiroi,person,2,False,False,,,True,True
99,new10,n355,little maid's house,location,1,False,False,,,False,False
99,new10,n356,Silk City,location,1,False,False,,,False,False
99,new10,n357,bridge park,location,2,False,False,,,False,True
99,new10,n358,pavilion,location,4,True,False,676,,True,True
99,new10,n359,August 17th,time_anchor,1,False,False,,,False,False
99,new10,n360,hair socks,clue_object,2,False,False,,,True,True
99,new10,n361,corpse in the bridge park,evidence_sentence,1,False,False,,,False,False
99,new10,n362,Miss Lu Mei,person,2,False,False,,,True,True
99,new10,n363,the police,person,9,False,False,,,True,True
99,new10,n364,the pier,location,2,True,False,676,,True,True
99,new10,n365,Yán Zi,person,2,False,False,,,True,False
99,new10,n366,Jiaozai,person,1,False,False,,,False,False
99,new10,n367,Yan Zi's apartment,location,3,False,False,,,True,True
99,new10,n368,'I·L',location,4,False,False,,,True,False
99,new10,n369,Mizuki's house,location,4,False,False,,,True,True
99,new10,n370,Minagawa Nobuaki,person,3,False,False,,,True,True
99,new10,n371,Mizuki,person,2,False,False,,,True,True
99,new10,n372,the crime of disposing of a body,event,1,False,False,,,False,False
99,new10,n373,back door,clue_object,2,False,False,,,True,True
99,new10,n374,kitchen,location,7,False,False,,,True,True
99,new10,n375,Reiko,person,1,False,False,,,False,False
99,new10,n376,meat tenderizer,clue_object,4,False,False,,,True,True
99,new10,n378,two entangled on the couch in the living room,event,2,False,False,,,True,True
99,new10,n379,Stack Bridge Citizen Exchange Park,location,2,False,False,,,True,True
99,new10,n380,Shibaura Citizen Exchange Park,location,2,False,False,,,True,True
99,new10,n381,Miss Dai,person,7,False,False,,,True,True
99,new10,n382,Miss Higuchi,person,3,False,False,,,True,True
99,new10,n383,Driftsweep Senior,person,0,False,False,,,False,False
99,new10,n384,Mizukura family mother,person,1,False,False,,,False,False
99,new10,n385,Mizukura family eldest son,person,1,False,False,,,False,False
99,new10,n386,Kitaoka couple senior son,person,1,False,False,,,False,False
99,new10,n387,Higuchi couple,person,2,False,False,,,True,True
99,new10,n388,Mizukura family,person,1,False,False,,,False,False
99,new10,n389,Kitaoka couple,person,1,False,False,,,False,False
99,new10,n390,summer,time_anchor,3,False,False,,,True,True
99,new10,n391,college student life,event,1,False,False,,,False,False
99,new10,n392,little daughter,person,4,True,False,107,,True,True
99,new10,n393,Palace Downs senior,person,2,False,False,,,False,False
99,new10,n394,Piao's house,location,1,True,False,662,,False,False
99,new10,n395,Sylphid,location,1,False,False,,,False,False
99,new10,n396,Naito-san's family,location,0,False,False,,,False,False
99,new10,n397,September 9th,time_anchor,1,False,False,,,False,False
99,new10,n398,October,time_anchor,1,False,False,,,False,False
99,new10,n399,suicide,event,1,False,False,,,False,False
99,new10,n400,Daisuke,person,19,False,False,,,True,True
99,new10,n401,Anjou Residence,location,1,False,False,,,False,False
99,new10,n402,Drifting Paddle,person,2,False,False,,,False,True
99,new10,n403,Anzu Residence,location,1,False,False,,,False,False
99,new10,n404,Kumamoto Shunji,person,2,False,False,,,True,True
99,new10,n405,Harumi,person,4,False,False,,,True,True
99,new10,n406,beer,clue_object,3,False,False,,,False,False
99,new10,n407,Rachel's house,location,1,False,False,,,False,False
99,new10,n408,summer ends,time_anchor,1,False,False,,,False,False
99,new10,n409,Hiroyuki,person,2,False,False,,,True,False
99,new10,n410,Rabb,person,1,False,False,,,False,False
99,new10,n411,Mr. Ikegami,person,2,False,False,,,True,False
99,new10,n412,Driftsawan-senpai,person,1,False,False,,,False,False
99,new10,n413,Fujiko Fujimori,person,3,False,False,,,True,True
99,new10,n414,the girl,person,1,True,False,1700;1859,,False,False
99,new10,n415,Rock's car,clue_object,1,False,False,,,False,False
99,new10,n416,the park,location,1,False,False,,,False,False
99,new10,n417,today's meeting,event,7,False,False,,,True,True
99,new10,n418,Ikegami's investigation,event,2,False,False,,,True,False
99,new10,n419,the sun setting,time_anchor,1,False,False,,,False,False
99,new10,n420,Miss Akuromi,person,1,False,False,,,False,False
99,new10,n421,the floor,clue_object,3,True,False,447,,True,True
99,new10,n422,Hirakawa family,location,2,False,False,,,True,True
99,new10,n423,Senior Drift,person,2,False,False,,,False,True
99,new10,n424,Tuanpai senior,person,4,True,False,281,,True,True
99,new10,n425,Xiaoji,person,1,False,False,,,False,False
99,new10,n426,US,location,1,False,False,,,False,False
99,new10,n427,tonight,time_anchor,3,False,False,,,True,True
99,new10,n428,tomorrow,time_anchor,1,False,False,,,False,False
99,new10,n429,midnight,time_anchor,1,False,False,,,False,False
99,new10,n430,Mei Xu's parents,person,3,False,False,,,True,True
99,new10,n431,the bodies,clue_object,1,False,False,,,False,False
99,new10,n432,Mei's body,clue_object,2,False,False,,,True,True
99,new10,n433,the Palgxiang senior,person,2,True,False,2352,,True,True
99,new10,n434,the mountains,location,1,True,False,2352,,False,False
99,new10,n435,a deciduous forest along the national highway,location,2,True,False,2352,,True,True
99,new10,n436,the stockings containing Mei's hair and the body of the Palgxiang senior,clue_object,4,False,False,,,True,True
99,new10,n437,Meiju,person,3,False,False,,,True,True
99,new10,n438,Mizuho,person,3,False,False,,,True,True
99,new10,n439,sliding door,clue_object,1,False,False,,,False,False
99,new10,n440,intruder,person,2,False,False,,,True,True
99,new10,n441,Mei Xù,person,2,False,False,,,True,True
99,new10,n442,blood,evidence_sentence,2,False,False,,,True,True
99,new10,n443,Mei Xu,person,4,False,False,,,True,True
99,new10,n444,Little Miss Mizuho,person,1,False,False,,,False,False
99,new10,n446,the carpenter kid,person,1,False,False,,,False,False
99,new10,n447,Yanzi,person,2,False,False,,,False,False
99,new10,n448,Citizen's Interaction Park,location,2,True,False,676,,True,True
99,new10,n449,a body,clue_object,2,True,False,612;676;1998;2352,,False,False
99,new10,n450,bloodstains on the floor,clue_object,1,False,False,,,False,False
99,new10,n451,an ambulance,clue_object,2,False,False,,,True,True
99,new10,n452,a cigarette,clue_object,1,False,False,,,False,False
99,new10,n453,airport bus,clue_object,1,True,False,685,,False,False
99,new10,n454,Takayuki,person,1,False,False,,,False,False
99,new10,n455,Driftside senior brother,person,2,False,False,,,False,True
99,new10,n456,Dai Dai,person,1,False,False,,,False,False
99,new10,n457,news reports,evidence_sentence,1,False,False,,,False,False
99,new10,n458,brother,person,2,True,True,1441,1441,True,True
99,new10,n459,Aji Police Station,location,2,False,False,,,False,True
99,new10,n460,prefectural police department,location,1,False,False,,,False,False
99,new10,n461,Anjou Police Department,location,1,False,False,,,False,False
99,new10,n462,case reporter,person,1,False,False,,,False,False
99,new10,n463,Small Miss,person,2,False,False,,,True,True
99,new10,n464,death time estimate,evidence_sentence,1,False,False,,,False,False
99,new10,n465,cause of death estimate,evidence_sentence,1,False,False,,,False,False
99,new10,n466,victim age estimate,evidence_sentence,1,True,False,741,,False,False
99,new10,n467,hair evidence,clue_object,1,False,False,,,False,False
99,new10,n468,wallet,clue_object,1,False,False,,,False,False
99,new10,n469,karaoke bar,location,3,False,False,,,False,False
99,new10,n470,Daigo,person,3,False,False,,,True,True
99,new10,n471,jacket,clue_object,6,False,False,,,True,True
99,new10,n472,family,person,1,False,False,,,False,False
99,new10,n473,the five people,person,3,False,False,,,True,True
99,new10,n474,Kurokawa Saito,person,2,False,False,,,False,False
99,new10,n475,Fukuhara Fujiko,person,1,False,False,,,False,False
99,new10,n476,Mrs. Hidemi,person,1,False,False,,,False,False
99,new10,n477,Mr. Akihiko,person,1,False,False,,,False,False
99,new10,n478,Kitaoka Kouki,person,1,False,False,,,False,False
99,new10,n479,Fujimoto Fujiko,person,1,False,False,,,False,False
99,new10,n480,Kurokawa family car,clue_object,1,False,False,,,False,False
99,new10,n481,Fukuhara family car,clue_object,1,False,False,,,False,False
99,new10,n482,Small Pond,person,1,False,False,,,False,False
99,new10,n483,whisky,clue_object,1,False,False,,,False,False
99,new10,n484,Spring River,person,1,False,False,,,False,False
99,new10,n485,society,location,1,False,False,,,False,False
99,new10,n486,speaker,person,3,False,False,,,False,False
99,new10,n487,Hirotaka,person,2,True,True,2304,2304,True,True
99,new10,n488,Fujimoto,person,2,False,False,,,True,True
99,new10,n489,Rada's jacket,clue_object,6,False,False,,,True,True
99,new10,n490,Tsubaki,person,2,False,False,,,True,True
99,new10,n491,Driftsensei,person,2,False,False,,,True,True
99,new10,n492,the robbery incident,event,4,False,False,,,True,True
99,new10,n493,the shops,location,1,False,False,,,False,False
99,new10,n494,Rada,person,1,False,False,,,False,False
99,new10,n495,five people from Spring River,person,2,False,False,,,False,True
99,new10,n496,High Teng,person,1,False,False,,,False,False
99,new10,n497,Drift-out senior,person,1,False,False,,,False,False
99,new10,n498,Rabbit,person,1,False,False,,,False,False
99,new10,n499,North America,location,4,False,False,,,True,True
99,new10,n500,Hamaoka parents,person,2,False,False,,,True,True
99,new10,n501,boyfriend,person,1,False,False,,,False,False
99,new10,n502,St. Petersburg,location,3,False,False,,,True,True
99,new10,n503,Professor Miyazaki,person,2,False,False,,,True,True
99,new10,n504,English school,location,1,False,False,,,False,False
99,new10,n505,Little Miss Gap year,person,2,False,False,,,True,True
99,new10,n506,upperclassman,person,1,True,False,1854,,False,False
99,new10,n507,the mother,person,1,False,False,,,False,False
99,new10,n508,Mounta-san,person,1,False,False,,,False,False
99,new10,n509,Yamanaka-san,person,4,True,False,1859,,True,True
99,new10,n510,High Chie,person,2,False,False,,,True,True
99,new10,n511,Saki,person,4,False,False,,,True,True
99,new10,n512,Professor Mashima,person,0,False,False,,,False,False
99,new10,n513,Oedo Bridge Park,location,1,False,False,,,False,False
99,new10,n514,the body found in the Oedo Bridge Park,clue_object,2,False,False,,,True,True
99,new10,n515,fake letters and photos,clue_object,1,False,False,,,False,False
99,new10,n516,Drift,person,5,False,False,,,True,True
99,new10,n517,Chikako,person,3,False,False,,,False,False
99,new10,n518,Driftsaway-san's house,location,1,False,False,,,False,False
99,new10,n519,the fifteenth of last month,time_anchor,2,False,False,,,True,True
99,new10,n520,farewell party for her,event,1,False,False,,,False,False
99,new10,n521,refrigerator in the kitchen,location,1,False,False,,,False,False
99,new10,n522,palace elder sister,person,1,False,False,,,False,False
99,new10,n523,palace elder brother,person,4,True,True,1891,1891,True,True
99,new10,n524,Minami-san,person,1,False,False,,,False,False
99,new10,n525,brief summer romance,event,1,False,False,,,False,False
99,new10,n526,elopement to America,event,2,False,False,,,True,True
99,new10,n527,trickery into going abroad,event,1,False,False,,,False,False
99,new10,n528,Chika,person,2,False,False,,,False,False
99,new10,n529,Minami-senpai,person,3,False,False,,,False,False
99,new10,n530,High One,person,2,False,False,,,False,False
99,new10,n531,Palace Down senior,person,1,False,False,,,False,False
99,new10,n532,lesbian rumor,evidence_sentence,1,False,False,,,False,False
99,new10,n533,school cafeteria,location,1,False,False,,,False,False
99,new10,n534,Piao,person,1,False,False,,,False,False
99,new10,n535,bathroom,location,2,True,False,663,,False,False
99,new10,n536,Drifts' place,location,1,False,False,,,False,False
99,new10,n537,Kisaki,person,1,False,False,,,False,False
99,new10,n538,Hamamatsu couple,person,2,False,False,,,True,True
99,new10,n539,Driftsai's mother,person,1,False,False,,,False,False
99,new10,n540,morning newspaper,clue_object,1,False,False,,,False,False
99,new10,n541,nineteenth,time_anchor,2,False,False,,,False,True
99,new10,n542,four in the morning,time_anchor,1,False,False,,,False,False
99,new10,n543,older brother's house,location,1,False,False,,,False,False
99,new10,n544,old wooden building,location,3,False,False,,,False,False
99,new10,n545,newspaper,clue_object,1,False,False,,,False,False
99,new10,n546,TV,clue_object,1,False,False,,,False,False
99,new10,n547,radio,clue_object,1,False,False,,,False,False
99,new10,n548,morning paper,clue_object,1,False,False,,,False,False
99,new10,n549,food,clue_object,1,False,False,,,False,False
99,new10,n550,kitchen and toilet,clue_object,1,False,False,,,False,False
99,new10,n551,world without modern technology,time_anchor,1,False,False,,,False,False
99,new10,n552,Shima,person,2,False,False,,,False,False
99,new10,n553,newspapers,evidence_sentence,1,False,False,,,False,False
99,new10,n554,death plan,event,3,False,False,,,False,False
99,new10,n555,liver cirrhosis,evidence_sentence,2,False,False,,,False,False
99,new10,n556,heatstroke,evidence_sentence,1,False,False,,,False,False
99,new10,n557,blood-covered state,evidence_sentence,2,False,False,,,False,False
99,new10,n558,dawn,time_anchor,1,False,False,,,False,False
99,new10,n559,another girl,person,1,False,False,,,False,False
99,new10,n560,victim status,evidence_sentence,3,False,False,,,False,True
99,new10,n561,salary,clue_object,2,False,False,,,False,False
99,new10,n562,Kitaoka Noboru,person,1,False,False,,,False,False
99,new10,n563,Ako Akari,person,2,False,False,,,False,True
99,new10,n564,escape plan,event,1,False,False,,,False,False
99,new10,n565,Kitaoka,person,4,False,False,,,True,True
99,new10,n566,Okazaki,person,5,False,False,,,True,False
99,new10,n567,Fujiko-san,person,2,False,False,,,True,False
99,new10,n568,Gondo-san,person,4,False,False,,,True,True
99,new10,n569,the woman he carried,person,4,False,False,,,True,True
99,new10,n570,another corpse,clue_object,3,False,False,,,True,True
99,new10,n571,the same place,location,2,False,False,,,True,True
99,new10,n572,surrender,event,1,False,False,,,False,False
99,new10,n573,Kouda,person,7,False,False,,,True,True
99,new10,n574,Hakita,person,5,False,False,,,True,False
99,new10,n575,Driftsai's house,location,3,False,False,,,True,True
99,new10,n576,summer vacation of the second year,time_anchor,4,False,False,,,True,True
99,new10,n577,the next night,time_anchor,3,False,False,,,True,True
99,new10,n578,three friends,evidence_sentence,4,False,False,,,True,True
100,new10,n1,Hikari,person,7,False,False,,,True,True
100,new10,n2,Yoshifumi,person,2,False,False,,,False,True
100,new10,n3,Kamo River,location,1,False,False,,,False,False
100,new10,n4,Ming Shi,person,9,True,False,234,,True,True
100,new10,n5,bedroom,location,2,True,False,280,,True,True
100,new10,n6,April 18th,time_anchor,2,False,False,,,False,True
100,new10,n7,second floor,location,1,False,False,,,False,False
100,new10,n8,dining room,location,4,False,False,,,True,True
100,new10,n9,studio,location,3,True,True,280;607;610,610,True,True
100,new10,n10,Mizuho,person,4,False,False,,,True,True
100,new10,n11,Rie,person,26,False,False,,,True,True
100,new10,n12,Nishikawa Shinichi,person,3,False,False,,,True,True
100,new10,n13,restaurant,location,8,False,False,,,True,True
100,new10,n14,6 pm,time_anchor,1,False,False,,,False,False
100,new10,n15,canned tea,clue_object,2,True,True,64;591;607,591,True,True
100,new10,n16,Ryoko,person,2,False,False,,,False,True
100,new10,n17,Matsuda,person,5,False,False,,,True,True
100,new10,n18,Lady Zhū Měi,person,5,False,False,,,True,True
100,new10,n19,Miyoshi,person,1,False,False,,,False,False
100,new10,n20,Mrs. Tamura,person,1,False,False,,,False,False
100,new10,n21,art studio,location,2,False,False,,,False,True
100,new10,n22,carpet,clue_object,7,True,False,199;607,,True,True
100,new10,n23,can of Earl Grey tea,clue_object,1,False,False,,,False,False
100,new10,n24,couch,clue_object,0,False,False,,,False,False
100,new10,n25,vomit traces,evidence_sentence,1,False,False,,,False,False
100,new10,n26,Rihui,person,1,False,False,,,False,False
100,new10,n27,Meiji,person,1,False,False,,,False,False
100,new10,n28,Fujiko Takano,person,1,False,False,,,False,False
100,new10,n29,Lady Asakura,person,4,False,False,,,True,True
100,new10,n30,Keigo Furusawa,person,2,False,False,,,False,True
100,new10,n31,Shin'ichi,person,10,False,False,,,True,True
100,new10,n32,Rui,person,3,False,False,,,True,True
100,new10,n33,Detective Ohsawa,person,3,False,False,,,True,True
100,new10,n34,cyanide,clue_object,1,False,False,,,False,False
100,new10,n35,the red tea can,clue_object,1,False,False,,,False,False
100,new10,n36,Lady Asakura's death,event,13,False,False,,,True,True
100,new10,n37,the ground floor library,location,1,False,False,,,False,False
100,new10,n38,the second floor scene,location,1,False,False,,,False,False
100,new10,n39,culprit,person,0,False,False,,,False,False
100,new10,n40,red tea,clue_object,1,False,False,,,False,False
100,new10,n41,delusional poisoning,event,3,False,False,,,True,True
100,new10,n42,Detective Otsuka,person,4,False,False,,,True,True
100,new10,n43,5 and 6 PM,time_anchor,1,False,False,,,False,False
100,new10,n44,kitchen,location,4,False,False,,,True,True
100,new10,n45,English-style teacups,clue_object,1,False,False,,,False,False
100,new10,n46,teapots,clue_object,1,False,False,,,False,False
100,new10,n47,brewing methods,clue_object,1,False,False,,,False,False
100,new10,n48,canned black tea,clue_object,8,False,False,,,True,True
100,new10,n49,Koyuki,person,1,False,False,,,False,False
100,new10,n51,house,location,8,True,True,586;591,591,True,True
100,new10,n52,incident,event,14,True,True,3489;4007,4007,True,True
100,new10,n53,alibi,evidence_sentence,1,False,False,,,False,False
100,new10,n54,Shinichi,person,3,False,False,,,True,True
100,new10,n55,Fujiko,person,6,False,False,,,True,True
100,new10,n56,Reiko,person,8,False,False,,,True,True
100,new10,n57,tea party,event,4,True,False,234;607,,True,True
100,new10,n58,[515],time_anchor,1,False,False,,,False,False
100,new10,n59,Fukuhara,person,6,True,False,3223,,True,True
100,new10,n60,perpetrator,person,7,True,True,610;945,610,True,True
100,new10,n61,bloodstains,clue_object,1,False,False,,,False,False
100,new10,n62,crime scene,location,0,False,False,,,False,False
100,new10,n63,Tetsuya,person,1,False,False,,,False,False
100,new10,n64,Li Hui,person,2,False,False,,,False,True
100,new10,n65,Fengyuan,person,2,False,False,,,False,True
100,new10,n66,Akane,person,2,False,False,,,True,True
100,new10,n67,Kagura,person,2,False,False,,,False,True
100,new10,n68,Mingshi,person,7,False,False,,,True,True
100,new10,n69,Riyu,person,3,False,False,,,True,True
100,new10,n70,Lady Shuzume,person,2,False,False,,,True,True
100,new10,n71,tea stain,clue_object,2,True,False,607,,False,True
100,new10,n72,teacup,clue_object,1,False,False,,,False,False
100,new10,n73,Mrs. Zhumei,person,2,False,False,,,True,True
100,new10,n74,bottled black tea,clue_object,2,False,False,,,True,True
100,new10,n75,plastic bottle method,clue_object,2,False,False,,,True,True
100,new10,n76,poisoning delusion,event,2,False,False,,,True,True
100,new10,n77,stainless steel can,clue_object,2,False,False,,,True,True
100,new10,n78,aluminum can,clue_object,2,True,False,575,,True,True
100,new10,n79,magnet attraction,clue_object,2,False,False,,,True,True
100,new10,n80,Zhu Měi,person,1,False,False,,,False,False
100,new10,n81,Mrs. Maruyama,person,5,True,True,591,591,True,True
100,new10,n82,Jià Shòu,person,0,False,False,,,False,False
100,new10,n83,Kozue,person,3,False,False,,,True,True
100,new10,n84,high-rise apartment building,location,2,False,False,,,False,True
100,new10,n85,excavation work,event,1,False,False,,,False,False
100,new10,n86,Lady Jumu,person,3,False,False,,,True,True
100,new10,n87,Mizue,person,1,False,False,,,False,False
100,new10,n88,empty can with the spilled tea stain on the carpet,clue_object,1,False,False,,,False,False
100,new10,n89,cyanide potassium,clue_object,2,True,False,607,,True,True
100,new10,n90,capsule containing cyanide potassium,clue_object,1,True,False,607,,False,False
100,new10,n91,poisoning by Kozue,event,3,False,False,,,True,True
100,new10,n92,lie about ordering meals out due to cooking hatred,evidence_sentence,1,True,True,591,591,False,False
100,new10,n93,fear of being poisoned by Mrs. Maruyama,evidence_sentence,1,False,False,,,False,False
100,new10,n94,questioning Mrs. Maruyama about poisoning fear,event,1,False,False,,,False,False
100,new10,n95,Tsukuru,person,4,False,False,,,True,True
100,new10,n96,director,person,3,True,True,666;807;818;923;1515;1629,1629,True,True
100,new10,n97,special collection room,location,42,True,False,812,,True,True
100,new10,n98,January 26th,time_anchor,1,False,False,,,False,False
100,new10,n99,the third class,event,2,False,False,,,False,True
100,new10,n100,night duty,event,1,False,False,,,False,False
100,new10,n101,midnight,time_anchor,1,False,False,,,False,False
100,new10,n102,Nakamura Shingo,person,3,False,False,,,True,True
100,new10,n103,Kumagai,person,2,False,False,,,True,True
100,new10,n104,Matsutani,person,4,False,False,,,True,True
100,new10,n105,Shimazaki,person,1,False,False,,,False,False
100,new10,n106,Sugawara,person,2,False,False,,,True,True
100,new10,n107,Saeki-san,person,2,False,False,,,True,True
100,new10,n108,Kamiya,person,2,False,False,,,True,True
100,new10,n109,first floor,location,1,False,False,,,False,False
100,new10,n110,Aguchi Noriko,person,2,False,False,,,False,True
100,new10,n111,director's office,location,1,False,False,,,False,False
100,new10,n112,librarian,person,2,False,False,,,True,True
100,new10,n113,victim's body,evidence_sentence,1,False,False,,,False,False
100,new10,n114,Kuroda Nobuko,person,4,True,False,1049,,True,True
100,new10,n116,Suda,person,5,False,False,,,True,True
100,new10,n117,Ms. Takano,person,2,True,True,1054,1054,True,True
100,new10,n118,Ata,person,1,False,False,,,False,False
100,new10,n119,Chiaki,person,1,False,False,,,False,False
100,new10,n120,director's room,location,1,True,False,807,,False,False
100,new10,n121,art gallery,location,2,True,False,812,,False,True
100,new10,n122,7 pm,time_anchor,2,False,False,,,True,True
100,new10,n123,8:34 pm and 8:56 pm,time_anchor,1,False,False,,,False,False
100,new10,n124,Sato,person,2,False,False,,,False,True
100,new10,n125,Nakagawa Tetsuji,person,2,True,True,1058,1058,False,True
100,new10,n126,Naraoka Fumio,person,2,False,False,,,True,False
100,new10,n127,Takeuchi Riyoko,person,2,False,False,,,True,False
100,new10,n128,Li Hu,person,4,False,False,,,True,True
100,new10,n129,"""Lavina""",location,8,False,False,,,True,False
100,new10,n130,Hamamatsu Port,location,3,False,False,,,True,False
100,new10,n131,Ohashi Port,location,3,False,False,,,True,False
100,new10,n132,art museum,location,4,True,True,1058,1058,False,True
100,new10,n133,mountains,location,1,True,True,1058,1058,False,False
100,new10,n134,Cosmetics·Chitose,location,5,False,False,,,True,True
100,new10,n135,Chitose Thousand Years,person,6,False,False,,,True,True
100,new10,n136,Ming,person,8,False,False,,,True,True
100,new10,n137,Li Hua,person,2,False,False,,,False,False
100,new10,n138,Chitose Sakura,person,4,False,False,,,True,True
100,new10,n139,VIP room,location,5,False,False,,,True,True
100,new10,n140,open deck,location,10,False,False,,,True,True
100,new10,n141,lower level,location,3,False,False,,,True,True
100,new10,n142,Menuetto,location,1,False,False,,,False,False
100,new10,n143,dedicated elevator,clue_object,3,False,False,,,True,True
100,new10,n144,spiral staircase,clue_object,4,False,False,,,True,True
100,new10,n145,Chieko,person,2,False,False,,,False,False
100,new10,n146,Mizuki,person,8,False,False,,,True,True
100,new10,n147,Yuri,person,3,False,False,,,True,True
100,new10,n148,female server,person,2,True,True,1172;1216;1629,1629,False,True
100,new10,n149,lipstick,clue_object,2,False,False,,,False,True
100,new10,n150,four o'clock,time_anchor,1,False,False,,,False,False
100,new10,n151,VIP elevator,clue_object,1,False,False,,,False,False
100,new10,n152,Hana-ko-san,person,1,False,False,,,False,False
100,new10,n153,Riyuto,person,6,False,False,,,True,True
100,new10,n154,Ravinia,event,2,True,False,1246,,False,True
100,new10,n155,Honshibotai,location,1,True,False,1246,,False,False
100,new10,n156,Bioluminescent Island,location,4,False,False,,,True,True
100,new10,n157,male waitress,person,3,True,False,1369,,True,True
100,new10,n158,Ravelinia,event,1,False,False,,,False,False
100,new10,n159,black burn mark,clue_object,1,False,False,,,False,False
100,new10,n160,Sun Room,location,20,True,True,1195;1369;1629,1629,True,True
100,new10,n161,victim,person,15,True,False,945,,True,True
100,new10,n162,directors of her company,person,1,False,False,,,False,False
100,new10,n163,ship,location,13,False,False,,,True,True
100,new10,n164,female waitress,person,14,True,False,1369,,True,True
100,new10,n165,other relevant personnel,person,1,False,False,,,False,False
100,new10,n166,empty room,location,5,False,False,,,True,True
100,new10,n167,guests outside the suite,person,2,False,False,,,True,True
100,new10,n168,elevator,clue_object,1,False,False,,,False,False
100,new10,n169,forensic team,person,2,False,False,,,False,False
100,new10,n170,"coroner, Mr. Hata",person,1,False,False,,,False,False
100,new10,n171,killer's name,evidence_sentence,1,False,False,,,False,False
100,new10,n172,people who knew the victim with a surname starting with 'C',person,1,False,False,,,False,False
100,new10,n173,Forensic Examiner Kobayashi,person,1,False,False,,,False,False
100,new10,n174,Detective Seto,person,1,False,False,,,False,False
100,new10,n175,Forestry Minister Senkawa,person,1,False,False,,,False,False
100,new10,n176,Narae Inoue,person,2,False,False,,,True,False
100,new10,n177,Takeuchi Ritsuko,person,2,False,False,,,True,False
100,new10,n178,Kikuchi,person,3,False,False,,,True,False
100,new10,n179,Mita,location,2,False,False,,,True,True
100,new10,n180,last July,time_anchor,1,False,False,,,False,False
100,new10,n181,Detective Ohta,person,2,False,False,,,False,False
100,new10,n182,president,person,2,True,False,1489,,True,True
100,new10,n183,King room,location,4,True,False,1369,,True,True
100,new10,n184,tablecloth,clue_object,7,True,True,1202;1596;1607,1596,True,True
100,new10,n185,"""C""-shaped burn mark",clue_object,8,True,True,1596;1607,1596,True,True
100,new10,n186,lobby,location,3,False,False,,,True,True
100,new10,n187,passengers,person,1,False,False,,,False,False
100,new10,n188,Lady Shigemaki,person,3,False,False,,,False,False
100,new10,n189,Chizuo Okumura,person,2,False,False,,,False,False
100,new10,n190,Lady Senryo,person,6,False,False,,,True,True
100,new10,n191,Chief Inspector Otsuka,person,3,False,False,,,True,True
100,new10,n192,Ms. Nara no Ie,person,2,False,False,,,True,True
100,new10,n193,4 pm and 6 pm,time_anchor,1,False,False,,,False,False
100,new10,n194,vase,clue_object,0,False,False,,,False,False
100,new10,n195,cigarette butts,clue_object,8,True,False,1202,,True,True
100,new10,n196,ashtray on the table in the Sun room,clue_object,1,False,False,,,False,False
100,new10,n197,Sen Takuru,person,3,False,False,,,True,False
100,new10,n198,Nara no Ie,person,3,False,False,,,True,False
100,new10,n199,Takano,person,1,False,False,,,False,False
100,new10,n200,Chaya Vice President,person,2,False,False,,,False,False
100,new10,n201,Chaya Shizuko,person,2,False,False,,,True,True
100,new10,n202,Miss Nerima,person,2,False,False,,,True,True
100,new10,n203,Miss Akagi,person,2,False,False,,,True,True
100,new10,n204,Miyuki,person,2,False,False,,,True,False
100,new10,n205,King's room,location,6,False,False,,,True,False
100,new10,n206,afternoon tea,event,2,True,True,1369;1629,1629,True,True
100,new10,n207,tea set,clue_object,1,False,False,,,False,False
100,new10,n208,ashtray,clue_object,3,False,False,,,True,True
100,new10,n209,estimated time of death,time_anchor,2,False,False,,,True,False
100,new10,n210,Mei-saetu Kouangte,person,2,False,False,,,True,False
100,new10,n211,Sen Kururou,person,2,False,False,,,True,False
100,new10,n212,Lady Sakura,person,2,False,False,,,True,False
100,new10,n213,Chikurabetsu,person,4,False,False,,,True,True
100,new10,n214,Sen Suzuko,person,1,False,False,,,False,False
100,new10,n215,C-shaped scorch mark,clue_object,0,False,False,,,False,False
100,new10,n216,glass vase,clue_object,5,True,False,1202;1607,,True,True
100,new10,n217,Sea Fireflies,location,2,False,False,,,True,False
100,new10,n218,Zizakutu,person,2,False,False,,,True,True
100,new10,n219,5 pm,time_anchor,2,False,False,,,True,True
100,new10,n220,surveillance camera,clue_object,1,False,False,,,False,False
100,new10,n221,ship's significant rotation,event,2,False,False,,,True,False
100,new10,n222,C,clue_object,12,False,False,,,True,True
100,new10,n223,lighter,clue_object,2,False,False,,,True,True
100,new10,n224,Chieko Sun,person,3,False,False,,,True,True
100,new10,n225,Chikushi Tsurou,person,2,False,False,,,True,True
100,new10,n226,bathroom,location,2,True,True,1629,1629,True,True
100,new10,n227,bag of drugs,clue_object,2,False,False,,,True,True
100,new10,n228,secret drug trafficking system,event,2,False,False,,,True,True
100,new10,n229,VIP room's guests,location,1,False,False,,,False,False
100,new10,n230,4 pm,time_anchor,1,False,False,,,False,False
100,new10,n231,Yuefu,person,0,False,False,,,False,False
100,new10,n232,wife,person,8,False,False,,,True,True
100,new10,n233,kidnapper,person,0,False,False,,,False,False
100,new10,n234,one billion yen,evidence_sentence,1,True,True,3789,3789,False,False
100,new10,n235,school,location,1,False,False,,,False,False
100,new10,n236,son,person,2,False,False,,,True,True
100,new10,n237,branch manager,person,2,True,False,2587;3935,,False,True
100,new10,n238,crime,event,3,True,True,1629,1629,True,True
100,new10,n239,my son,person,3,False,False,,,True,True
100,new10,n240,the ransom,clue_object,4,True,False,2587,,True,True
100,new10,n241,Hiroshi Kishimoto,person,1,False,False,,,False,False
100,new10,n242,Yusuke,person,0,False,False,,,False,False
100,new10,n243,Early,person,2,False,False,,,True,True
100,new10,n244,the criminal,person,40,False,False,,,True,True
100,new10,n245,Watari,person,1,False,False,,,False,False
100,new10,n246,Yufu,person,20,False,False,,,True,True
100,new10,n247,detention site,location,5,False,False,,,True,True
100,new10,n248,apartment room,location,1,False,False,,,False,False
100,new10,n249,car,clue_object,3,False,False,,,True,True
100,new10,n250,time bomb,clue_object,6,False,False,,,True,True
100,new10,n251,police limitations,event,3,False,False,,,True,True
100,new10,n252,detective on the other end of the line,person,2,True,False,900,,False,True
100,new10,n253,narrator's decision to call police,event,2,False,False,,,False,True
100,new10,n254,Iwaki,person,9,False,False,,,True,True
100,new10,n255,Yoshiharu,person,1,False,False,,,False,False
100,new10,n256,Water island,person,3,False,False,,,False,True
100,new10,n257,camera,clue_object,1,False,False,,,False,False
100,new10,n258,bedroom phone,clue_object,1,False,False,,,False,False
100,new10,n259,[1936],time_anchor,5,False,False,,,True,True
100,new10,n260,[1937],time_anchor,1,False,False,,,False,False
100,new10,n261,Iwakiri,person,2,False,False,,,False,False
100,new10,n262,Detective Katayama,person,2,False,False,,,False,True
100,new10,n263,Police Integrated Countermeasures Room,location,1,False,False,,,False,False
100,new10,n264,undercover car,clue_object,2,False,False,,,False,True
100,new10,n265,Yasu,person,2,False,False,,,False,True
100,new10,n266,Mr. Takatsuzu,person,2,False,False,,,False,True
100,new10,n267,cashier area,location,1,False,False,,,False,False
100,new10,n268,wireless microphone,clue_object,2,False,False,,,False,True
100,new10,n269,bills,clue_object,2,False,False,,,False,False
100,new10,n270,suitcase,clue_object,1,False,False,,,False,False
100,new10,n271,Naito,person,6,False,False,,,True,True
100,new10,n272,East Temple Road,location,1,False,False,,,False,False
100,new10,n273,'SheMuraki' Western restaurant,location,8,False,False,,,True,True
100,new10,n274,North Mountain Botanical Garden,location,2,False,False,,,True,True
100,new10,n275,4:30 PM,time_anchor,1,False,False,,,False,False
100,new10,n276,Detective Kataoka,person,1,False,False,,,False,False
100,new10,n277,Surveillance officers,person,2,False,False,,,True,True
100,new10,n278,Detective Willfield,person,1,False,False,,,False,False
100,new10,n279,boat shed,location,1,False,False,,,False,False
100,new10,n280,Lake Biwa,location,3,False,False,,,False,False
100,new10,n281,kidnappers,person,2,False,False,,,True,True
100,new10,n282,entrance,location,1,False,False,,,False,False
100,new10,n283,boat garage,location,4,False,False,,,False,True
100,new10,n284,driver's seat,location,1,False,False,,,False,False
100,new10,n285,prisoner,person,1,False,False,,,False,False
100,new10,n286,Detective Arai,person,1,False,False,,,False,False
100,new10,n287,precise machine,clue_object,1,False,False,,,False,False
100,new10,n288,warehouse,location,9,False,False,,,True,True
100,new10,n289,Itabashi Securities Biwa Lake Villa,location,0,False,False,,,False,False
100,new10,n290,Detective Ueda,person,2,False,False,,,False,True
100,new10,n291,crime scene investigation team,person,1,False,False,,,False,False
100,new10,n292,narrator,person,15,False,False,,,True,True
100,new10,n293,Arima,person,2,False,False,,,True,True
100,new10,n295,Yoshida,person,3,True,False,3223;3225,,True,True
100,new10,n296,fire_trucks,clue_object,2,False,False,,,True,True
100,new10,n297,black_rod,clue_object,2,False,False,,,True,True
100,new10,n298,charred_left_arm,clue_object,3,False,False,,,True,True
100,new10,n299,vacant_lot,location,2,False,False,,,True,True
100,new10,n300,police_officer,person,2,False,False,,,True,True
100,new10,n301,torso,clue_object,1,False,False,,,False,False
100,new10,n302,head,clue_object,1,False,False,,,False,False
100,new10,n303,right arm,clue_object,1,False,False,,,False,False
100,new10,n304,two legs,clue_object,1,False,False,,,False,False
100,new10,n305,white plastic,clue_object,1,False,False,,,False,False
100,new10,n306,paper money,clue_object,2,False,False,,,True,True
100,new10,n307,yacht,location,1,False,False,,,False,False
100,new10,n308,Yoshiko,person,5,False,False,,,True,True
100,new10,n309,forensic expert,person,2,False,False,,,True,True
100,new10,n310,Detective Iwakura,person,1,False,False,,,False,False
100,new10,n311,Kyoto Prefectural University of Medicine,location,1,False,False,,,False,False
100,new10,n312,gray van,clue_object,1,False,False,,,False,False
100,new10,n313,rubble,location,5,False,False,,,False,True
100,new10,n314,Hanae,person,3,True,False,1515,,True,True
100,new10,n315,Tsubaki,person,6,False,False,,,True,True
100,new10,n316,Shinzen,person,4,False,False,,,True,True
100,new10,n317,Ryoza,person,4,False,False,,,False,True
100,new10,n318,Machi Rei,location,1,False,False,,,False,False
100,new10,n319,Nagano,location,1,False,False,,,False,False
100,new10,n320,Udachimachi,location,1,False,False,,,False,False
100,new10,n321,Shuyukan,location,1,False,False,,,False,False
100,new10,n322,"Sutamacho, Tsukuba",location,1,False,False,,,False,False
100,new10,n323,Yasuo,person,3,False,False,,,True,True
100,new10,n324,Luzen,person,4,False,False,,,True,True
100,new10,n325,1959,time_anchor,1,False,False,,,False,False
100,new10,n326,ten years later,time_anchor,1,False,False,,,False,False
100,new10,n327,two years later,time_anchor,1,False,False,,,False,False
100,new10,n328,traffic accident during a trip to Nagano,event,1,False,False,,,False,False
100,new10,n329,family's printing factory,clue_object,1,False,False,,,False,False
100,new10,n330,wealthy family,person,1,False,False,,,False,False
100,new10,n331,Yamazaki,person,0,False,False,,,False,False
100,new10,n332,Reiya,person,1,False,False,,,False,False
100,new10,n333,mastermind,person,20,False,False,,,True,True
100,new10,n334,police and media search,event,0,False,False,,,False,False
100,new10,n335,Kuroki,person,2,False,False,,,True,True
100,new10,n336,Akie,person,2,False,False,,,True,True
100,new10,n337,child,person,4,False,False,,,True,True
100,new10,n338,Yoshihiko,person,2,False,False,,,True,True
100,new10,n339,kidnapping due to resentment,event,1,False,False,,,False,False
100,new10,n340,family closer to the perpetrator,location,1,False,False,,,False,False
100,new10,n341,Mr. Sagisawa,person,1,False,False,,,False,False
100,new10,n342,Kozawa,person,2,False,False,,,True,True
100,new10,n343,'Hachi Hashi',clue_object,4,False,False,,,True,True
100,new10,n344,the train,event,3,False,False,,,True,True
100,new10,n345,Hachikō exit,location,1,False,False,,,False,False
100,new10,n346,the person Reiko is waiting for,person,1,False,False,,,False,False
100,new10,n347,Toranomon,location,2,False,False,,,True,True
100,new10,n348,Hiroshima,location,3,False,False,,,True,True
100,new10,n349,the boss,person,4,False,False,,,True,True
100,new10,n350,Birdo Mouth,location,1,False,False,,,False,False
100,new10,n351,Kyoto Station,location,16,False,False,,,True,True
100,new10,n352,Sugizaki's circle,location,1,False,False,,,False,False
100,new10,n353,the abduction case,event,2,False,False,,,False,False
100,new10,n354,Sugizaki,person,1,False,False,,,False,False
100,new10,n355,the left Kyoto District,location,2,False,False,,,True,True
100,new10,n356,the right Kyoto District,location,2,False,False,,,True,True
100,new10,n357,the central Kyoto District,location,2,False,False,,,True,True
100,new10,n358,the upper Kyoto District,location,2,False,False,,,True,True
100,new10,n359,the northern Kyoto District,location,2,False,False,,,True,True
100,new10,n360,Emiko,person,0,False,False,,,False,False
100,new10,n361,Yaejiko,person,4,False,False,,,True,True
100,new10,n362,April 8th,time_anchor,2,False,False,,,False,False
100,new10,n363,police investigation,event,1,False,False,,,False,False
100,new10,n364,Koume,person,4,False,False,,,True,True
100,new10,n365,Xiangmiao,person,13,False,False,,,True,True
100,new10,n366,hospital,location,6,False,False,,,True,True
100,new10,n367,Kumamoto,location,1,False,False,,,False,False
100,new10,n368,car accident,event,1,False,False,,,False,False
100,new10,n369,emergency surgery,event,1,False,False,,,False,False
100,new10,n370,broken right arm,clue_object,1,False,False,,,False,False
100,new10,n371,broken ribs,clue_object,1,False,False,,,False,False
100,new10,n372,internal injuries,clue_object,1,False,False,,,False,False
100,new10,n373,doctor,person,1,False,False,,,False,False
100,new10,n374,Akiko,person,2,False,False,,,False,False
100,new10,n375,Detective Takashi Iwaki,person,1,False,False,,,False,False
100,new10,n376,Mr. Kishibe,person,2,False,False,,,True,True
100,new10,n377,Miss Asagoe,person,2,False,False,,,True,True
100,new10,n378,Shirozaki,person,2,False,False,,,True,True
100,new10,n379,hospital room,location,3,False,False,,,True,True
100,new10,n380,diary,clue_object,12,False,False,,,True,True
100,new10,n381,investigation team,event,4,False,False,,,True,True
100,new10,n382,cancer,evidence_sentence,1,False,False,,,False,False
100,new10,n383,Fujimori,person,3,True,False,1878;2590,,True,True
100,new10,n384,Yoshikawa,person,1,False,False,,,False,False
100,new10,n385,ransom transaction,event,3,False,False,,,True,True
100,new10,n386,Mr. Sugisawa's residence,location,2,False,False,,,False,True
100,new10,n387,Sugisawa's son,person,1,False,False,,,False,False
100,new10,n388,hostage location,location,1,False,False,,,False,False
100,new10,n389,Chengzu Xiangion,person,2,False,False,,,True,True
100,new10,n390,Rieko,person,1,False,False,,,False,False
100,new10,n391,ransom delivery location,location,3,False,False,,,True,True
100,new10,n392,garage door,clue_object,2,False,False,,,True,True
100,new10,n393,bomb,clue_object,3,False,False,,,True,True
100,new10,n394,police,person,19,True,False,812;970;1788;3845;3940,,True,True
100,new10,n395,Reize Koyama,person,1,False,False,,,False,False
100,new10,n396,Zeng,person,1,False,False,,,False,False
100,new10,n397,Yasuhiko,person,2,False,False,,,False,False
100,new10,n398,eliminating the heir,event,2,False,False,,,True,True
100,new10,n399,Yuki,person,1,False,False,,,False,False
100,new10,n400,Shen Si,person,1,False,False,,,False,False
100,new10,n401,Y,person,4,False,False,,,True,True
100,new10,n402,the website,clue_object,2,False,False,,,True,True
100,new10,n403,Sugiyama,person,9,False,False,,,True,True
100,new10,n404,Koyama,person,5,False,False,,,True,True
100,new10,n405,Mio,person,4,False,False,,,True,True
100,new10,n406,Tsukiyama,person,4,False,False,,,True,True
100,new10,n407,Kyoto Prefectural Police,location,5,True,True,2546;3223;3225;4007,4007,True,True
100,new10,n408,Tokyo Metropolitan Police Department,location,2,False,False,,,True,True
100,new10,n409,coffee shop owner,person,3,True,False,3223;3225,,True,True
100,new10,n410,Reiko Sakai,person,1,False,False,,,False,False
100,new10,n411,Kyoto Prefectural Police investigator,person,3,False,False,,,True,True
100,new10,n412,Matsuzaki,person,1,False,False,,,False,False
100,new10,n413,Hotta,person,3,False,False,,,True,True
100,new10,n414,Rihei,person,3,False,False,,,True,True
100,new10,n415,Shingo,person,0,False,False,,,False,False
100,new10,n416,Baba couple,person,2,False,False,,,True,False
100,new10,n417,Matsui-san,person,3,False,False,,,True,True
100,new10,n418,Midori,person,1,False,False,,,False,False
100,new10,n419,Higashiyama,person,1,False,False,,,False,False
100,new10,n420,communications center building,location,4,False,False,,,True,True
100,new10,n421,Takahashi,person,2,False,False,,,True,True
100,new10,n422,uniformed police officer with glasses,person,1,False,False,,,False,False
100,new10,n423,Kyoto,location,2,False,False,,,True,True
100,new10,n424,ransom kidnapping,event,1,False,False,,,False,False
100,new10,n425,Yasuhiro,person,3,False,False,,,True,True
100,new10,n426,Nakajima Seijirou,person,4,False,False,,,True,True
100,new10,n427,Sagara,location,1,False,False,,,False,False
100,new10,n428,Kyoto Station Umeda,location,2,False,False,,,True,True
100,new10,n429,coffee shop,location,1,True,False,3223;3225,,False,False
100,new10,n430,convenience store,location,1,False,False,,,False,False
100,new10,n431,Central Medical University Hospital,location,0,False,False,,,False,False
100,new10,n432,Mingsei,person,1,False,False,,,False,False
100,new10,n433,door,clue_object,1,False,False,,,False,False
100,new10,n434,Yasuhito,person,1,False,False,,,False,False
100,new10,n435,Fuyuan,person,0,False,False,,,False,False
100,new10,n436,Mr. Yuzepo,person,1,False,False,,,False,False
100,new10,n437,Mr. Rinzeo,person,6,False,False,,,True,True
100,new10,n438,Affinity Chemical,location,1,True,False,3935,,False,False
100,new10,n439,the printing company,location,1,False,False,,,False,False
100,new10,n440,April 19th,time_anchor,1,False,False,,,False,False
100,new10,n441,Mr. Yoshizawa,person,3,False,False,,,False,True
100,new10,n442,the store,location,1,False,False,,,False,False
100,new10,n443,Ruzen,person,2,False,False,,,False,True
100,new10,n444,Umaru-mouth,location,1,False,False,,,False,False
100,new10,n445,main culprit of the incident,person,5,False,False,,,False,True
100,new10,n446,Yachiyo,clue_object,1,False,False,,,False,False
100,new10,n447,Charade store,location,1,False,False,,,False,False
100,new10,n448,Rina,person,1,False,False,,,False,False
100,new10,n449,Kyoto Station Uji-mae,location,1,False,False,,,False,False
100,new10,n450,"one week before the incident, on April 11th at around 1:30 PM",time_anchor,1,False,False,,,False,False
100,new10,n451,Mr. Yuzen,person,2,False,False,,,True,True
100,new10,n452,Yousuke,person,1,False,False,,,False,False
100,new10,n453,April 6th,time_anchor,1,False,False,,,False,False
100,new10,n454,Jou,person,2,False,False,,,True,True
100,new10,n455,Detective Yamazaki,person,4,False,False,,,True,True
100,new10,n456,head of personnel,person,1,False,False,,,False,False
100,new10,n457,Miss Iwazaki,person,1,False,False,,,False,False
100,new10,n458,Funakura,person,0,False,False,,,False,False
100,new10,n459,Iwaki Detective,person,5,False,False,,,True,True
100,new10,n460,phone call,event,2,False,False,,,True,True
100,new10,n461,investigation,event,3,True,True,610,610,True,True
100,new10,n462,Ms. Hirumi,person,1,False,False,,,False,False
100,new10,n463,Mr. Sagawa,person,1,False,False,,,False,False
100,new10,n464,Kuzu,person,1,False,False,,,False,False
100,new10,n465,victim's family,person,1,False,False,,,False,False
100,new10,n466,Chouzu,person,2,False,False,,,True,True
100,new10,n467,Rinze,person,2,False,False,,,True,True
100,new10,n468,Chouzu's husband and wife,person,1,False,False,,,False,False
100,new10,n469,Tadashi,person,4,False,False,,,False,True
100,new10,n470,Iida Securities Biwako Lake Villa,location,1,False,False,,,False,False
100,new10,n471,Charade,location,2,False,False,,,False,True
100,new10,n472,April 11th,time_anchor,1,False,False,,,False,False
100,new10,n473,the kidnapping incident,event,1,False,False,,,False,False
100,new10,n474,Nagatsuka,person,1,True,False,2476,,False,False
100,new10,n475,Liuze,person,3,False,False,,,True,True
100,new10,n476,Chengzi's family,person,2,True,False,3940,,True,True
100,new10,n477,Meiyo Bank,location,4,False,False,,,True,True
100,new10,n478,Wada Securities' rehabilitation facility,location,3,False,False,,,True,True
100,new10,n479,Detective Fukuda,person,2,False,False,,,True,True
100,new10,n480,Mr. Fuwa,person,2,False,False,,,True,True
100,new10,n481,the Fukumoto couple,person,2,False,False,,,True,True
100,new10,n482,Kobayashi,person,5,True,False,607,,True,True
100,new10,n483,The guest room,location,2,True,False,199;607,,True,True
100,new10,n484,tea,clue_object,1,False,False,,,False,False
100,new10,n485,right wall of the room,location,1,True,False,607,,False,False
100,new10,n486,ice cubes,clue_object,3,True,True,607;610,610,True,True
100,new10,n487,Tsukuba station,location,1,False,False,,,False,False
100,new10,n488,Subi,person,1,False,False,,,False,False
100,new10,n489,living room,location,3,False,False,,,False,True
100,new10,n490,study,location,0,False,False,,,False,False
100,new10,n491,Mr. Kitsunezaki,person,0,False,False,,,False,False
100,new10,n492,phone,clue_object,3,False,False,,,False,True
100,new10,n493,[medianow],location,21,False,False,,,True,True
100,new10,n494,Rei Seno,person,1,False,False,,,False,False
100,new10,n495,main perpetrator of the abduction,person,1,False,False,,,False,False
100,new10,n496,accomplice,person,0,True,True,1054,1054,False,False
100,new10,n497,reporters,person,1,False,False,,,False,False
100,new10,n498,curtains being drawn on the second floor,event,1,False,False,,,False,False
100,new10,n499,doorbell ringing continuously,event,1,False,False,,,False,False
100,new10,n500,funeral,event,1,False,False,,,False,False
100,new10,n501,injured cerebral blood vessel had burst,evidence_sentence,1,False,False,,,False,False
100,new10,n502,heart monitor placed next to the bed,clue_object,1,False,False,,,False,False
100,new10,n503,Fuujin,event,1,False,False,,,False,False
100,new10,n504,Aya,person,0,False,False,,,False,False
100,new10,n505,Sunday,time_anchor,1,False,False,,,False,False
100,new10,n506,May 23rd,time_anchor,1,False,False,,,False,False
100,new10,n507,Tetsu,person,2,False,False,,,True,True
100,new10,n508,Higashiyama Station,location,2,False,False,,,True,True
100,new10,n509,Umarimachi Street,location,2,False,False,,,False,True
100,new10,n510,Kyoto Imperial Garden,location,1,False,False,,,False,False
100,new10,n511,Kouji,person,1,False,False,,,False,False
100,new10,n512,Xiansi,person,1,False,False,,,False,False
100,new10,n513,Jiaofu,person,0,True,False,3489,,False,False
100,new10,n515,Reze,person,1,False,False,,,False,False
100,new10,n516,Yusuke's funeral,event,1,False,False,,,False,False
100,new10,n517,Detective Iwaki,person,1,False,False,,,False,False
100,new10,n518,Kougen,person,2,False,False,,,False,True
100,new10,n519,Tsubota Yoshio,person,2,False,False,,,True,True
100,new10,n520,Higashiyama house,location,1,False,False,,,False,False
100,new10,n521,Mutsu,person,1,False,False,,,False,False
100,new10,n522,Lady Kishi,person,1,False,False,,,False,False
100,new10,n523,Sesshiki,person,1,False,False,,,False,False
100,new10,n524,Takashi,person,2,False,False,,,False,True
100,new10,n525,Detective Ogiwara,person,1,False,False,,,False,False
100,new10,n526,Nishikawa Shin'ichi,person,1,False,False,,,False,False
100,new10,n527,Shenxi,person,1,False,False,,,False,False
100,new10,n528,Fengyuan's two clues to the case,evidence_sentence,1,False,False,,,False,False
100,new10,n529,Lady Jumu's room,location,5,False,False,,,True,True
100,new10,n530,empty can,clue_object,1,True,False,607,,False,False
100,new10,n531,5 pm and 6 pm timeframe,time_anchor,1,False,False,,,False,False
100,new10,n532,6:00 PM timeframe,time_anchor,1,False,False,,,False,False
100,new10,n533,Mutoh,person,1,False,False,,,False,False
100,new10,n534,the mistress,person,2,True,True,607;610,610,False,True
100,new10,n535,the capsule,clue_object,3,True,False,607,,True,True
100,new10,n536,Mr. Shizaki,person,1,False,False,,,False,False
100,new10,n537,Mr. Matsutani,person,1,False,False,,,False,False
100,new10,n538,Mr. Kamiya,person,1,False,False,,,False,False
100,new10,n539,"The ""Lavinia"" sightseeing ship",clue_object,1,False,False,,,False,False
100,new10,n540,Odaiba,location,1,False,False,,,False,False
100,new10,n541,Mizore,person,1,False,False,,,False,False
100,new10,n542,Rizu,person,1,False,False,,,False,False
100,new10,n543,Senkaku,person,1,False,False,,,False,False
100,new10,n544,Qian Zhi Bai Zi,person,1,True,False,1176,,False,False
100,new10,n545,Auonishi Takanobu,person,1,False,False,,,False,False
100,new10,n546,Mei Sa Te Kuangte,person,1,False,False,,,False,False
100,new10,n547,Chashan Shi Zhi,person,1,True,False,1179,,False,False
100,new10,n548,Mei Shì,person,1,False,False,,,False,False
100,new10,n549,Thousand-curve Watanabe,person,2,False,False,,,False,False
100,new10,n550,Mizutani,person,2,False,False,,,True,True
100,new10,n551,Asakusa Pier,location,1,False,False,,,False,False
100,new10,n552,Tokyo Disneyland,location,3,False,False,,,True,False
100,new10,n553,Lady Grey tea,clue_object,1,False,False,,,False,False
100,new10,n554,Assam tea,clue_object,2,False,False,,,False,True
100,new10,n555,apple tea,clue_object,1,False,False,,,False,False
100,new10,n556,Darjeeling tea,clue_object,3,False,False,,,True,True
100,new10,n557,Chikurin Fujisaburo,person,2,False,False,,,True,True
100,new10,n558,Akagi,person,2,False,False,,,True,True
100,new10,n559,Fukurin,person,1,False,False,,,False,False
100,new10,n560,'Fawcett' series,clue_object,2,False,False,,,True,True
100,new10,n561,fruit cake,clue_object,1,False,False,,,False,False
100,new10,n562,5:00 PM,time_anchor,1,False,False,,,False,False
100,new10,n563,6:00 dinner,time_anchor,3,False,False,,,True,True
100,new10,n564,sea,location,1,False,False,,,False,False
100,new10,n565,large rectangular object,clue_object,2,False,False,,,False,True
100,new10,n566,Fujiko Iwai,person,4,False,False,,,True,True
100,new10,n567,Ms. Khusatei Kounte,person,1,False,False,,,False,False
100,new10,n568,Lady Senjiro,person,2,False,False,,,True,True
100,new10,n569,Chiaki Matsuri,person,3,False,False,,,True,True
100,new10,n570,Meiji Nogami,person,2,False,False,,,True,True
100,new10,n571,Rikka Fujimori,person,2,False,False,,,True,True
100,new10,n572,Lady Yae,person,0,False,False,,,False,False
100,new10,n573,private elevator,location,1,False,False,,,False,False
100,new10,n574,Matsushita-san,person,1,True,False,807,,False,False
100,new10,n575,Shinji Purei,person,4,False,False,,,True,True
100,new10,n576,Nakatani Takao,person,2,False,False,,,True,True
100,new10,n577,Ōmura Tetsuo,person,1,False,False,,,False,False
100,new10,n578,second-floor deck,location,1,False,False,,,False,False
100,new10,n579,Turkish knife,clue_object,1,False,False,,,False,False
100,new10,n580,Minami,person,1,False,False,,,False,False
100,new10,n581,Ochu Kenjirou,person,1,False,False,,,False,False
100,new10,n582,Queen's room,location,3,False,False,,,True,True
100,new10,n583,Sun's room,location,2,False,False,,,True,True
100,new10,n584,Day Out Pier,location,4,False,False,,,True,False
100,new10,n585,Detective Chief Inspector Fujisaki,person,1,False,False,,,False,False
100,new10,n586,Chief Inspector Senkawa,person,1,False,False,,,False,False
100,new10,n587,pier,location,2,False,False,,,False,True
100,new10,n588,dark sea at night,location,1,False,False,,,False,False
100,new10,n589,four-story white sightseeing ship,clue_object,1,False,False,,,False,False
100,new10,n590,Route 161 National Highway,location,4,False,False,,,False,False
100,new10,n591,Tajima Town,location,1,False,False,,,False,False
100,new10,n592,Omi River,location,1,False,False,,,False,False
100,new10,n593,Iida Securities nursing facility,location,3,False,False,,,False,False
100,new10,n594,Tajima station,location,1,False,False,,,False,False
100,new10,n595,Jingtian Securities Pipa Lake Villa,location,2,False,False,,,False,False
100,new10,n596,Kyoto-Hama-Otsu Station,location,2,False,False,,,False,False
100,new10,n597,6:20 PM,time_anchor,1,False,False,,,False,False
100,new10,n598,6:40,time_anchor,1,False,False,,,False,False
100,new10,n599,Daijuu Kei,person,0,False,False,,,False,False
100,new10,n600,Detective Morisawa,person,0,False,False,,,False,False
100,new10,n601,Shiroki Mafuyu,person,0,False,False,,,False,False
100,new10,n603,Ojima Inspector,person,0,False,False,,,False,False
100,new10,n604,Tokyo Metropolitan Police Department's communications center,location,0,False,False,,,False,False
100,new10,n605,"January 27th, Tuesday",time_anchor,1,False,False,,,False,False
100,new10,n606,0:23 a.m.,time_anchor,1,False,False,,,False,False
100,new10,n607,8:34 and 8:56,time_anchor,0,False,False,,,False,False
100,new10,n608,Nakamura,person,1,False,False,,,False,False
100,new10,n609,Shoji-san,person,3,False,False,,,True,True
100,new10,n610,Nakaue Sculpture Museum,location,2,False,False,,,True,True
100,new10,n611,Shizuki Jun'ichi,person,3,False,False,,,True,True
100,new10,n612,"Director, Goda Shingo",person,2,False,False,,,True,True
100,new10,n613,Kusaka Nobuko,person,2,False,False,,,True,True
100,new10,n614,Aoki-san,person,2,False,False,,,True,True
100,new10,n615,Detective Sugata,person,4,False,False,,,True,True
100,new10,n616,Mr. Sugata Sugawara,person,2,False,False,,,True,True
100,new10,n617,midnight call,event,2,False,False,,,True,True
100,new10,n618,fifth row,clue_object,1,False,False,,,False,False
100,new10,n619,Inspector Iwakura,person,2,False,False,,,False,True
100,new10,n620,Udachidori,location,1,False,False,,,False,False
100,new10,n621,Yuzu,person,2,False,False,,,False,True
100,new10,n622,Shinkansen to Hiroshima,event,1,False,False,,,False,False
100,new10,n623,theft-murder case,event,1,False,False,,,False,False
100,new10,n624,my home,location,1,False,False,,,False,False
100,new10,n625,a house with no lights on,location,1,False,False,,,False,False
100,new10,n626,Lady Tsukimi,person,3,True,False,64,,True,True
100,new10,n627,March 2nd's breakfast,event,1,False,False,,,False,False
100,new10,n628,Fukuda Yuriko,person,1,False,False,,,False,False
100,new10,n629,Lady Fujiwara,person,3,False,False,,,True,True
100,new10,n630,Kiyoko,person,10,False,False,,,True,True
100,new10,n631,Jasho-chan,person,1,False,False,,,False,False
100,new10,n632,Italian house,location,3,False,False,,,True,True
100,new10,n633,ice bucket,clue_object,2,False,False,,,False,True
100,new10,n634,scones,clue_object,3,False,False,,,False,True
100,new10,n635,bakery that the Jumae family frequents,location,1,False,False,,,False,False
100,new10,n636,kitchen next door,location,1,False,False,,,False,False
100,new10,n637,corridor,location,2,False,False,,,False,True
100,new10,n638,collection rooms,location,1,False,False,,,False,False
100,new10,n639,Detective Oozora,person,1,False,False,,,False,False
100,new10,n640,palm computer,clue_object,2,False,False,,,True,True
100,new10,n641,fingerprint memory function,evidence_sentence,1,False,False,,,False,False
100,new10,n642,sensor,clue_object,7,False,False,,,True,True
100,new10,n643,liquid crystal screen,clue_object,1,False,False,,,False,False
100,new10,n644,Kenji Fujisawa,person,1,False,False,,,False,False
100,new10,n645,Shizuko Makino,person,2,False,False,,,False,True
100,new10,n646,Chief Inspector Ochiai,person,1,False,False,,,False,False
100,new10,n647,Shin'ichi Himori,person,1,False,False,,,False,False
100,new10,n648,search team,person,8,False,False,,,True,True
100,new10,n649,the curator,person,1,True,False,812,,False,False
100,new10,n650,iron shelves,clue_object,7,True,False,907,,True,True
100,new10,n651,dagger,clue_object,1,False,False,,,False,False
100,new10,n652,Greek and Roman statues,clue_object,1,False,False,,,False,False
100,new10,n653,Mesopotamian relief carvings,clue_object,1,False,False,,,False,False
100,new10,n654,European weapons and swords,clue_object,1,False,False,,,False,False
100,new10,n655,ancient Chinese animal-shaped bronze vessels,clue_object,1,False,False,,,False,False
100,new10,n656,bronze mirrors,clue_object,1,False,False,,,False,False
100,new10,n657,Shin'ichi Minagawa,person,1,False,False,,,False,False
100,new10,n658,the system,clue_object,1,False,False,,,False,False
100,new10,n659,three people,person,4,False,False,,,False,True
100,new10,n660,designer of this system,person,2,False,False,,,True,True
100,new10,n661,fingerprints,clue_object,1,False,False,,,False,False
100,new10,n662,humidity,clue_object,1,False,False,,,False,False
100,new10,n663,elasticity of a living human finger,clue_object,1,False,False,,,False,False
100,new10,n664,acute terror,evidence_sentence,1,False,False,,,False,False
100,new10,n666,Shingo Nakatani,person,1,False,False,,,False,False
100,new10,n667,police hospital doctor,person,1,False,False,,,False,False
100,new10,n668,police hospital,location,1,True,False,970,,False,False
100,new10,n669,right shoulder,clue_object,1,False,False,,,False,False
100,new10,n670,Sugata Oozora,person,2,False,False,,,True,True
100,new10,n671,Nakatani Tetsuji,person,3,False,False,,,True,True
100,new10,n672,Risa-san,person,3,False,False,,,True,True
100,new10,n673,police investigation team,event,1,False,False,,,False,False
100,new10,n674,Roomaki,person,1,False,False,,,False,False
100,new10,n675,sleeping Sphinx sculpture,clue_object,2,False,False,,,False,True
100,new10,n676,gallery,location,1,False,False,,,False,False
100,new10,n677,Detective Takeda,person,0,False,False,,,False,False
100,new10,n678,Chief Inspector,person,1,False,False,,,False,False
100,new10,n679,Detective Tsutsumi,person,1,False,False,,,False,False
100,new10,n680,Mr. Higashiyama,person,1,False,False,,,False,False
100,new10,n681,crime time,time_anchor,1,False,False,,,False,False
100,new10,n682,room,location,1,False,False,,,False,False
100,new10,n683,burn mark,clue_object,0,True,True,1596;1607,1596,False,False
100,new10,n684,handbag,clue_object,1,False,False,,,False,False
100,new10,n685,four directors,person,6,True,True,1515;1629,1629,True,True
100,new10,n686,cosmetics company,location,1,False,False,,,False,False
100,new10,n687,Detective Shida,person,1,False,False,,,False,False
100,new10,n688,Mr. Saito,person,1,False,False,,,False,False
100,new10,n689,forensic pathologist,person,1,False,False,,,False,False
100,new10,n690,fabricated message,evidence_sentence,4,False,False,,,False,True
100,new10,n691,letter 'C',clue_object,5,False,False,,,True,True
100,new10,n692,Yuri's mother,person,1,False,False,,,False,False
100,new10,n693,October 1st,time_anchor,1,False,False,,,False,False
100,new10,n694,Shih-Tsyr,person,2,False,False,,,False,False
100,new10,n695,h-Tsyr,person,1,False,False,,,False,False
100,new10,n697,Lady Seno,person,6,False,False,,,True,True
100,new10,n698,hair analysis,evidence_sentence,3,False,False,,,True,True
100,new10,n699,drug-taker,person,1,False,False,,,False,False
100,new10,n700,Lady Thousand-year Lily,person,1,False,False,,,False,False
100,new10,n701,'C'-shaped text,clue_object,2,False,False,,,False,True
100,new10,n702,chimney,location,1,False,False,,,False,False
100,new10,n703,cabin,location,1,False,False,,,False,False
100,new10,n704,port departure time,time_anchor,1,False,False,,,False,False
100,new10,n705,Hirano Shizuko,person,1,False,False,,,False,False
100,new10,n706,Kurahashi Akira,person,1,False,False,,,False,False
100,new10,n707,Shimamura Yuri,person,1,False,False,,,False,False
100,new10,n708,Fujimoto Yasuhiro,person,1,False,False,,,False,False
100,new10,n709,Tsukiyomi-san,person,1,False,False,,,False,False
100,new10,n710,message,evidence_sentence,2,False,False,,,True,True
100,new10,n711,Lady Thousand-Year Cherry,person,3,False,False,,,False,True
100,new10,n713,letter G,clue_object,1,False,False,,,False,False
100,new10,n714,letter O,clue_object,1,False,False,,,False,False
100,new10,n715,Otsuka Chihei,person,2,False,False,,,True,True
100,new10,n716,Quant,person,1,False,False,,,False,False
100,new10,n717,Shiori,person,2,False,False,,,True,True
100,new10,n718,Rikka,person,1,False,False,,,False,False
100,new10,n719,Mrs. Hanaoka,person,1,False,False,,,False,False
100,new10,n720,C letter clue,clue_object,6,False,False,,,True,True
100,new10,n721,four suspects group,event,4,False,False,,,True,True
100,new10,n722,Lady Thousand-Year Chrysanthemum,person,3,False,False,,,True,True
100,new10,n723,Higuchi,person,2,False,False,,,True,True
100,new10,n724,Harumi,person,2,False,False,,,True,True
100,new10,n725,Chiyoko Asakura,person,2,False,False,,,True,True
100,new10,n726,death message letter 'C',clue_object,4,False,False,,,True,True
100,new10,n727,Sunlight,time_anchor,1,False,False,,,False,False
100,new10,n728,sightseeing ship,event,2,False,False,,,False,True
100,new10,n729,Sea Fireflies Island,location,1,False,False,,,False,False
100,new10,n730,table at the crime scene,location,1,False,False,,,False,False
100,new10,n731,Kiyoko's Selection,clue_object,1,False,False,,,False,False
100,new10,n732,July 8th,time_anchor,1,True,True,1515;1629,1629,False,False
100,new10,n733,drug addict,person,1,False,False,,,False,False
100,new10,n734,Bioluminescent Artificial Island,location,2,False,False,,,True,False
100,new10,n735,Hakumaru Island,location,2,False,False,,,True,True
100,new10,n736,five o'clock,time_anchor,3,False,False,,,True,True
100,new10,n737,six o'clock,time_anchor,2,False,False,,,True,True
100,new10,n738,cruise ship,event,2,False,False,,,True,True
100,new10,n739,Meitetsu Steam Locomotive Museum,location,1,False,False,,,False,False
100,new10,n740,Tōhō Elementary School,location,1,False,False,,,False,False
100,new10,n741,Watanabe,person,1,False,False,,,False,False
100,new10,n742,Oyama,person,1,False,False,,,False,False
100,new10,n743,Hijiri,person,1,False,False,,,False,False
100,new10,n744,investigation headquarters,location,2,False,False,,,True,True
100,new10,n745,Fukuzaki,person,0,False,False,,,False,False
100,new10,n746,Early Ji,person,2,False,False,,,True,True
100,new10,n747,Tetsuji Hirose,person,2,False,False,,,True,True
100,new10,n748,Mr. Fujimoto,person,2,True,False,2024,,False,True
100,new10,n749,Matsuko,person,1,False,False,,,False,False
100,new10,n750,Furuuchi,person,1,False,False,,,False,False
100,new10,n751,Water Island Detective,person,2,False,False,,,False,True
100,new10,n752,Houchi,person,1,False,False,,,False,False
100,new10,n753,Yaojizi,person,1,False,False,,,False,False
100,new10,n754,Matsuoka,person,1,False,False,,,False,False
100,new10,n755,Detective Omuta,person,1,False,False,,,False,False
100,new10,n756,Bokutou,person,1,False,False,,,False,False
100,new10,n757,Detective Mizunuma,person,1,False,False,,,False,False
100,new10,n759,Kyoto Prefectural Police Headquarters,location,4,True,False,2546,,True,True
100,new10,n760,Mitsugi Bank Kyoto branch head,person,2,False,False,,,True,True
100,new10,n761,ransom ashes,clue_object,2,False,False,,,True,True
100,new10,n762,sinister rin,clue_object,1,False,False,,,False,False
100,new10,n763,Yoichi,person,2,False,False,,,False,True
100,new10,n765,reception room,location,1,False,False,,,False,False
100,new10,n766,parents,person,2,False,False,,,True,True
100,new10,n767,bread and milk,clue_object,2,False,False,,,True,True
100,new10,n768,Saeko,person,1,False,False,,,False,False
100,new10,n769,Hiroki,person,1,False,False,,,False,False
100,new10,n770,Kyoto University Hospital,location,1,False,False,,,False,False
100,new10,n771,spring twelve years ago,time_anchor,1,False,False,,,False,False
100,new10,n772,kidnapping of children in Kyoto,event,2,False,False,,,True,True
100,new10,n773,malignant pancreatic cancer,evidence_sentence,1,False,False,,,False,False
100,new10,n774,statute of limitations,evidence_sentence,1,False,False,,,False,False
100,new10,n775,the boy,person,1,False,False,,,False,False
100,new10,n776,the father of the kidnapped child,person,2,False,False,,,True,True
100,new10,n777,kidnapping cases,event,4,False,False,,,True,True
100,new10,n778,websites related to the crime,location,0,False,False,,,False,False
100,new10,n779,Yue Fu,person,2,False,False,,,True,True
100,new10,n780,early Ziju,person,2,True,True,3789,3789,True,True
100,new10,n781,Hoshino,person,2,False,False,,,True,True
100,new10,n782,Chikazawa,person,1,False,False,,,False,False
100,new10,n783,Takamura,person,3,False,False,,,False,False
100,new10,n784,Kensuke,person,2,False,False,,,False,True
100,new10,n785,Kyoto Prefecture Police,location,2,False,False,,,False,False
100,new10,n786,Metropolitan Police Department,location,1,False,False,,,False,False
100,new10,n787,Sagaki,person,1,False,False,,,False,False
100,new10,n788,Renze,person,2,False,False,,,False,False
100,new10,n789,Retsuzen,person,6,False,False,,,True,True
100,new10,n790,Hakuba,clue_object,1,True,False,3845,,False,False
100,new10,n791,Hachibashi,clue_object,0,False,False,,,False,False
100,new10,n792,Yakuo,clue_object,1,False,False,,,False,False
100,new10,n793,Uji-machi Exit,location,1,False,False,,,False,False
100,new10,n794,souvenir shop,location,1,False,False,,,False,False
100,new10,n795,ticket machine,clue_object,4,False,False,,,True,True
100,new10,n796,counterfeit bills,evidence_sentence,2,False,False,,,True,True
100,new10,n797,breaking bills,event,5,False,False,,,False,False
100,new10,n798,buying a ticket,event,1,False,False,,,False,False
100,new10,n799,exchange for change,event,1,False,False,,,False,False
100,new10,n800,Chayaman Shizuko,person,1,False,False,,,False,False
100,new10,n801,O'ura Jumpei,person,1,False,False,,,False,False
100,new10,n802,Ms. Chayama,person,1,False,False,,,False,False
100,new10,n803,Zi SaTe KuangTe,person,4,False,False,,,True,True
100,new10,n804,Lily Tsukuba,person,2,False,False,,,True,True
100,new10,n805,'The Trick',location,1,False,False,,,False,False
100,new10,n806,Kaoru,person,1,False,False,,,False,False
100,new10,n807,Early Jizi,person,5,False,False,,,True,True
100,new10,n808,April 11th (Saturday),time_anchor,2,False,False,,,True,True
100,new10,n809,Early Sub,person,2,True,False,2089;2590,,True,True
100,new10,n810,Shinkansen,clue_object,1,True,False,2786,,False,False
100,new10,n811,Tada,person,2,False,False,,,True,True
100,new10,n812,Early Suburi,person,2,True,False,2089;2590,,True,True
100,new10,n813,Matsuda Daijirou,person,3,False,False,,,True,True
100,new10,n814,Nakata Hiroshi,person,1,False,False,,,False,False
100,new10,n815,Nakamura Shin'ichi,person,1,False,False,,,False,False
100,new10,n816,Shimoji-san,person,4,False,False,,,True,True
100,new10,n817,8 pm and 9 pm last night,time_anchor,2,False,False,,,True,True
100,new10,n818,Shinobu-san,person,3,False,False,,,True,True
100,new10,n819,Mr. Nakatani,person,1,False,False,,,False,False
100,new10,n820,acrophobia,clue_object,2,True,False,945,,True,True
100,new10,n821,knife and fork,clue_object,2,False,False,,,True,True
100,new10,n822,the 27th,time_anchor,1,False,False,,,False,False
100,new10,n823,Yashu,person,4,False,False,,,False,True
100,new10,n824,Ms. Shiosaki,person,1,False,False,,,False,False
100,new10,n825,'Dragon-Loving Boy' website,location,1,False,False,,,False,False
100,new10,n826,Yashu's diary,clue_object,1,False,False,,,False,False
100,new10,n827,the photo,clue_object,2,True,True,1515;1629,1629,False,True
100,new10,n828,Daikichi,person,2,False,False,,,False,True
100,new10,n829,Komoda Tetsuji,person,1,False,False,,,False,False
100,new10,n830,Ming Shì,person,1,False,False,,,False,False
100,new10,n831,Rī Hui,person,1,False,False,,,False,False
100,new10,n832,Nakatō Keiji,person,0,False,False,,,False,False
100,new10,n833,Nakamura Tetsuhiro,person,2,False,False,,,False,True
100,new10,n834,Sōtai Takao,person,1,False,False,,,False,False
100,new10,n835,Shiozaki Jun'ichi,person,1,False,False,,,False,False
100,new10,n836,'Sleeping Sphinx',clue_object,2,False,False,,,False,True
103,new10,n1,Countess,person,1,False,False,,,False,False
103,new10,n2,I,person,0,False,False,,,False,False
103,new10,n3,sister,person,1,False,False,,,False,False
103,new10,n4,Lavigerie,person,1,False,False,,,False,False
103,new10,n5,Renault,person,21,True,True,1866,1866,True,True
103,new10,n6,Santiago,location,4,False,False,,,True,True
103,new10,n7,Buenos Aires,location,4,False,False,,,True,True
103,new10,n8,Belgian detective,person,1,False,False,,,False,False
103,new10,n9,member of parliament,person,1,False,False,,,False,False
103,new10,n10,war,event,1,False,False,,,False,False
103,new10,n11,Hercule Poirot,person,51,False,False,,,True,True
103,new10,n12,Japp,person,4,False,False,,,True,True
103,new10,n13,Plymouth Express,event,1,False,False,,,False,False
103,new10,n14,fingerprint,clue_object,1,True,False,1410,,False,False
103,new10,n15,footprints,clue_object,4,True,True,539;1867,1867,True,True
103,new10,n16,cigarette ash,clue_object,1,False,False,,,False,False
103,new10,n17,soil,clue_object,1,False,False,,,False,False
103,new10,n18,hound,clue_object,1,False,False,,,False,False
103,new10,n19,horse,clue_object,1,False,False,,,False,False
103,new10,n20,apartment,location,2,False,False,,,True,True
103,new10,n21,John Cavendish,person,1,False,False,,,False,False
103,new10,n22,the Chief Inspector,person,1,False,False,,,False,False
103,new10,n23,Mr. Alt,person,2,False,False,,,True,True
103,new10,n24,Françoise,person,8,True,False,256,,True,True
103,new10,n25,the lady,person,0,False,False,,,False,False
103,new10,n26,Leonie,person,6,False,False,,,True,True
103,new10,n27,the gentleman,person,1,False,False,,,False,False
103,new10,n28,the living room,location,3,False,False,,,True,True
103,new10,n29,the study,location,2,False,False,,,False,True
103,new10,n30,the letter,clue_object,5,False,False,,,True,True
103,new10,n31,handwriting analysis in the Cavendish case,event,1,False,False,,,False,False
103,new10,n32,Judge,person,10,False,False,,,True,True
103,new10,n33,Chief,person,2,False,False,,,False,True
103,new10,n34,Madame Dubroil,person,9,True,True,256;264;1866,1866,True,True
103,new10,n35,Mr. Reno,person,69,True,True,2383,2383,True,True
103,new10,n36,Chateau Marguerite,location,1,False,False,,,False,False
103,new10,n37,last night,time_anchor,1,False,False,,,False,False
103,new10,n38,evenings before,time_anchor,1,False,False,,,False,False
103,new10,n39,Mr. Bex,person,7,False,False,,,True,True
103,new10,n40,town,location,1,False,False,,,False,False
103,new10,n41,stairs,location,1,False,False,,,False,False
103,new10,n42,sea,location,1,False,False,,,False,False
103,new10,n43,bench,clue_object,1,False,False,,,False,False
103,new10,n44,small hut,location,2,False,False,,,True,True
103,new10,n45,villa,location,24,False,False,,,True,True
103,new10,n46,shrubs,clue_object,2,False,False,,,True,True
103,new10,n47,golf course,location,10,True,True,1867,1867,True,True
103,new10,n48,body,evidence_sentence,0,True,True,1179;1864;1866,1864;1866,False,False
103,new10,n49,workers,person,1,False,False,,,False,False
103,new10,n50,police,person,7,True,False,256,,True,True
103,new10,n51,Mr. Guillaud,person,1,False,False,,,False,False
103,new10,n52,examining magistrate,person,4,False,False,,,True,True
103,new10,n53,lead piping,clue_object,2,False,False,,,True,True
103,new10,n54,shovel,clue_object,4,True,False,1220,,True,True
103,new10,n55,house,location,0,False,False,,,False,False
103,new10,n56,killer,person,4,True,True,1867,1867,True,True
103,new10,n57,clues,evidence_sentence,1,False,False,,,False,False
103,new10,n58,External signs,evidence_sentence,1,False,False,,,False,False
103,new10,n59,victim,person,9,False,False,,,True,True
103,new10,n60,Gerald,person,10,False,False,,,True,True
103,new10,n61,Joliat,person,1,False,False,,,False,False
103,new10,n62,toolshed next to the house,location,2,False,False,,,True,True
103,new10,n63,small shed,location,4,True,True,1864,1864,True,True
103,new10,n64,cemetery,location,2,False,False,,,True,True
103,new10,n65,sand pit,location,2,False,False,,,True,True
103,new10,n66,Giles,person,3,False,False,,,True,True
103,new10,n67,white line around the cemetery,clue_object,3,False,False,,,True,True
103,new10,n68,the grounds,location,3,False,False,,,True,True
103,new10,n69,the secret,clue_object,6,False,False,,,True,True
103,new10,n70,a piece of lead pipe,clue_object,4,False,False,,,True,True
103,new10,n71,a paper knife,clue_object,13,False,False,,,True,True
103,new10,n72,the flower bed,location,2,True,True,1867,1867,True,True
103,new10,n73,the gardener,person,7,True,False,1220,,True,True
103,new10,n74,the wheelbarrow,clue_object,1,False,False,,,False,False
103,new10,n75,Miss Dobert,person,0,False,False,,,False,False
103,new10,n76,Jack Reno,person,0,False,False,,,False,False
103,new10,n77,the hotel,location,1,False,False,,,False,False
103,new10,n78,Giulot,person,1,False,False,,,False,False
103,new10,n79,the corpse,evidence_sentence,6,True,True,1867,1867,True,True
103,new10,n80,the shack,location,7,False,False,,,True,True
103,new10,n81,Polly,person,4,False,False,,,True,True
103,new10,n82,a dark and shiny knife handle,clue_object,1,False,False,,,False,False
103,new10,n83,the doctor,person,2,False,False,,,True,True
103,new10,n84,"a long, black woman's hair",clue_object,2,False,False,,,False,True
103,new10,n85,the ground outside,location,1,False,False,,,False,False
103,new10,n86,a woman's shoe print,clue_object,1,False,False,,,False,False
103,new10,n87,Gillard,person,2,False,False,,,True,True
103,new10,n88,Jolson,person,1,False,False,,,False,False
103,new10,n89,Doborowicz,person,4,False,False,,,True,True
103,new10,n90,the man,person,1,False,False,,,False,False
103,new10,n91,the hair,clue_object,1,False,False,,,False,False
103,new10,n92,the disguise,event,1,False,False,,,False,False
103,new10,n93,the murder,event,7,True,False,1410,,True,True
103,new10,n94,French man,person,2,False,False,,,False,False
103,new10,n95,Malt Dobré,person,1,False,False,,,False,False
103,new10,n96,Reno boy,person,2,False,False,,,False,False
103,new10,n97,porter,person,2,False,False,,,False,False
103,new10,n98,midnight train,event,1,False,False,,,False,False
103,new10,n99,train at 11:40,event,1,False,False,,,False,False
103,new10,n100,brewery company,location,1,False,False,,,False,False
103,new10,n102,Bellodi,person,2,False,False,,,False,True
103,new10,n104,Paris,location,6,False,False,,,True,True
103,new10,n105,the safe in the corner,clue_object,1,False,False,,,False,False
103,new10,n106,many documents,clue_object,2,False,False,,,False,True
103,new10,n107,the dead man's key,clue_object,2,False,False,,,False,True
103,new10,n108,a political conspiracy,event,2,False,False,,,False,True
103,new10,n109,the murder of her husband,event,2,False,False,,,True,True
103,new10,n110,an accusation letter,clue_object,1,False,False,,,False,False
103,new10,n111,the brave little brewer,person,2,False,False,,,False,True
103,new10,n112,a few friends,person,1,False,False,,,False,False
103,new10,n113,her child,person,1,False,False,,,False,False
103,new10,n114,Berodsky,person,3,False,False,,,True,True
103,new10,n115,Mr. Renault,person,47,True,True,975;1864;2383,1864;2383,True,True
103,new10,n116,Hastings,person,0,True,False,2086,,False,False
103,new10,n117,the two cases,event,2,False,False,,,True,True
103,new10,n118,the wealthy American,person,1,False,False,,,False,False
103,new10,n119,the masked man,clue_object,4,False,False,,,True,True
103,new10,n120,the documents,clue_object,3,False,False,,,True,True
103,new10,n121,love turned to hate,event,1,False,False,,,False,False
103,new10,n122,mental instability,event,1,False,False,,,False,False
103,new10,n123,grave digging,event,1,False,False,,,False,False
103,new10,n126,the Dobert family,person,1,False,False,,,False,False
103,new10,n127,the mysterious visitor,person,1,False,False,,,False,False
103,new10,n128,the three maids,person,1,False,False,,,False,False
103,new10,n129,Melchester,location,1,False,False,,,False,False
103,new10,n130,the night of the murder,time_anchor,1,False,False,,,False,False
103,new10,n131,Mr. Giles,person,3,False,False,,,True,True
103,new10,n132,the man in the barn,person,2,False,False,,,True,True
103,new10,n133,the grave,clue_object,4,True,True,1867,1867,True,True
103,new10,n134,Mr. Poirot,person,0,False,False,,,False,False
103,new10,n135,Abbaak,location,2,False,False,,,False,True
103,new10,n136,Guillaume,person,2,False,False,,,True,True
103,new10,n137,Merlinville,location,10,False,False,,,True,True
103,new10,n138,Cherbourg,location,3,False,False,,,True,True
103,new10,n139,Marte Dobrél,person,1,False,False,,,False,False
103,new10,n140,station staff,person,1,False,False,,,False,False
103,new10,n141,father,person,7,True,False,1071,,True,True
103,new10,n142,suitcases,clue_object,1,False,False,,,False,False
103,new10,n143,11:40 train,time_anchor,1,False,False,,,False,False
103,new10,n144,fifteen minutes,time_anchor,1,False,False,,,False,False
103,new10,n145,night of the incident,time_anchor,2,False,False,,,False,True
103,new10,n146,Jack Rene,person,2,False,False,,,True,True
103,new10,n147,the station,location,1,True,True,1866,1866,False,False
103,new10,n148,the crime scene,location,2,False,False,,,True,True
103,new10,n149,the window,clue_object,1,True,True,1867,1867,False,False
103,new10,n150,the car,clue_object,2,False,False,,,True,True
103,new10,n151,Madame Renault,person,46,True,True,467;1179;1864;1867,1864;1867,True,True
103,new10,n153,Mr. Glastron,person,2,False,False,,,True,True
103,new10,n154,the tramp,person,3,True,True,1866,1866,True,True
103,new10,n155,midnight,time_anchor,1,False,False,,,False,False
103,new10,n156,the case,event,7,False,False,,,True,True
103,new10,n158,Mr. Stoner,person,6,True,False,338;975,,True,True
103,new10,n159,Reynold family,person,1,False,False,,,False,False
103,new10,n160,Jack Reynold,person,1,False,False,,,False,False
103,new10,n161,Cinderella's face,clue_object,1,False,False,,,False,False
103,new10,n162,photo,clue_object,2,True,False,1505,,False,True
103,new10,n163,sea conditions,time_anchor,1,False,False,,,False,False
103,new10,n164,departure,event,1,False,False,,,False,False
103,new10,n165,the girl,person,4,False,False,,,True,True
103,new10,n166,Calais,location,3,False,False,,,True,True
103,new10,n167,Chateau de Gene,location,1,False,False,,,False,False
103,new10,n168,the ship,location,4,False,False,,,True,True
103,new10,n169,Chateau de Generville,location,1,False,False,,,False,False
103,new10,n170,Anna Julia,evidence_sentence,1,False,False,,,False,False
103,new10,n171,Béla Duval,person,1,False,False,,,False,False
103,new10,n172,Marte Dobroël,person,1,False,False,,,False,False
103,new10,n173,Tuesday evening,time_anchor,1,False,False,,,False,False
103,new10,n174,she,person,0,False,False,,,False,False
103,new10,n175,Darling,person,4,False,False,,,False,True
103,new10,n176,Judge Alte,person,1,False,False,,,False,False
103,new10,n177,Britain,location,1,False,False,,,False,False
103,new10,n178,crime,event,4,True,True,1179;1185;1866,1185;1866,True,True
103,new10,n179,faint incident,event,1,False,False,,,False,False
103,new10,n180,fingerprints,clue_object,1,True,False,1410,,False,False
103,new10,n181,gloves,clue_object,1,False,False,,,False,False
103,new10,n182,tomorrow,time_anchor,1,False,False,,,False,False
103,new10,n183,Marte,person,7,False,False,,,True,True
103,new10,n184,London,location,2,False,False,,,True,True
103,new10,n185,the weapon,clue_object,3,False,False,,,True,True
103,new10,n186,England,location,2,False,False,,,True,True
103,new10,n187,the client,person,1,False,False,,,False,False
103,new10,n188,Jack Reynolds,person,7,False,False,,,True,True
103,new10,n190,Dear,person,5,False,False,,,True,True
103,new10,n191,Bella,person,15,False,False,,,True,True
103,new10,n192,Jack Mr.,person,1,False,False,,,False,False
103,new10,n193,French postmark,clue_object,1,False,False,,,False,False
103,new10,n194,Grose,person,1,False,False,,,False,False
103,new10,n195,Jack,person,13,True,True,2383,2383,True,True
103,new10,n196,French courts,location,1,False,False,,,False,False
103,new10,n197,love murder case,event,2,False,False,,,False,True
103,new10,n198,death of father,event,2,False,False,,,True,True
103,new10,n199,mother,person,7,False,False,,,True,True
103,new10,n200,foreign scoundrel,person,1,False,False,,,False,False
103,new10,n201,Saint-Valery,location,1,False,False,,,False,False
103,new10,n202,young lovers,person,1,False,False,,,False,False
103,new10,n203,body in the grave,evidence_sentence,2,False,False,,,True,True
103,new10,n204,intruder,person,1,False,False,,,False,False
103,new10,n205,Cinderella,person,17,False,False,,,True,True
103,new10,n206,the room at the other end,location,2,False,False,,,False,True
103,new10,n207,the door,location,5,True,True,1866,1866,True,True
103,new10,n208,the bed,clue_object,1,False,False,,,False,False
103,new10,n209,Reno's wife,person,1,False,False,,,False,False
103,new10,n210,Marta,person,1,False,False,,,False,False
103,new10,n211,Dolbure mother and daughter,person,1,True,True,2383,2383,False,False
103,new10,n212,Reno couple's conversation,event,1,True,True,2383,2383,False,False
103,new10,n213,shadow,clue_object,1,False,False,,,False,False
103,new10,n214,curtain,location,2,False,False,,,False,True
103,new10,n215,Madame Dobrull,person,7,False,False,,,True,True
103,new10,n216,daughter of Madame Dobrull,person,1,True,False,264,,False,False
103,new10,n217,Manor of Marguerite,location,1,False,False,,,False,False
103,new10,n218,Maudie Dobroslava,person,1,False,False,,,False,False
103,new10,n219,Gilead,person,1,False,False,,,False,False
103,new10,n220,Dover,location,1,False,False,,,False,False
103,new10,n221,woman,person,2,False,False,,,True,True
103,new10,n222,telegram,clue_object,3,False,False,,,True,True
103,new10,n223,the trial,event,1,False,False,,,False,False
103,new10,n224,the clerk,person,1,False,False,,,False,False
103,new10,n225,Mr. Altar,person,10,False,False,,,True,True
103,new10,n226,The maid who came to clean and cook for the Bellodis every day,person,2,False,False,,,True,True
103,new10,n227,the apartment door,clue_object,3,True,True,1867,1867,True,True
103,new10,n228,the dining room,location,1,False,False,,,False,False
103,new10,n229,the bedroom,location,2,True,False,533,,True,True
103,new10,n230,November 28th,time_anchor,1,False,False,,,False,False
103,new10,n231,two men in masks,person,2,False,False,,,True,True
103,new10,n232,June 7th,time_anchor,2,False,False,,,False,True
103,new10,n233,Giraud,person,2,False,False,,,True,True
103,new10,n234,Styles Manor,location,4,False,False,,,True,True
103,new10,n235,Essex,location,1,False,False,,,False,False
103,new10,n236,Chateau de Gennevieve,location,9,False,False,,,True,True
103,new10,n237,old lady,person,2,False,False,,,False,True
103,new10,n238,murder case,event,4,False,False,,,True,True
103,new10,n239,poisoning,event,1,False,False,,,False,False
103,new10,n240,detective movies,evidence_sentence,1,False,False,,,False,False
103,new10,n241,newspaper,evidence_sentence,1,False,False,,,False,False
103,new10,n242,road,location,4,False,False,,,True,True
103,new10,n243,crossroads,location,1,False,False,,,False,False
103,new10,n244,farmer,person,2,False,False,,,True,True
103,new10,n245,driver,person,4,False,False,,,True,True
103,new10,n246,Lighthouse Inn,location,1,False,False,,,False,False
103,new10,n247,stranger,person,3,False,False,,,True,True
103,new10,n248,shed,location,0,False,False,,,False,False
103,new10,n249,poor man,person,4,False,False,,,True,True
103,new10,n250,Judge Thornhill,person,1,False,False,,,False,False
103,new10,n251,chief of police,person,1,False,False,,,False,False
103,new10,n252,narrator,person,0,False,False,,,False,False
103,new10,n253,Chateau de Gianevieve,location,1,False,False,,,False,False
103,new10,n254,Miss Dribb,person,2,False,False,,,True,True
103,new10,n255,prison,location,2,False,False,,,True,True
103,new10,n256,Melvinville,location,1,False,False,,,False,False
103,new10,n257,Strode,person,2,False,False,,,True,True
103,new10,n258,Chateau de Marguerite,location,2,False,False,,,True,True
103,new10,n259,Calais station,location,2,False,False,,,True,True
103,new10,n261,clipping,evidence_sentence,1,False,False,,,False,False
103,new10,n262,Madame Bérodier,person,2,True,False,1505,,False,True
103,new10,n263,Arnold Berodie,person,3,False,False,,,False,True
103,new10,n264,Lyon,location,1,False,False,,,False,False
103,new10,n265,murder trial,event,1,False,False,,,False,False
103,new10,n266,train from Paris,evidence_sentence,1,False,False,,,False,False
103,new10,n267,a small shed,location,2,False,False,,,True,True
103,new10,n268,a car,clue_object,2,False,False,,,True,True
103,new10,n269,a checkbook,clue_object,1,False,False,,,False,False
103,new10,n270,a black spot,clue_object,1,False,False,,,False,False
103,new10,n271,the wound,clue_object,2,True,False,391,,False,True
103,new10,n272,Eloise,person,2,False,False,,,False,True
103,new10,n273,husband,person,0,False,False,,,False,False
103,new10,n274,watch,clue_object,2,True,False,464;467;1179,,False,True
103,new10,n275,dressing table,location,1,False,False,,,False,False
103,new10,n276,crime time,time_anchor,0,False,False,,,False,False
103,new10,n277,Duvin,person,1,False,False,,,False,False
103,new10,n278,Béla,person,1,False,False,,,False,False
103,new10,n279,front door,clue_object,0,True,True,1867,1867,False,False
103,new10,n280,secret place,location,3,False,False,,,True,True
103,new10,n282,war souvenir,clue_object,1,False,False,,,False,False
103,new10,n283,ropes,clue_object,1,False,False,,,False,False
103,new10,n284,body identification,event,1,False,False,,,False,False
103,new10,n285,wiring,event,1,False,False,,,False,False
103,new10,n286,Maid,person,1,False,False,,,False,False
103,new10,n287,Paul,person,1,False,False,,,False,False
103,new10,n288,Mr. Alte,person,0,False,False,,,False,False
103,new10,n289,Hut,location,2,False,False,,,True,True
103,new10,n290,Mrs. Dobrol,person,3,False,False,,,True,True
103,new10,n291,Villa Henrietta,location,1,False,False,,,False,False
103,new10,n292,the murder of Mr. Renault,event,2,False,False,,,True,True
103,new10,n294,Madame Dobruloff,person,2,False,False,,,False,True
103,new10,n295,M. Dobruloff,person,1,False,False,,,False,False
103,new10,n296,the French police system,event,2,False,False,,,False,True
103,new10,n297,the file,clue_object,1,False,False,,,False,False
103,new10,n298,this town,location,1,False,False,,,False,False
103,new10,n299,friend,person,1,True,False,1179;1505,,False,False
103,new10,n300,Francine,person,1,False,False,,,False,False
103,new10,n301,plantation,location,1,False,False,,,False,False
103,new10,n302,bushes,location,1,False,False,,,False,False
103,new10,n303,field,location,1,False,False,,,False,False
103,new10,n304,the shed door,location,1,False,False,,,False,False
103,new10,n305,water with brandy,clue_object,1,False,False,,,False,False
103,new10,n306,the officer,person,1,False,False,,,False,False
103,new10,n307,the magistrate,person,3,False,False,,,True,True
103,new10,n308,the old man,person,2,True,False,975,,True,True
103,new10,n309,Gileau,person,2,False,False,,,False,True
103,new10,n310,table,clue_object,1,False,False,,,False,False
103,new10,n311,Mr. Gillette,person,1,False,False,,,False,False
103,new10,n312,Jules Guet,person,1,False,False,,,False,False
103,new10,n313,South America,location,8,True,False,949,,True,True
103,new10,n314,cigarette butt,clue_object,2,False,False,,,True,True
103,new10,n315,match,clue_object,3,False,False,,,True,True
103,new10,n316,Jules Gabor,person,1,False,False,,,False,False
103,new10,n317,Mrs. Dobell,person,0,False,False,,,False,False
103,new10,n318,a young maid,person,1,False,False,,,False,False
103,new10,n319,a key,clue_object,3,False,False,,,True,True
103,new10,n320,the deceased's son,person,1,False,False,,,False,False
103,new10,n321,a policeman,person,1,False,False,,,False,False
103,new10,n322,Gillette,person,3,False,False,,,True,True
103,new10,n323,the Reynold's watch,clue_object,2,False,False,,,False,True
103,new10,n324,the pre-trial judge,person,1,False,False,,,False,False
103,new10,n325,this case,event,0,False,False,,,False,False
103,new10,n326,the tragedy,event,2,False,False,,,False,True
103,new10,n327,that mind,event,2,False,False,,,True,True
103,new10,n328,Mr. Gabor,person,0,False,False,,,False,False
103,new10,n329,Captain Hastings,person,2,True,False,2086,,True,True
103,new10,n330,Mr. Baxter,person,1,False,False,,,False,False
103,new10,n331,Reynolds,person,1,False,False,,,False,False
103,new10,n332,Mallow,person,1,False,False,,,False,False
103,new10,n333,Mr. Arteau,person,1,False,False,,,False,False
103,new10,n334,Gloucestershire,location,1,False,False,,,False,False
103,new10,n335,Mr. Gillard,person,1,False,False,,,False,False
103,new10,n337,Guild,person,1,False,False,,,False,False
103,new10,n338,France,location,1,False,False,,,False,False
103,new10,n339,husband's body,evidence_sentence,1,False,False,,,False,False
103,new10,n340,Mr. Gilead,person,2,False,False,,,False,True
103,new10,n341,flowerbeds,location,2,False,False,,,True,True
103,new10,n342,gardener's gloves,clue_object,0,True,False,1220,,False,False
103,new10,n343,rake,clue_object,0,False,False,,,False,False
103,new10,n344,Pollock,person,1,False,False,,,False,False
103,new10,n345,Lighthouse Hotel,location,1,False,False,,,False,False
103,new10,n346,middle-aged man,person,2,False,False,,,True,True
103,new10,n347,Chateau d'Herouville,location,2,False,False,,,True,True
103,new10,n348,gardener's old clothes,clue_object,1,False,False,,,False,False
103,new10,n349,second murder,event,2,False,False,,,False,True
103,new10,n350,news,evidence_sentence,1,False,False,,,False,False
103,new10,n351,Dr. Durand,person,1,False,False,,,False,False
103,new10,n352,Jolieu,person,1,False,False,,,False,False
103,new10,n353,letter opener,clue_object,1,False,False,,,False,False
103,new10,n354,foam on the lips,clue_object,3,True,False,1473,,True,True
103,new10,n355,George Conno,person,7,False,False,,,True,True
103,new10,n356,the garden,location,1,True,False,1220,,False,False
103,new10,n357,the vagrant,person,2,True,True,1864,1864,True,True
103,new10,n358,Mr. Renault's murder,event,4,False,False,,,True,True
103,new10,n359,the estate,location,2,False,False,,,True,True
103,new10,n361,Doloboroff's hair,clue_object,3,False,False,,,True,True
103,new10,n362,photograph,clue_object,1,False,False,,,False,False
103,new10,n363,Gambrelli,person,1,False,False,,,False,False
103,new10,n364,Chilean,person,1,False,False,,,False,False
103,new10,n365,matches and cigarette butts trick,evidence_sentence,1,False,False,,,False,False
103,new10,n366,fight with his father,evidence_sentence,1,False,False,,,False,False
103,new10,n367,threatened him,evidence_sentence,0,False,False,,,False,False
103,new10,n368,second victim,person,1,False,False,,,False,False
103,new10,n369,M. Giraud,person,1,False,False,,,False,False
103,new10,n370,Gabor,person,1,False,False,,,False,False
103,new10,n371,testimony of Madame Renault,evidence_sentence,1,False,False,,,False,False
103,new10,n372,stair corner,clue_object,1,False,False,,,False,False
103,new10,n373,Conor,person,1,False,False,,,False,False
103,new10,n374,Mrs. Dobler,person,1,False,False,,,False,False
103,new10,n375,victim's clothes,clue_object,2,False,False,,,False,False
103,new10,n376,guillotine,clue_object,1,False,False,,,False,False
103,new10,n378,Madame Berodsky,person,4,False,False,,,True,True
103,new10,n379,Mr. Reynold,person,3,False,False,,,True,True
103,new10,n380,May 23rd,time_anchor,1,False,False,,,False,False
103,new10,n381,Mr. Renault's son,person,3,False,False,,,True,True
103,new10,n382,Malt Dobroy,person,1,False,False,,,False,False
103,new10,n384,10:30,time_anchor,1,False,False,,,False,False
103,new10,n385,the doctor's testimony,evidence_sentence,1,False,False,,,False,False
103,new10,n386,Madame Duverol,person,2,False,False,,,True,True
103,new10,n387,Madame Rene,person,1,False,False,,,False,False
103,new10,n388,Melunville,location,1,False,False,,,False,False
103,new10,n389,June 7th in the morning,time_anchor,1,False,False,,,False,False
103,new10,n390,Darcey sisters,person,0,False,False,,,False,False
103,new10,n391,Miss Devenish,person,1,False,False,,,False,False
103,new10,n392,the mysterious lady who visited Mr. Reneau that night,person,1,False,False,,,False,False
103,new10,n393,Mr. Reneau,person,1,False,False,,,False,False
103,new10,n394,the court,location,1,False,False,,,False,False
103,new10,n395,the platform,location,1,False,False,,,False,False
103,new10,n396,the two sisters,person,3,False,False,,,True,True
103,new10,n397,the photos,clue_object,1,False,False,,,False,False
103,new10,n398,the performance invitation,clue_object,1,False,False,,,False,False
103,new10,n399,Jules Gaborneau,person,1,False,False,,,False,False
103,new10,n400,defendant,person,1,False,False,,,False,False
103,new10,n401,Lady Ffolliott,person,0,False,False,,,False,False
103,new10,n402,Aberystwyth case,event,1,False,False,,,False,False
103,new10,n403,Orient Express,event,1,False,False,,,False,False
103,new10,n404,Victoria,location,1,False,False,,,False,False
103,new10,n405,Chile,location,2,False,False,,,True,True
103,new10,n406,signature,clue_object,2,False,False,,,True,True
103,new10,n407,postscript,clue_object,2,False,False,,,True,True
103,new10,n408,Melbourne County,location,1,False,False,,,False,False
103,new10,n409,a large green gate,location,1,False,False,,,False,False
103,new10,n410,this letter,clue_object,2,False,False,,,True,True
104,new10,n1,Mary Marple,person,5,True,False,27;76,,True,True
104,new10,n2,Poirot,person,104,True,True,283,283,True,True
104,new10,n3,Valerie St. Clair,person,1,False,False,,,False,False
104,new10,n4,London streets,location,1,False,False,,,False,False
104,new10,n5,Irish lass,time_anchor,1,False,False,,,False,False
104,new10,n6,Miss Marvell,person,2,False,False,,,True,True
104,new10,n7,diamond representing the left and right eyes of God,clue_object,1,False,False,,,False,False
104,new10,n8,letters,clue_object,6,True,True,283,283,True,True
104,new10,n9,street,location,1,False,False,,,False,False
104,new10,n10,Miss Marple,person,1,False,False,,,False,False
104,new10,n11,Blackstock,person,1,False,False,,,False,False
104,new10,n12,the gem,clue_object,9,False,False,,,True,True
104,new10,n13,I,person,0,False,False,,,False,False
104,new10,n14,Mrs. Adler,person,11,True,False,61;71,,True,True
104,new10,n15,the East,location,1,True,False,76;112,,False,False
104,new10,n16,she,person,9,True,True,283,283,True,True
104,new10,n17,Mrs. Yardeley,person,1,False,False,,,False,False
104,new10,n18,Miss Marvel,person,1,False,False,,,False,False
104,new10,n19,diamonds,clue_object,1,False,False,,,False,False
104,new10,n21,Rolf,person,3,False,False,,,True,True
104,new10,n22,Yaldra estate,location,1,False,False,,,False,False
104,new10,n23,rumors,event,1,False,False,,,False,False
104,new10,n24,Mr. Poirot,person,0,True,False,187,,False,False
104,new10,n25,Gregory Rolf,person,6,True,True,283,283,False,True
104,new10,n26,Lady Yeldford,person,1,False,False,,,False,False
104,new10,n27,Mr. Hofburg,person,2,False,False,,,False,True
104,new10,n28,Hatton Garden,location,1,False,False,,,False,False
104,new10,n29,Scotland Yard,location,2,False,False,,,True,True
104,new10,n30,the hotel,location,3,True,False,58;246,,False,True
104,new10,n31,America,location,1,False,False,,,False,False
104,new10,n32,tomorrow,time_anchor,1,True,False,187,,False,False
104,new10,n33,tonight,time_anchor,1,False,False,,,False,False
104,new10,n34,11:15,time_anchor,1,False,False,,,False,False
104,new10,n35,the estate,location,1,False,False,,,False,False
104,new10,n36,a young man,person,1,True,False,187,,False,False
104,new10,n37,two men from Scotland Yard,person,1,False,False,,,False,False
104,new10,n38,a pale-faced waiter,person,1,False,False,,,False,False
104,new10,n39,the clerk,person,1,True,False,882,,False,False
104,new10,n40,the jewelry box,clue_object,2,True,False,58;246;1263,,True,True
104,new10,n41,divorce threat,event,1,True,True,283,283,False,False
104,new10,n42,the lady,person,0,True,False,1263,,False,False
104,new10,n43,letters she wrote,evidence_sentence,1,True,True,283,283,False,False
104,new10,n44,Eastern features,clue_object,2,False,False,,,False,True
104,new10,n45,Mr. Gregory Rolf,person,7,True,True,283,283,True,True
104,new10,n46,necklace,clue_object,4,True,True,283,283,False,True
104,new10,n47,England,location,2,False,False,,,False,True
104,new10,n48,corridor,location,1,True,True,283,283,False,False
104,new10,n50,Mary Marvell,person,2,True,False,86,,True,True
104,new10,n51,a lawsuit,event,1,False,False,,,False,False
104,new10,n52,the husband of Lady Adler,person,2,True,True,27;283;479,283;479,False,True
104,new10,n53,Mr. Maltravers,person,2,False,False,,,True,True
104,new10,n54,Hastings,person,27,True,True,706;792;1121;1263,1121,True,True
104,new10,n55,husband,person,1,True,True,27;71;283;479,283;479,False,False
104,new10,n56,London,location,11,False,False,,,True,True
104,new10,n57,life insurance policy,clue_object,1,True,True,479,479,False,False
104,new10,n58,suicide,event,4,False,False,,,True,True
104,new10,n59,friend,person,2,True,True,279;942;1263,279;942,True,True
104,new10,n60,Captain Black,person,5,True,False,429,,True,True
104,new10,n61,Anchor Inn,location,2,False,False,,,True,True
104,new10,n62,East Africa,location,1,False,False,,,False,False
104,new10,n63,Scotland,location,1,False,False,,,False,False
104,new10,n64,Mrs. Maltravers,person,2,False,False,,,True,True
104,new10,n65,young man,person,6,True,False,187,,True,True
104,new10,n66,Tuesday,time_anchor,2,False,False,,,True,True
104,new10,n67,ship,clue_object,2,False,False,,,True,True
104,new10,n68,lawyer,person,1,False,False,,,False,False
104,new10,n69,paper,clue_object,1,False,False,,,False,False
104,new10,n70,veranda,location,1,False,False,,,False,False
104,new10,n71,house,location,0,True,False,706,,False,False
104,new10,n72,village,location,3,False,False,,,True,True
104,new10,n73,black robe,clue_object,1,False,False,,,False,False
104,new10,n74,bullet,clue_object,1,True,False,769,,False,False
104,new10,n75,Blackstone,person,1,False,False,,,False,False
104,new10,n76,Everett,person,4,False,False,,,False,True
104,new10,n77,Mrs. Robinson,person,6,False,False,,,True,True
104,new10,n78,Robinsons,person,1,False,False,,,False,False
104,new10,n79,Parker,person,1,False,False,,,False,False
104,new10,n80,blood,clue_object,0,False,False,,,False,False
104,new10,n81,bankruptcy,event,1,True,True,479,479,False,False
104,new10,n82,theater industry,location,1,False,False,,,False,False
104,new10,n83,mini flashlight,clue_object,1,False,False,,,False,False
104,new10,n84,phosphorescence,clue_object,1,False,False,,,False,False
104,new10,n85,trigger,clue_object,1,False,False,,,False,False
104,new10,n86,Montague House,location,8,False,False,,,True,True
104,new10,n87,Knightsbridge,location,1,False,False,,,False,False
104,new10,n88,the maid,person,6,True,False,1194,,True,True
104,new10,n89,the mistress,person,2,False,False,,,True,True
104,new10,n90,furniture purchase event,event,1,False,False,,,False,False
104,new10,n91,rustling sound event,event,1,False,False,,,False,False
104,new10,n92,haunting suspicion,evidence_sentence,1,False,False,,,False,False
104,new10,n93,living room,location,0,False,False,,,False,False
104,new10,n94,front door,location,1,False,False,,,False,False
104,new10,n95,gun,clue_object,5,True,False,769,,True,True
104,new10,n96,taxi,clue_object,1,False,False,,,False,False
104,new10,n97,apartment,location,17,True,False,706,,True,True
104,new10,n98,Polly,person,1,False,False,,,False,False
104,new10,n99,Louis Vardan,person,1,False,False,,,False,False
104,new10,n100,Italian,person,7,False,False,,,True,True
104,new10,n101,stairs,location,1,False,False,,,False,False
104,new10,n102,room,location,5,False,False,,,True,True
104,new10,n103,New York,location,6,True,False,706;908;976;987,,True,True
104,new10,n104,Mr. and Mrs. Robinson,person,1,False,False,,,False,False
104,new10,n105,black cat-shaped fluffy phone cover,clue_object,1,False,False,,,False,False
104,new10,n106,Roger Havering,person,6,True,True,806,806,True,True
104,new10,n107,door,clue_object,1,True,True,283;1294,283,False,False
104,new10,n108,Derbyshire,location,2,True,False,706,,False,True
104,new10,n109,the war,time_anchor,2,False,False,,,True,True
104,new10,n110,the city,location,2,True,True,706;806,806,True,True
104,new10,n111,the case,event,3,False,False,,,True,True
104,new10,n112,Mrs. Havering,person,3,False,False,,,True,True
104,new10,n113,Mr. Pace,person,1,True,True,806,806,False,False
104,new10,n114,Mrs. Middleton,person,7,True,False,784,,True,True
104,new10,n115,the visitor,person,3,False,False,,,True,True
104,new10,n116,my uncle,person,6,True,False,706,,True,True
104,new10,n117,the gun room,location,4,False,False,,,True,True
104,new10,n118,the crime scene,location,3,False,False,,,True,True
104,new10,n119,the blood pool,clue_object,2,False,False,,,False,True
104,new10,n120,the carpet,clue_object,1,False,False,,,False,False
104,new10,n121,the ground outside the window,location,1,False,False,,,False,False
104,new10,n122,the police,person,3,True,True,769;806,806,True,True
104,new10,n123,the body,evidence_sentence,3,False,False,,,True,True
104,new10,n124,my small camera,clue_object,1,False,False,,,False,False
104,new10,n125,Japp,person,10,False,False,,,True,True
104,new10,n126,Harrington Pace,person,2,True,False,706;792,,False,True
104,new10,n127,train,clue_object,1,True,False,769,,False,False
104,new10,n128,Miss Fagge,person,1,False,False,,,False,False
104,new10,n130,Mr. Wavess,person,1,False,False,,,False,False
104,new10,n131,London and Scottish Bank,location,4,False,False,,,True,True
104,new10,n132,Ritchie,person,2,False,False,,,True,True
104,new10,n133,Philip Richey,person,5,False,False,,,True,True
104,new10,n134,the bond,clue_object,2,True,False,706;908;976;987,,True,True
104,new10,n135,suitcase,clue_object,3,True,False,858,,True,True
104,new10,n136,restaurant,location,3,False,False,,,False,True
104,new10,n137,bed,location,1,False,False,,,False,False
104,new10,n138,key,clue_object,4,False,False,,,True,True
104,new10,n139,theft of the bond,event,1,False,False,,,False,False
104,new10,n140,bonds,clue_object,5,False,False,,,True,True
104,new10,n141,Olympia,location,2,True,False,870,,False,True
104,new10,n142,Needle Street,location,1,False,False,,,False,False
104,new10,n143,Richewicz,person,2,False,False,,,True,True
104,new10,n144,Miss Flockhart,person,1,False,False,,,False,False
104,new10,n145,telegram,clue_object,2,True,False,706;792;870;987,,True,True
104,new10,n146,tugs,clue_object,2,False,False,,,False,True
104,new10,n147,broker,person,1,False,False,,,False,False
104,new10,n148,bank,location,2,False,False,,,True,True
104,new10,n149,alarm,event,1,False,False,,,False,False
104,new10,n150,Dr. Emms,person,1,False,False,,,False,False
104,new10,n151,Mr. Breen,person,12,True,True,1121,1121,True,True
104,new10,n152,Dr. Ames,person,8,False,False,,,True,True
104,new10,n153,Schneider,person,9,True,False,976,,True,True
104,new10,n154,Mr. Willard,person,0,False,False,,,False,False
104,new10,n155,South Pacific islands,location,1,True,False,987,,False,False
104,new10,n156,leprosy,clue_object,1,False,False,,,False,False
104,new10,n157,skin disease,clue_object,1,False,False,,,False,False
104,new10,n158,Little Brennan,person,2,False,False,,,False,False
104,new10,n159,Robert Eames,person,1,False,False,,,False,False
104,new10,n160,cigarette case,clue_object,1,False,False,,,False,False
104,new10,n161,Brighton,location,0,False,False,,,False,False
104,new10,n162,Grand Hotel,location,1,True,False,58,,False,False
104,new10,n163,Opalson couple,person,1,False,False,,,False,False
104,new10,n164,Mr. Upperton,person,2,False,False,,,True,True
104,new10,n165,pearls,clue_object,4,False,False,,,True,True
104,new10,n166,waiter,person,3,False,False,,,True,True
104,new10,n167,door near window,clue_object,1,False,False,,,False,False
104,new10,n168,window,clue_object,1,False,False,,,False,False
104,new10,n169,police officer,person,1,False,False,,,False,False
104,new10,n170,wire mattress,clue_object,1,False,False,,,False,False
104,new10,n171,Mr. Uphill,person,1,False,False,,,False,False
104,new10,n172,room we had just left,location,1,False,False,,,False,False
104,new10,n173,Mrs. Opalson,person,3,False,False,,,True,True
104,new10,n174,fake pearls,clue_object,4,False,False,,,True,True
104,new10,n175,the Opalsons,person,1,False,False,,,False,False
104,new10,n176,a small room,location,2,False,False,,,False,False
104,new10,n177,male and female servants,person,1,True,True,1373,1373,False,False
104,new10,n178,Madame Opalson,person,1,False,False,,,False,False
104,new10,n179,Madame Opalson's room,location,3,False,False,,,True,True
104,new10,n180,Mr. Opalson's room,location,3,True,False,976,,True,True
104,new10,n181,the card in Mr. Opalson's name,clue_object,1,False,False,,,False,False
104,new10,n182,the wastebasket,clue_object,1,False,False,,,False,False
104,new10,n183,Hampstead,location,1,False,False,,,False,False
104,new10,n184,Ascot,location,2,False,False,,,False,True
104,new10,n185,Windsor,location,1,False,False,,,False,False
104,new10,n186,France,location,6,False,False,,,True,True
104,new10,n187,Prime Minister,person,14,False,False,,,True,True
104,new10,n188,O'Neill,person,9,False,False,,,True,True
104,new10,n189,Charing Cross Station,location,2,False,False,,,True,True
104,new10,n190,Governor,person,2,False,False,,,True,True
104,new10,n191,Belgium,location,2,False,False,,,True,True
104,new10,n192,Britain,location,3,True,False,27,,True,True
104,new10,n193,The master,person,2,False,False,,,True,True
104,new10,n194,Daniels,person,1,False,False,,,False,False
104,new10,n195,County Clare,location,1,False,False,,,False,False
104,new10,n196,German spy gathering place,location,2,False,False,,,True,True
104,new10,n197,main road,location,1,False,False,,,False,False
104,new10,n198,he (kidnapper),person,7,False,False,,,True,True
104,new10,n199,Major Norman,person,1,False,False,,,False,False
104,new10,n201,bridge,location,1,False,False,,,False,False
104,new10,n202,side road,location,1,False,False,,,False,False
104,new10,n203,Hounslow Airport,location,1,False,False,,,False,False
104,new10,n204,Norman Major,person,5,False,False,,,True,True
104,new10,n205,Captain Lyle,person,2,False,False,,,True,True
104,new10,n206,secretary,person,2,False,False,,,True,True
104,new10,n207,anesthetic cloth,clue_object,1,False,False,,,False,False
104,new10,n208,kidnapping event,event,8,False,False,,,True,True
104,new10,n209,car,clue_object,3,False,False,,,False,True
104,new10,n210,'Mrs. Everard',person,1,False,False,,,False,False
104,new10,n211,shooting incident,event,1,False,False,,,False,False
104,new10,n212,chloroform,clue_object,1,False,False,,,False,False
104,new10,n213,Apartment 11,location,1,False,False,,,False,False
104,new10,n214,Count Foscarini,person,2,False,False,,,False,True
104,new10,n215,doctor,person,2,False,False,,,False,False
104,new10,n216,elevator attendant,person,1,False,False,,,False,False
104,new10,n217,manager,person,2,False,False,,,False,True
104,new10,n218,third floor,location,2,False,False,,,True,True
104,new10,n219,dining room,location,2,False,False,,,True,True
104,new10,n220,table,clue_object,1,False,False,,,False,False
104,new10,n221,Count Foscarelli,person,1,False,False,,,False,False
104,new10,n222,service elevator,location,1,False,False,,,False,False
104,new10,n223,kitchen on the roof,location,1,False,False,,,False,False
104,new10,n224,upper kitchen,location,1,False,False,,,False,False
104,new10,n225,eight o'clock,time_anchor,0,False,False,,,False,False
104,new10,n226,police officers,person,5,False,False,,,True,True
104,new10,n227,Count,person,4,False,False,,,True,True
104,new10,n228,Mr. Ascanio,person,5,False,False,,,True,True
104,new10,n229,embassy,location,1,False,False,,,False,False
104,new10,n230,this room,location,1,True,False,1194,,False,False
104,new10,n231,the desk,clue_object,2,False,False,,,True,True
104,new10,n232,a will,clue_object,1,False,False,,,False,False
104,new10,n233,the hidden place,location,1,False,False,,,False,False
104,new10,n234,a dirty envelope,clue_object,0,False,False,,,False,False
104,new10,n235,the files in the desk,clue_object,1,False,False,,,False,False
104,new10,n236,some ordinary-looking papers,clue_object,1,False,False,,,False,False
104,new10,n237,the gallows,location,1,False,False,,,False,False
104,new10,n238,Mr. Marsh,person,2,False,False,,,True,True
104,new10,n239,Miss Violet,person,4,False,False,,,True,True
104,new10,n240,Mr. Beak,person,2,False,False,,,True,True
104,new10,n241,Mrs. Beak,person,3,False,False,,,True,True
104,new10,n242,Baker's wife,person,1,False,False,,,False,False
104,new10,n243,Mr. Baker,person,2,False,False,,,False,True
104,new10,n244,the will forms,clue_object,3,False,False,,,False,True
104,new10,n245,the hospital,location,1,False,False,,,False,False
104,new10,n246,a nearby town,location,1,False,False,,,False,False
104,new10,n248,the old master,person,1,False,False,,,False,False
104,new10,n249,Miss Viola,person,0,False,False,,,False,False
104,new10,n250,the workers,person,0,False,False,,,False,False
104,new10,n251,Merton Station,location,1,False,False,,,False,False
104,new10,n252,Great Eastern Railway,location,1,False,False,,,False,False
104,new10,n253,Merton Hall,location,2,False,False,,,False,False
104,new10,n254,the doctor's home,location,2,False,False,,,False,False
104,new10,n255,Liverpool Street,location,1,False,False,,,False,False
104,new10,n256,blackmail letter,clue_object,1,False,False,,,False,False
104,new10,n257,the Masaryk Manor Tragedy,event,2,False,False,,,True,True
104,new10,n258,the manor,location,3,False,False,,,True,True
104,new10,n259,a middle-aged maid,person,1,False,False,,,False,False
104,new10,n261,Elmington,location,1,True,False,769,,False,False
104,new10,n262,a Londoner,person,1,True,False,769,,False,False
104,new10,n263,the intercity station,location,1,True,False,769,,False,False
104,new10,n264,a brown paper package,clue_object,1,True,False,769,,False,False
104,new10,n265,the deceased's family,person,1,False,False,,,False,False
104,new10,n266,Mr. Shaw,person,4,True,True,942,942,True,True
104,new10,n267,Liverpool,location,2,False,False,,,True,True
104,new10,n268,Norman,person,1,False,False,,,False,False
104,new10,n269,travel trunk,clue_object,1,False,False,,,False,False
104,new10,n270,Edith,person,1,False,False,,,False,False
104,new10,n271,O'Flynn,person,0,False,False,,,False,False
104,new10,n272,Dr. Hawk,person,1,False,False,,,False,False
104,new10,n273,telephone,clue_object,1,False,False,,,False,False
104,new10,n274,the man,person,2,False,False,,,True,True
104,new10,n275,two men,person,1,False,False,,,False,False
104,new10,n276,thieves,event,2,False,False,,,False,True
104,new10,n277,The weapon,clue_object,1,False,False,,,False,False
104,new10,n278,A marble statue,clue_object,2,False,False,,,False,False
104,new10,n279,The victim,person,4,False,False,,,False,False
104,new10,n280,Miss Read,person,2,False,False,,,False,False
104,new10,n281,The pathologist,person,1,False,False,,,False,False
104,new10,n282,The inspector,person,1,False,False,,,False,False
104,new10,n283,Baskerville Hall,location,3,False,False,,,True,True
104,new10,n284,The Beakes,person,1,False,False,,,False,False
104,new10,n285,Tandem,location,3,False,False,,,True,True
104,new10,n286,The sofa,clue_object,1,False,False,,,False,False
104,new10,n287,Mr. Haversham,person,7,True,False,706,,True,True
104,new10,n288,Miss Middleton,person,5,True,False,706;784,,True,True
104,new10,n289,the young widow,person,1,False,False,,,False,False
104,new10,n290,the first-class carriage of the Midland train,clue_object,1,False,False,,,False,False
104,new10,n291,Mr. Dodge,person,5,False,False,,,True,True
104,new10,n292,Tuesday morning,time_anchor,1,False,False,,,False,False
104,new10,n293,the deceased,person,3,False,False,,,True,True
104,new10,n294,Italy,location,1,False,False,,,False,False
104,new10,n295,the money,clue_object,3,False,False,,,True,True
104,new10,n296,small Italian paper bills,clue_object,1,False,False,,,False,False
104,new10,n297,the incriminating documents,clue_object,1,False,False,,,False,False
104,new10,n298,the following day at eleven o'clock,time_anchor,0,False,False,,,False,False
104,new10,n299,Madame Maltravers,person,2,False,False,,,True,True
104,new10,n301,Christian Science Church,location,1,False,False,,,False,False
104,new10,n302,midnight,time_anchor,2,False,False,,,True,True
104,new10,n303,the coal elevator,location,2,False,False,,,True,True
104,new10,n304,the storm,event,1,False,False,,,False,False
104,new10,n305,suicide in a unique way,event,2,False,False,,,True,True
104,new10,n306,murder in a unique way,event,2,False,False,,,True,True
104,new10,n307,mini-comedy,event,1,False,False,,,False,False
104,new10,n308,Blake's story,evidence_sentence,2,False,False,,,True,True
104,new10,n309,Dr. Eames,person,3,True,False,976,,True,True
104,new10,n310,Hassan,person,4,False,False,,,True,True
104,new10,n311,Mrs. Uppalson,person,1,False,False,,,False,False
104,new10,n312,Mr. Uppalson,person,1,False,False,,,False,False
104,new10,n313,chamomile tea,clue_object,2,False,False,,,True,True
104,new10,n314,bottle,clue_object,2,False,False,,,True,True
104,new10,n315,camp,location,2,False,False,,,True,True
104,new10,n316,tent,location,4,False,False,,,True,True
104,new10,n317,marble floor,location,1,False,False,,,False,False
104,new10,n318,these thieves,person,1,False,False,,,False,False
104,new10,n319,this door,location,1,False,False,,,False,False
104,new10,n320,the Chinese man's robe,clue_object,1,False,False,,,False,False
104,new10,n321,a piece of silk,clue_object,1,False,False,,,False,False
104,new10,n322,Mr. Hoffburg,person,1,False,False,,,False,False
104,new10,n323,the nobleman,person,1,True,False,61;69;76,,False,False
104,new10,n324,the study,location,3,False,False,,,True,True
104,new10,n325,Mr. Martindale,person,1,False,False,,,False,False
104,new10,n326,Alfred Wright,person,0,False,False,,,False,False
104,new10,n327,heart failure,clue_object,2,False,False,,,False,True
104,new10,n328,bleeding symptoms,clue_object,1,False,False,,,False,False
104,new10,n329,community doctor,person,1,False,False,,,False,False
104,new10,n330,real estate agent,person,2,False,False,,,True,True
104,new10,n331,"Third floor, number four",location,3,False,False,,,True,True
104,new10,n332,washroom door,clue_object,4,False,False,,,True,True
104,new10,n333,latch mechanism,clue_object,2,False,False,,,True,True
104,new10,n334,apartment four,location,2,False,False,,,True,True
104,new10,n335,black-skinned man,person,2,False,False,,,True,True
104,new10,n336,wife,person,2,True,False,84,,True,True
104,new10,n337,hunting lodge,location,1,True,False,706,,False,False
104,new10,n338,Elmerdale,location,3,False,False,,,True,True
104,new10,n339,Mrs. Haverling,person,1,False,False,,,False,False
104,new10,n340,London agency,location,2,True,False,784,,True,True
104,new10,n341,Mr. Harlington-Peace,person,1,False,False,,,False,False
104,new10,n342,nephew of Harrington Pace,person,1,True,False,792,,False,False
104,new10,n343,Roger Hargreaves,person,3,False,False,,,True,True
104,new10,n344,Mrs. Hargreaves,person,2,False,False,,,True,True
104,new10,n345,man with the black beard,person,1,False,False,,,False,False
104,new10,n346,6:15,time_anchor,1,False,False,,,False,False
104,new10,n347,shot fired incident,event,4,False,False,,,True,True
104,new10,n348,doctor's examination finding,evidence_sentence,1,False,False,,,False,False
104,new10,n349,Lady Haverford,person,3,False,False,,,True,True
104,new10,n350,Shakespeare,person,1,False,False,,,False,False
104,new10,n351,Ealing,location,2,False,False,,,True,True
104,new10,n352,Lady Haverford's wife,person,3,True,True,806,806,True,True
104,new10,n353,the club,location,1,True,True,764;806,806,False,False
104,new10,n354,intercity train,clue_object,1,True,True,806,806,False,False
104,new10,n355,Hargreaves couple,person,0,False,False,,,False,False
104,new10,n356,Miss Fairclough,person,0,False,False,,,False,False
104,new10,n357,Miss Fargus,person,1,False,False,,,False,False
104,new10,n358,sealed package,clue_object,4,False,False,,,True,True
104,new10,n359,trunk,clue_object,1,False,False,,,False,False
104,new10,n360,sea,location,4,True,False,706;908;976;987,,True,True
104,new10,n361,Paris,location,0,False,False,,,False,False
104,new10,n362,plane crash,event,0,False,False,,,False,False
104,new10,n363,justice served,event,0,False,False,,,False,False
104,new10,n364,Sir John Willard,person,3,False,False,,,False,True
104,new10,n365,Mr. Brier,person,3,False,False,,,True,True
104,new10,n366,Lady Willard,person,2,False,False,,,False,True
104,new10,n367,Kensington Square,location,1,False,False,,,False,False
104,new10,n368,a spare key,clue_object,2,True,True,942,942,True,True
104,new10,n369,the theft issue,event,1,False,False,,,False,False
104,new10,n370,a heart attack,event,1,False,False,,,False,False
104,new10,n371,acute septicemia,event,1,False,False,,,False,False
104,new10,n372,the person in the adjoining cabin,person,4,False,False,,,True,True
104,new10,n373,a ship,location,1,False,False,,,False,False
104,new10,n374,Mrs. Willard,person,1,False,False,,,False,False
104,new10,n375,son,person,1,False,False,,,False,False
104,new10,n376,Husband of Mrs. Willard,person,4,True,False,71,,True,True
104,new10,n377,Dr. Toswell,person,1,True,False,976,,False,False
104,new10,n379,American secretary,person,8,True,False,976,,True,True
104,new10,n380,Egyptology,event,2,False,False,,,True,True
104,new10,n381,Expedition,event,5,False,False,,,True,True
104,new10,n382,British Museum,location,1,True,False,976,,False,False
104,new10,n383,Metropolitan Museum of Art in New York,location,1,True,False,976,,False,False
104,new10,n384,British Prime Minister David McAdam,person,1,False,False,,,False,False
104,new10,n385,business card,clue_object,1,False,False,,,False,False
104,new10,n386,small table,location,1,False,False,,,False,False
104,new10,n387,empty room,location,1,False,False,,,False,False
104,new10,n388,assassination attempt on British Prime Minister David McAdam,event,2,False,False,,,True,True
104,new10,n389,waiters (male and female),person,4,False,False,,,True,True
104,new10,n390,crime,event,1,False,False,,,False,False
104,new10,n391,Mr. Dodd,person,2,False,False,,,True,True
104,new10,n392,Lord Eustace,person,2,False,False,,,True,True
104,new10,n393,Allied Conference,event,2,False,False,,,True,True
104,new10,n394,Tomorrow evening at nine o'clock,time_anchor,1,False,False,,,False,False
104,new10,n395,young officer,person,1,False,False,,,False,False
104,new10,n396,Lord Esterle,person,1,False,False,,,False,False
104,new10,n397,abandoned farm in C,location,1,False,False,,,False,False
104,new10,n398,Secretary Daniels,person,3,False,False,,,True,True
104,new10,n399,Lavette,clue_object,1,False,False,,,False,False
104,new10,n400,engine,clue_object,1,False,False,,,False,False
104,new10,n401,deck,location,1,False,False,,,False,False
104,new10,n402,Bremen,location,2,False,False,,,True,True
104,new10,n403,Bath Road,location,1,False,False,,,False,False
104,new10,n404,Hammersmith,location,1,False,False,,,False,False
104,new10,n405,Richmond,location,1,False,False,,,False,False
104,new10,n406,Brentford,location,1,False,False,,,False,False
104,new10,n407,Daniels' aunt,person,1,False,False,,,False,False
104,new10,n408,Norman's special pass,clue_object,1,False,False,,,False,False
104,new10,n409,Mr. Lovett,person,3,False,False,,,True,True
104,new10,n410,the safe,clue_object,2,True,False,246,,True,True
104,new10,n411,the station,location,1,False,False,,,False,False
104,new10,n412,Mr. Davinheim,person,3,False,False,,,True,True
104,new10,n413,Mrs. Davinheim,person,2,False,False,,,True,True
104,new10,n414,Billy Kelly,person,4,False,False,,,True,True
104,new10,n415,Borough Street,location,1,False,False,,,False,False
104,new10,n416,Uncle Andrew,person,3,False,False,,,True,True
104,new10,n417,Australia,location,1,False,False,,,False,False
104,new10,n418,Chateau de Grebavy,location,3,False,False,,,True,True
104,new10,n419,prison,location,2,False,False,,,True,True
104,new10,n420,Mrs. Harvell,person,1,False,False,,,False,False
104,new10,n421,London police officer,person,1,False,False,,,False,False
104,new10,n422,London and Northwestern Railway,location,2,False,False,,,False,True
104,new10,n423,ocean liner,clue_object,1,False,False,,,False,False
104,new10,n424,Grand Metropole Hotel,location,0,False,False,,,False,False
104,new10,n425,twenty-third,time_anchor,0,False,False,,,False,False
104,new10,n426,eleven o'clock,time_anchor,0,False,False,,,False,False
104,new10,n427,friend of Poirot's who had sailed for New York on the twenty-third,person,0,False,False,,,False,False
104,new10,n428,Openshawes,person,1,False,False,,,False,False
104,new10,n429,Daventry,person,2,False,False,,,False,True
104,new10,n430,Davinheim Bank,location,1,False,False,,,False,False
104,new10,n431,dawn,time_anchor,1,False,False,,,False,False
104,new10,n432,young woman,person,2,False,False,,,False,True
104,new10,n433,niece,person,2,False,False,,,True,True
104,new10,n434,Miss Marple's diamond,clue_object,1,False,False,,,False,False
104,new10,n435,Elmdale Station,location,0,False,False,,,False,False
104,new10,n436,gray stone house,location,0,False,False,,,False,False
104,new10,n437,stair railing,clue_object,1,False,False,,,False,False
104,new10,n438,downstairs,location,1,False,False,,,False,False
104,new10,n439,charitable institutions,location,2,False,False,,,True,True
104,new10,n440,Mr. Davenheim,person,0,False,False,,,False,False
104,new10,n441,Mr. Lovering,person,2,False,False,,,False,True
104,new10,n442,Mrs. Davernham,person,1,False,False,,,False,False
104,new10,n443,Loraine,person,2,False,False,,,True,True
104,new10,n444,Mr. Daventry,person,3,False,False,,,True,True
104,new10,n445,Lovett,person,1,False,False,,,False,False
104,new10,n446,Miller,person,1,False,False,,,False,False
104,new10,n447,Davenheim matter,event,1,False,False,,,False,False
104,new10,n448,bank deposits,clue_object,1,False,False,,,False,False
104,new10,n449,convict testimony,evidence_sentence,1,False,False,,,False,False
104,new10,n450,Davenheim couple,person,0,False,False,,,False,False
104,new10,n451,lake,location,1,False,False,,,False,False
104,new10,n452,hill,location,1,False,False,,,False,False
104,new10,n453,lime kiln,clue_object,3,False,False,,,True,True
104,new10,n454,ring,clue_object,4,False,False,,,True,True
104,new10,n455,sand,location,1,False,False,,,False,False
104,new10,n456,Brussels,location,1,False,False,,,False,False
104,new10,n457,pyramids,location,2,False,False,,,True,True
104,new10,n458,archaeological dig site,location,1,False,False,,,False,False
104,new10,n459,Toswell,person,4,False,False,,,True,True
104,new10,n460,Willard,person,5,False,False,,,True,True
104,new10,n461,tetanus,clue_object,4,False,False,,,True,True
104,new10,n462,large tent,location,4,False,False,,,True,True
104,new10,n463,strychnine poisoning,clue_object,2,False,False,,,True,True
104,new10,n464,antitoxin serum,clue_object,3,False,False,,,True,True
104,new10,n465,Cairo,location,4,False,False,,,True,True
104,new10,n466,septicemia,clue_object,3,False,False,,,True,True
104,new10,n467,heart disease,clue_object,3,False,False,,,True,True
104,new10,n468,Dr. Tosswell,person,1,False,False,,,False,False
104,new10,n469,Sir Guy,person,1,False,False,,,False,False
104,new10,n470,Bello,person,1,False,False,,,False,False
104,new10,n471,Mena House Hotel,location,3,False,False,,,True,True
104,new10,n472,desert,location,1,False,False,,,False,False
104,new10,n473,lecture,event,1,False,False,,,False,False
105,new10,n1,White-Haired Man,person,5,False,False,,,True,True
105,new10,n2,Kresnin,person,3,False,False,,,True,True
105,new10,n3,Olga Dmitrovna,person,4,False,False,,,True,True
105,new10,n4,American,person,14,False,False,,,True,True
105,new10,n5,living room,location,1,False,False,,,False,False
105,new10,n6,street,location,1,False,False,,,False,False
105,new10,n7,glove,clue_object,1,False,False,,,False,False
105,new10,n8,paper package,clue_object,6,False,False,,,True,True
105,new10,n9,deal,event,1,False,False,,,False,False
105,new10,n10,wallet,clue_object,0,False,False,,,False,False
105,new10,n11,money,clue_object,5,False,False,,,True,True
105,new10,n12,room,location,1,True,False,3089,,False,False
105,new10,n13,table,location,1,False,False,,,False,False
105,new10,n14,She,person,14,False,False,,,True,True
105,new10,n15,the Count,person,0,False,False,,,False,False
105,new10,n16,the Marquis,person,0,False,False,,,False,False
105,new10,n17,Baron,person,1,False,False,,,False,False
105,new10,n18,Zia,person,6,False,False,,,True,True
105,new10,n19,Earl,person,3,False,False,,,True,True
105,new10,n21,Zhiya,person,4,False,False,,,True,True
105,new10,n22,Rufus von Alten,person,3,True,False,1857,,True,True
105,new10,n23,Savoy Hotel,location,6,False,False,,,True,True
105,new10,n24,London,location,8,False,False,,,True,True
105,new10,n26,ruby,clue_object,2,False,False,,,True,True
105,new10,n27,wig,clue_object,1,True,False,2723,,False,False
105,new10,n28,keyhole,clue_object,1,False,False,,,False,False
105,new10,n29,suite upstairs,location,1,False,False,,,False,False
105,new10,n30,reception desk,location,1,False,False,,,False,False
105,new10,n31,Rufus Vandernoot,person,3,False,False,,,True,True
105,new10,n32,Mr. von Altenberg,person,1,False,False,,,False,False
105,new10,n33,Nayton,person,46,False,False,,,True,True
105,new10,n34,Neidt,person,3,True,True,3192,3192,True,True
105,new10,n35,Switzerland,location,2,True,False,164;2555,,True,True
105,new10,n36,England,location,1,False,False,,,False,False
105,new10,n37,letter folder,clue_object,1,False,False,,,False,False
105,new10,n38,suites,location,1,False,False,,,False,False
105,new10,n39,personal secretary position,event,1,True,False,164,,False,False
105,new10,n41,Ruth,person,27,True,True,209;816;3217,3217,True,True
105,new10,n42,Neithon,person,1,False,False,,,False,False
105,new10,n43,the letter,clue_object,8,False,False,,,True,True
105,new10,n44,the gems,clue_object,0,False,False,,,False,False
105,new10,n45,Flame Heart,clue_object,33,False,False,,,True,True
105,new10,n46,Catherine the Great,person,1,False,False,,,False,False
105,new10,n48,Derek Kettling,person,0,False,False,,,False,False
105,new10,n49,Fünke Alting,person,0,False,False,,,False,False
105,new10,n50,Kensington Street,location,1,False,False,,,False,False
105,new10,n51,secretary,person,4,False,False,,,True,True
105,new10,n52,Mirella,person,9,True,False,217,,True,True
105,new10,n53,Divorce,event,2,False,False,,,True,True
105,new10,n54,Von Adler,person,0,True,True,1390;3217,3217,False,False
105,new10,n55,Paris,location,12,True,True,449;1041;1160;3192;3194;3204,3192;3194;3204,True,True
105,new10,n56,lawsuit,event,2,False,False,,,True,True
105,new10,n57,public opinion,evidence_sentence,2,False,False,,,True,True
105,new10,n58,gift from Paris,clue_object,1,False,False,,,False,False
105,new10,n59,dinner time,time_anchor,1,False,False,,,False,False
105,new10,n60,jewelry,clue_object,3,True,True,3204,3204,True,True
105,new10,n61,women who had worn this gem before,person,1,False,False,,,False,False
105,new10,n62,"tragedies, despair, and jealousy",event,1,False,False,,,False,False
105,new10,n63,evil power,evidence_sentence,1,False,False,,,False,False
105,new10,n64,transaction,event,1,False,False,,,False,False
105,new10,n65,secret,evidence_sentence,1,True,True,3217,3217,False,False
105,new10,n66,trinkets,clue_object,1,False,False,,,False,False
105,new10,n67,outer wrapping paper,clue_object,1,False,False,,,False,False
105,new10,n68,box,clue_object,1,False,False,,,False,False
105,new10,n69,chest,location,1,False,False,,,False,False
105,new10,n70,shoulder,location,1,False,False,,,False,False
105,new10,n71,hand,location,1,False,False,,,False,False
105,new10,n72,Riviera,location,3,False,False,,,True,True
105,new10,n73,bank,location,1,False,False,,,False,False
105,new10,n74,Mr. Goby,person,0,False,False,,,False,False
105,new10,n75,Von Alding,person,26,True,True,164;209;443;1390;1857;2135;3202;3217,3202;3217,True,True
105,new10,n77,Kittling,person,5,True,True,209;816;1857;3217,3217,False,True
105,new10,n78,Mrs. Hafeed,person,1,False,False,,,False,False
105,new10,n80,Mrs. Hargreaves,person,7,False,False,,,True,True
105,new10,n81,Katherine,person,12,True,True,1006;1913;2891;3202,3202,True,True
105,new10,n82,Dr. Harrison,person,2,False,False,,,False,True
105,new10,n83,Mrs. Samir,person,1,False,False,,,False,False
105,new10,n84,Hargreaves household,location,2,False,False,,,True,True
105,new10,n85,breakfast table,location,1,False,False,,,False,False
105,new10,n86,letter from Mrs. Hargreaves' relatives,clue_object,0,False,False,,,False,False
105,new10,n87,the doctor,person,3,False,False,,,True,True
105,new10,n88,Mottlau Company,location,1,False,False,,,False,False
105,new10,n89,distant relatives of Mr. Hargrave's,person,1,False,False,,,False,False
105,new10,n90,Catherine,person,100,False,False,,,True,True
105,new10,n91,Johnny,person,3,False,False,,,True,True
105,new10,n92,Polly,person,4,False,False,,,True,True
105,new10,n93,woman,person,7,False,False,,,True,True
105,new10,n94,future plans,event,2,False,False,,,True,True
105,new10,n95,attire,clue_object,1,False,False,,,False,False
105,new10,n96,Jane Harrison,person,1,False,False,,,False,False
105,new10,n97,Charlie,person,2,False,False,,,False,True
105,new10,n98,milk shop girl,person,1,False,False,,,False,False
105,new10,n99,Miss Gray,person,0,True,True,3217,3217,False,False
105,new10,n100,village,location,2,False,False,,,True,True
105,new10,n101,Daily Mail Paris edition,clue_object,1,False,False,,,False,False
105,new10,n102,Lady Temple,person,2,True,False,2891,,False,True
105,new10,n103,Mediterranean,location,2,False,False,,,False,True
105,new10,n104,Daily Mail,clue_object,2,False,False,,,False,True
105,new10,n105,Mrs. Templin,person,3,False,False,,,True,True
105,new10,n106,Miss Leonora,person,2,False,False,,,True,True
105,new10,n107,Greys,location,3,False,False,,,True,True
105,new10,n108,Worcestershire,location,1,False,False,,,False,False
105,new10,n109,Edgeworth,location,2,False,False,,,True,True
105,new10,n110,Lenois,person,2,False,False,,,False,True
105,new10,n111,husband,person,1,True,True,868,868,False,False
105,new10,n112,Chubb,person,1,False,False,,,False,False
105,new10,n113,Mrs. Samir Hafeez,person,1,False,False,,,False,False
105,new10,n114,Chapter 9: Refusing Bribes,event,1,False,False,,,False,False
105,new10,n115,the war,event,2,False,False,,,True,True
105,new10,n116,your father,event,1,False,False,,,False,False
105,new10,n117,the letter from Miss Templeton,evidence_sentence,1,False,False,,,False,False
105,new10,n118,a four-page letter,evidence_sentence,2,False,False,,,False,True
105,new10,n119,the staff,person,1,False,False,,,False,False
105,new10,n120,Derek Kittling,person,0,True,True,1857;3217,3217,False,False
105,new10,n121,Nice,location,9,False,False,,,True,True
105,new10,n122,The 'Blue Express',event,3,False,False,,,True,True
105,new10,n123,the servant,person,0,False,False,,,False,False
105,new10,n124,the office,location,1,False,False,,,False,False
105,new10,n125,Cook's Travel Agency,location,3,False,False,,,True,True
105,new10,n126,Derek,person,2,False,False,,,True,True
105,new10,n128,city,location,3,False,False,,,True,True
105,new10,n129,train,clue_object,0,True,True,816;1041;1246;2110;2213;3202;3204,3202;3204,False,False
105,new10,n131,Mason,person,3,False,False,,,True,True
105,new10,n132,the maid,person,0,True,True,2213;3202,3202,False,False
105,new10,n134,the makeup bag,clue_object,1,False,False,,,False,False
105,new10,n135,the blanket,clue_object,1,False,False,,,False,False
105,new10,n136,newspapers and magazines,clue_object,1,False,False,,,False,False
105,new10,n137,next month,time_anchor,1,False,False,,,False,False
105,new10,n138,two minutes later,time_anchor,1,False,False,,,False,False
105,new10,n139,Victoria Station,location,1,False,False,,,False,False
105,new10,n140,the gentleman who bid me farewell at the station,person,2,True,True,868,868,True,True
105,new10,n141,lunch,event,2,False,False,,,True,True
105,new10,n142,the compartment,location,8,False,False,,,True,True
105,new10,n143,telegram,clue_object,3,False,False,,,True,True
105,new10,n144,the lady in the fur coat,person,2,False,False,,,True,True
105,new10,n145,the stewardess,person,3,True,True,3202;3204,3202;3204,True,True
105,new10,n146,a man,person,4,False,False,,,True,True
105,new10,n147,her watch,clue_object,1,False,False,,,False,False
105,new10,n148,a compartment door,clue_object,2,False,False,,,True,True
105,new10,n149,Mr. Evans,person,1,False,False,,,False,False
105,new10,n150,Monsieur K,person,1,False,False,,,False,False
105,new10,n151,the lady who had lunch with you yesterday,person,0,False,False,,,False,False
105,new10,n152,the compartment door,clue_object,1,True,True,1246;3204,3204,False,False
105,new10,n153,a train car parked on a side track,location,1,False,False,,,False,False
105,new10,n154,police commissioner,person,4,False,False,,,True,True
105,new10,n156,Mrs. Trumbull,person,2,False,False,,,True,True
105,new10,n157,Ms. Reynolds,person,1,False,False,,,False,False
105,new10,n158,Leona,person,1,False,False,,,False,False
105,new10,n159,upper floor,location,1,False,False,,,False,False
105,new10,n160,upper class,event,1,False,False,,,False,False
105,new10,n161,Kaitlin,person,19,False,False,,,True,True
105,new10,n162,Blue Racer,location,0,False,False,,,False,False
105,new10,n163,dinner table,location,1,False,False,,,False,False
105,new10,n164,Mrs. Catheline,person,2,False,False,,,True,True
105,new10,n165,Louise,person,1,False,False,,,False,False
105,new10,n167,the butler,person,0,False,False,,,False,False
105,new10,n168,Ada Mason,person,23,True,True,3192;3194,3192;3194,True,True
105,new10,n169,Mr. Von Arding,person,6,True,False,3089,,True,True
105,new10,n170,Mr. Carnegie,person,7,False,False,,,True,True
105,new10,n171,Lyon station,location,12,True,False,1041;1246,,True,True
105,new10,n172,the mistress,person,4,False,False,,,True,True
105,new10,n173,the case,event,3,False,False,,,True,True
105,new10,n174,Ritz Hotel,location,4,True,True,1160;1246;3192,3192,True,True
105,new10,n175,red box,clue_object,7,True,True,3204,3204,True,True
105,new10,n176,platform,location,3,True,False,1246,,True,True
105,new10,n179,robberies abroad,event,1,False,False,,,False,False
105,new10,n180,record,clue_object,1,False,False,,,False,False
105,new10,n181,Miss Mason's testimony about the gems,evidence_sentence,1,False,False,,,False,False
105,new10,n182,Von Arding's warning,evidence_sentence,1,False,False,,,False,False
105,new10,n183,Letter found in handbag,evidence_sentence,1,False,False,,,False,False
105,new10,n184,Von Adler reading the letter,evidence_sentence,1,False,False,,,False,False
105,new10,n185,Mr. von Alting,person,0,True,True,3202,3202,False,False
105,new10,n186,Count de Rocher,person,55,True,True,3192;3217,3192;3217,True,True
105,new10,n187,jewels,clue_object,0,False,False,,,False,False
105,new10,n188,letters,clue_object,1,False,False,,,False,False
105,new10,n189,police chief,person,1,False,False,,,False,False
105,new10,n190,Poirot,person,62,True,False,1943;2213,,True,True
105,new10,n191,Count Roger,person,4,True,False,547,,True,True
105,new10,n193,the gem,clue_object,1,False,False,,,False,False
105,new10,n194,the steward,person,6,True,True,3202;3204,3202;3204,True,True
105,new10,n195,the magistrate,person,1,False,False,,,False,False
105,new10,n196,Lady Katherines',person,1,False,False,,,False,False
105,new10,n197,Count Rostov,person,2,True,True,443;3192;3217,3192;3217,True,True
105,new10,n198,Chief Inspector,person,3,False,False,,,True,True
105,new10,n199,Derek Kelling,person,1,False,False,,,False,False
105,new10,n200,Mireille,person,2,True,False,217,,True,True
105,new10,n201,Mr. Cox,person,1,False,False,,,False,False
105,new10,n202,Mr. Kaitlin,person,2,False,False,,,True,True
105,new10,n203,the Blue Train,clue_object,23,True,True,3192,3192,True,True
105,new10,n204,the victim,person,1,False,False,,,False,False
105,new10,n205,Miss Mireille,person,3,True,True,961;1041;2117;3202,3202,True,True
105,new10,n206,lawyer,clue_object,1,False,False,,,False,False
105,new10,n207,Major Nayton,person,3,True,True,3183,3183,True,True
105,new10,n208,son-in-law,person,4,False,False,,,True,True
105,new10,n209,the red car,clue_object,2,False,False,,,True,True
105,new10,n210,the post office,location,2,False,False,,,True,True
105,new10,n211,small paper package,clue_object,1,False,False,,,False,False
105,new10,n212,her wife's death,event,2,True,False,1390,,True,True
105,new10,n213,ten thousand pounds in cash,evidence_sentence,3,False,False,,,True,True
105,new10,n214,fate,time_anchor,1,False,False,,,False,False
105,new10,n215,Mr. Derek Ketlin,person,4,False,False,,,True,True
105,new10,n216,von Adler's apartment,location,3,True,True,1390;3217,3217,True,True
105,new10,n217,Miss Temple's,location,2,False,False,,,True,True
105,new10,n218,Lyon,location,0,False,False,,,False,False
105,new10,n219,Count de Rochefort's alibi,evidence_sentence,2,False,False,,,True,True
105,new10,n220,the car,clue_object,2,False,False,,,True,True
105,new10,n221,Ned,person,1,False,False,,,False,False
105,new10,n223,the lady herself,person,3,False,False,,,True,True
105,new10,n224,Ketton,location,1,False,False,,,False,False
105,new10,n225,blue leather cigarette case,clue_object,4,True,False,1913,,True,True
105,new10,n226,gold letter 'K',clue_object,1,False,False,,,False,False
105,new10,n227,another cigarette case,clue_object,1,False,False,,,False,False
105,new10,n228,Papadimos,person,13,True,False,1943;2064,,True,True
105,new10,n229,Monte Carlo,location,4,True,True,3217,3217,True,True
105,new10,n230,Menton,location,2,False,False,,,True,True
105,new10,n231,Paris office of a small newspaper,location,1,False,False,,,False,False
105,new10,n232,residence,location,1,True,True,3192,3192,False,False
105,new10,n233,road,location,1,False,False,,,False,False
105,new10,n235,Mr. Polo,person,4,False,False,,,True,True
105,new10,n237,Mrs. Kettering,person,0,False,False,,,False,False
105,new10,n238,Coburn Street,location,1,False,False,,,False,False
105,new10,n239,the park,location,1,True,True,3217,3217,False,False
105,new10,n240,Anne,person,1,False,False,,,False,False
105,new10,n241,the telegram's true content,evidence_sentence,1,False,False,,,False,False
105,new10,n242,Mr. Ketterling,person,0,True,False,2102,,False,False
105,new10,n243,master,person,1,False,False,,,False,False
105,new10,n244,Mr. Katin,person,2,True,False,2110,,True,True
105,new10,n245,Mrs. Katin,person,5,True,True,2110;3202;3204,3202;3204,True,True
105,new10,n246,Mr. Kettering,person,4,True,False,2117,,True,True
105,new10,n247,tennis court,location,2,False,False,,,True,True
105,new10,n248,daughter's box,location,1,False,False,,,False,False
105,new10,n249,theft case,event,1,False,False,,,False,False
105,new10,n250,someone who can help him with the gems - the person I pointed out to you on the tennis court.,evidence_sentence,2,False,False,,,True,True
105,new10,n251,the killer of Ruth,evidence_sentence,1,False,False,,,False,False
105,new10,n252,a car,clue_object,1,False,False,,,False,False
105,new10,n253,George,person,3,False,False,,,False,True
105,new10,n254,home,location,2,False,False,,,True,True
105,new10,n255,Lord Roxburgh,person,1,False,False,,,False,False
105,new10,n256,France,location,2,False,False,,,True,True
105,new10,n257,extortion,event,1,False,False,,,False,False
105,new10,n258,hotel,location,5,True,False,3089,,True,True
105,new10,n259,police station,location,2,False,False,,,True,True
105,new10,n260,business card,clue_object,1,False,False,,,False,False
105,new10,n262,British woman,person,1,False,False,,,False,False
105,new10,n263,her hotel,location,1,True,True,1160;3192,3192,False,False
105,new10,n264,Mr. Ketling,person,9,False,False,,,True,True
105,new10,n265,wife's compartment,location,1,False,False,,,False,False
105,new10,n266,magistrate's office,location,5,False,False,,,True,True
105,new10,n267,Carnegie,person,2,False,False,,,True,True
105,new10,n268,Mrs. Gray,person,2,False,False,,,True,True
105,new10,n269,statement,clue_object,1,False,False,,,False,False
105,new10,n270,papers,clue_object,2,False,False,,,True,True
105,new10,n271,Duke of Devises,person,1,False,False,,,False,False
105,new10,n272,Eton,location,0,False,False,,,False,False
105,new10,n273,hot chocolate,clue_object,2,False,False,,,False,True
105,new10,n274,coffee table,location,1,False,False,,,False,False
105,new10,n275,sofa,location,1,False,False,,,False,False
105,new10,n276,Miss Papadopoulou,person,1,False,False,,,False,False
105,new10,n277,Miss Papadopoulou's villa,location,2,False,False,,,True,True
105,new10,n278,the wife of Mr. Ketling,person,1,True,False,1390;2110,,False,False
105,new10,n279,the train ride,event,1,False,False,,,False,False
105,new10,n280,the inheritance claim,evidence_sentence,1,False,False,,,False,False
105,new10,n282,Miss Mirah,person,1,False,False,,,False,False
105,new10,n284,cigarette case with the initial K,clue_object,2,False,False,,,False,True
105,new10,n285,the lady's compartment,location,3,True,True,3202,3202,True,True
105,new10,n286,Katin's compartment,location,1,True,False,2110,,False,False
105,new10,n287,medical examiner's conclusions,evidence_sentence,3,False,False,,,True,True
105,new10,n288,the other person,person,4,False,False,,,True,True
105,new10,n289,Antonio Pileggi,person,2,False,False,,,True,True
105,new10,n290,a week,time_anchor,2,False,False,,,True,True
105,new10,n291,ten days,time_anchor,2,False,False,,,True,True
105,new10,n292,your lost things,clue_object,1,False,False,,,False,False
105,new10,n293,Miss Zhiya,person,0,False,False,,,False,False
105,new10,n294,Reno,person,2,False,False,,,True,True
105,new10,n295,Jane,person,1,False,False,,,False,False
105,new10,n296,Miss Templin,person,1,False,False,,,False,False
105,new10,n297,newspaper,clue_object,1,False,False,,,False,False
105,new10,n298,letter from her old friend,clue_object,1,False,False,,,False,False
105,new10,n299,Mary,person,5,False,False,,,True,True
105,new10,n300,morning,time_anchor,1,True,False,961;1041,,False,False
105,new10,n301,police,person,3,False,False,,,True,True
105,new10,n302,Ipolite Flavell,person,8,False,False,,,True,True
105,new10,n303,tavern,location,1,False,False,,,False,False
105,new10,n304,kitchen,location,3,False,False,,,True,True
105,new10,n305,stranger in the tavern,event,1,False,False,,,False,False
105,new10,n306,her compartment,location,2,True,False,961;1041;1921,,True,True
105,new10,n307,murder,event,2,False,False,,,True,True
105,new10,n308,young man,person,1,False,False,,,False,False
105,new10,n309,Miss Vaina,person,3,False,False,,,False,True
105,new10,n310,Mr. Joseph Allens,person,12,False,False,,,True,True
105,new10,n311,Miss Kid,person,1,False,False,,,False,False
105,new10,n312,steak,clue_object,1,False,False,,,False,False
105,new10,n313,apple pie,clue_object,1,False,False,,,False,False
105,new10,n314,ice cream,clue_object,1,False,False,,,False,False
105,new10,n315,cheese,clue_object,1,False,False,,,False,False
105,new10,n316,French trinkets,clue_object,1,False,False,,,False,False
105,new10,n317,omelets,clue_object,1,False,False,,,False,False
105,new10,n318,pheasant,clue_object,1,False,False,,,False,False
105,new10,n319,beer,clue_object,1,False,False,,,False,False
105,new10,n320,pudding,clue_object,1,False,False,,,False,False
105,new10,n322,Allen,person,1,False,False,,,False,False
105,new10,n323,stage,clue_object,1,False,False,,,False,False
105,new10,n324,wife,person,1,False,False,,,False,False
105,new10,n325,Mr. Allens,person,1,False,False,,,False,False
105,new10,n326,young Carrington,person,2,False,False,,,True,False
105,new10,n327,Carrington's wife,person,2,True,False,1390;2110,,True,False
105,new10,n328,necklace,clue_object,1,False,False,,,False,False
105,new10,n329,two and a half years,time_anchor,1,False,False,,,False,False
105,new10,n330,prison,location,2,False,False,,,True,False
105,new10,n331,Russian ambassador,person,1,False,False,,,False,False
105,new10,n333,theater manager,person,1,False,False,,,False,False
105,new10,n334,famous doctor,person,1,False,False,,,False,False
105,new10,n335,the robbery and murder,event,1,False,False,,,False,False
105,new10,n336,the sale of the Von Altringer gem,event,1,False,False,,,False,False
105,new10,n337,the trade,event,1,False,False,,,False,False
105,new10,n338,killer,person,2,False,False,,,True,True
105,new10,n339,St. Mary Mead village,location,1,False,False,,,False,False
105,new10,n340,Mr. Fong Alten,person,2,False,False,,,True,True
105,new10,n341,south of France,location,1,False,False,,,False,False
105,new10,n342,Kitty Kid,person,0,True,True,3202,3202,False,False
105,new10,n343,Edith Mason,person,11,True,True,3202;3204,3202;3204,True,True
105,new10,n344,crime,event,3,False,False,,,True,True
105,new10,n345,Derek Kertling,person,2,True,True,3192,3192,True,True
105,new10,n346,Yorkshire,location,1,True,True,3192,3192,False,False
105,new10,n347,jewel heist,event,2,True,True,3192,3192,False,True
105,new10,n348,the figure she saw,clue_object,2,True,True,3192,3192,True,True
105,new10,n350,the corpse,clue_object,1,True,True,3202,3202,False,False
105,new10,n351,Miss Katherine Grey,person,1,True,True,3202,3202,False,False
105,new10,n352,Eleven o'clock,time_anchor,1,False,False,,,False,False
105,new10,n353,dining car,location,1,False,False,,,False,False
105,new10,n354,Mr. Derek Kateley,person,2,False,False,,,True,True
105,new10,n355,Piccadilly Street,location,1,False,False,,,False,False
105,new10,n356,receptionist,person,1,False,False,,,False,False
105,new10,n357,Mrs. Trumpin,person,3,False,False,,,True,True
105,new10,n358,Leno,person,2,False,False,,,True,True
105,new10,n359,Archer,person,1,False,False,,,False,False
105,new10,n360,Nice Police Station,location,1,False,False,,,False,False
105,new10,n361,Canning Street,location,1,False,False,,,False,False
105,new10,n362,Deceased Lady,person,0,False,False,,,False,False
105,new10,n363,gray car,clue_object,0,False,False,,,False,False
105,new10,n364,report writing plan,event,2,False,False,,,True,True
105,new10,n365,square cardboard box,clue_object,1,False,False,,,False,False
105,new10,n366,small box,clue_object,1,False,False,,,False,False
105,new10,n367,restaurant,location,3,True,False,217;1041,,True,True
105,new10,n368,train compartment,location,1,False,False,,,False,False
105,new10,n369,Mr. Cobbe,person,2,False,False,,,False,True
105,new10,n370,daughter's residence,location,1,False,False,,,False,False
105,new10,n371,Cocaine Street,location,1,False,False,,,False,False
105,new10,n372,No. 160,location,2,False,False,,,False,False
105,new10,n373,Derek Ketling,person,1,False,False,,,False,False
105,new10,n374,a stranger,person,1,False,False,,,False,False
105,new10,n375,father-in-law,person,2,False,False,,,True,True
105,new10,n376,Bond Street,location,1,False,False,,,False,False
105,new10,n377,black pearl,clue_object,2,False,False,,,False,True
105,new10,n378,creditors,person,2,False,False,,,True,True
105,new10,n379,Mira,person,2,False,False,,,True,True
105,new10,n380,Mrs. Hafeed's senior partner,person,3,False,False,,,True,True
105,new10,n381,Aunt Emma,person,1,False,False,,,False,False
105,new10,n382,Mirah,person,1,False,False,,,False,False
105,new10,n383,law firm building,location,2,False,False,,,True,True
105,new10,n384,the chief,person,1,False,False,,,False,False
105,new10,n385,her maid,person,1,True,False,816;1041,,False,False
105,new10,n386,her passport,clue_object,1,False,False,,,False,False
105,new10,n387,the luggage tag,clue_object,1,False,False,,,False,False
105,new10,n388,Mr. Crow,person,2,False,False,,,False,True
105,new10,n390,Paris Police Bureau,location,1,False,False,,,False,False
105,new10,n391,the incident,event,1,False,False,,,False,False
105,new10,n392,Mr. Colvill,person,1,False,False,,,False,False
105,new10,n393,Mr. Cowper,person,1,True,False,1006,,False,False
105,new10,n394,dead woman's compartment,location,4,True,False,1006,,True,True
105,new10,n395,black rope,clue_object,1,False,False,,,False,False
105,new10,n397,Pierre Michel,person,2,False,False,,,False,True
105,new10,n398,the blankets,clue_object,2,False,False,,,True,True
105,new10,n399,the deceased,person,4,True,True,1033;3217,3217,True,True
105,new10,n400,lady,person,6,False,False,,,True,True
105,new10,n401,adjoining compartment,location,1,False,False,,,False,False
105,new10,n402,Tumpleton ladies' villa,location,1,False,False,,,False,False
105,new10,n403,gentleman,person,7,True,True,868;1246;1250,868,True,True
105,new10,n404,thief,person,4,False,False,,,True,True
105,new10,n405,Inspector Japp,person,2,False,False,,,True,True
105,new10,n408,sheriff,person,0,False,False,,,False,False
105,new10,n409,Lady Kettering,person,2,False,False,,,False,True
105,new10,n410,a will,clue_object,1,False,False,,,False,False
105,new10,n411,Derek Kateley,person,6,False,False,,,True,True
105,new10,n412,theft and murder case,event,4,False,False,,,True,True
105,new10,n413,lady over there,person,1,False,False,,,False,False
105,new10,n414,white dress woman,person,1,False,False,,,False,False
105,new10,n415,large emerald ring,clue_object,1,False,False,,,False,False
105,new10,n416,three weeks ago,time_anchor,1,False,False,,,False,False
105,new10,n417,Miranda,person,1,False,False,,,False,False
105,new10,n418,house,location,1,False,False,,,False,False
105,new10,n420,secret drawer,clue_object,2,False,False,,,True,True
105,new10,n421,hair,clue_object,2,False,False,,,True,True
105,new10,n422,French police,person,1,True,True,3183,3183,False,False
105,new10,n423,murder case on the Blue Express,event,3,False,False,,,True,True
105,new10,n424,alibi,evidence_sentence,1,False,False,,,False,False
105,new10,n425,Miss Ketling,person,1,False,False,,,False,False
105,new10,n426,the plots in detective novels,event,1,False,False,,,False,False
105,new10,n427,this case,event,1,False,False,,,False,False
105,new10,n428,Mr. Derrick Kate,person,1,False,False,,,False,False
105,new10,n429,Papapoulos,person,1,False,False,,,False,False
105,new10,n430,one of Nayton's accomplices,person,1,False,False,,,False,False
105,new10,n431,the bed,clue_object,1,False,False,,,False,False
105,new10,n432,Colonel Newton,person,2,False,False,,,True,True
105,new10,n433,Monte Carlo casino,location,1,True,True,3217,3217,False,False
105,new10,n434,your daughter's maid,person,1,True,True,3217,3217,False,False
105,new10,n436,the former Greek prime minister,person,1,False,False,,,False,False
105,new10,n437,the morning after the murder,time_anchor,1,False,False,,,False,False
105,new10,n438,business,event,1,False,False,,,False,False
105,new10,n439,Mrs. Samir Hafeed,person,1,False,False,,,False,False
105,new10,n440,Mrs. Hafeez's lawyer,person,1,False,False,,,False,False
105,new10,n441,Saint-Mary-Mead village,location,1,False,False,,,False,False
105,new10,n442,two minutes past two,time_anchor,1,False,False,,,False,False
105,new10,n443,Lady Katerina's murder case,event,2,False,False,,,True,True
105,new10,n444,the lawsuit regarding the hotel,event,1,False,False,,,False,False
105,new10,n445,three o'clock this afternoon,time_anchor,1,False,False,,,False,False
105,new10,n446,Negresco,location,1,False,False,,,False,False
105,new10,n447,old man's eccentricities,clue_object,1,False,False,,,False,False
105,new10,n448,train compartment of the lady wearing a fur coat,location,2,False,False,,,False,True
105,new10,n449,evening,time_anchor,1,False,False,,,False,False
105,new10,n450,dinner,clue_object,2,False,False,,,True,True
105,new10,n451,Paris café,location,2,False,False,,,True,True
105,new10,n452,sports club,location,1,False,False,,,False,False
105,new10,n453,fourteenth (evening and night),time_anchor,1,False,False,,,False,False
105,new10,n454,master's box,location,2,False,False,,,True,True
106,new10,n1,Hercule Poirot,person,89,True,False,1712,,True,True
106,new10,n2,George,person,3,False,False,,,True,True
106,new10,n3,Hastings,person,29,False,False,,,True,True
106,new10,n4,God,time_anchor,1,False,False,,,False,False
106,new10,n5,garden,location,0,False,False,,,False,False
106,new10,n6,girl,person,16,True,True,1366;2567;2607,2567;2607,True,True
106,new10,n7,crime,evidence_sentence,2,False,False,,,False,True
106,new10,n8,today,time_anchor,1,False,False,,,False,False
106,new10,n9,tomorrow,time_anchor,1,True,False,1162,,False,False
106,new10,n10,Cliff House,location,11,True,False,1628,,True,True
106,new10,n11,the Buckleys,person,1,False,False,,,False,False
106,new10,n12,Miss Baskerville,person,11,False,False,,,True,True
106,new10,n13,Miss Bacall,person,3,False,False,,,True,True
106,new10,n14,Nick,person,1,False,False,,,False,False
106,new10,n15,Freddy,person,3,False,False,,,True,True
106,new10,n16,Jim,person,1,False,False,,,False,False
106,new10,n18,Miss Buckley,person,72,False,False,,,True,True
106,new10,n19,cocktail party,event,1,False,False,,,False,False
106,new10,n20,hotel,location,5,False,False,,,True,True
106,new10,n21,the hat,clue_object,5,False,False,,,True,True
106,new10,n22,Blackstone,person,10,False,False,,,True,True
106,new10,n23,bees,clue_object,2,False,False,,,True,True
106,new10,n24,hole,clue_object,2,False,False,,,True,True
106,new10,n25,bullet,clue_object,4,False,False,,,True,True
106,new10,n26,terrace,location,4,False,False,,,True,True
106,new10,n27,murder,event,3,False,False,,,True,True
106,new10,n28,three narrow escapes,event,2,False,False,,,False,True
106,new10,n29,crisis,event,1,False,False,,,False,False
106,new10,n30,Miss Bucky,person,2,False,False,,,True,True
106,new10,n31,Nick Buckley,person,9,False,False,,,True,True
106,new10,n33,bay below,location,1,False,False,,,False,False
106,new10,n34,rowboats,clue_object,2,False,False,,,False,False
106,new10,n35,gunshot,event,2,False,False,,,False,False
106,new10,n36,machine gun,clue_object,1,False,False,,,False,False
106,new10,n37,dining room,location,9,True,False,2535,,True,True
106,new10,n38,house,location,0,True,False,418;2535,,False,False
106,new10,n39,friends of Miss Bucky,person,3,False,False,,,True,True
106,new10,n40,my friend,person,2,True,False,1357,,True,True
106,new10,n41,Polly,person,5,False,False,,,True,True
106,new10,n42,the man with the light-colored hair,person,3,False,False,,,True,True
106,new10,n43,the lounge,location,3,False,False,,,True,True
106,new10,n44,6:30,time_anchor,1,False,False,,,False,False
106,new10,n45,the table,clue_object,9,False,False,,,True,True
106,new10,n46,cars,clue_object,1,False,False,,,False,False
106,new10,n47,the meeting,event,2,False,False,,,False,True
106,new10,n48,the four of them,event,3,False,False,,,True,True
106,new10,n49,killer,person,16,False,False,,,True,True
106,new10,n50,man in a faded Norfolk jacket,person,3,False,False,,,False,True
106,new10,n51,middle-aged woman,person,1,False,False,,,False,False
106,new10,n52,cliffside mansion,location,10,False,False,,,True,True
106,new10,n53,gate,clue_object,2,False,False,,,False,True
106,new10,n54,shot,event,1,False,False,,,False,False
106,new10,n55,flower bed,location,1,False,False,,,False,False
106,new10,n56,door,clue_object,0,False,False,,,False,False
106,new10,n57,Miss Baxter,person,3,True,False,1931,,True,True
106,new10,n58,the lady,person,0,False,False,,,False,False
106,new10,n59,the hotel garden,location,11,False,False,,,True,True
106,new10,n60,the newspaper,clue_object,4,True,False,1162,,True,True
106,new10,n61,Ellen,person,14,False,False,,,True,True
106,new10,n62,Margaret,person,7,True,False,282,,True,True
106,new10,n63,the car,clue_object,4,False,False,,,True,True
106,new10,n64,Mrs. Elliot,person,1,False,False,,,False,False
106,new10,n66,Mauser pistol,clue_object,7,False,False,,,True,True
106,new10,n67,gatehouse,location,1,False,False,,,False,False
106,new10,n68,Grand Hotel,location,5,True,False,727,,True,True
106,new10,n69,the portrait,clue_object,3,False,False,,,True,True
106,new10,n70,painting,clue_object,5,False,False,,,True,True
106,new10,n71,rope,clue_object,2,False,False,,,True,True
106,new10,n72,incident,event,1,False,False,,,False,False
106,new10,n73,town,location,1,False,False,,,False,False
106,new10,n74,cliff gate,location,1,False,False,,,False,False
106,new10,n75,seaside path,location,2,False,False,,,False,True
106,new10,n76,Maggie,person,10,False,False,,,True,True
106,new10,n77,Mrs. Rice,person,9,True,True,2585,2585,True,True
106,new10,n78,Mr. Lazarus,person,0,False,False,,,False,False
106,new10,n79,Tavistock,location,1,False,False,,,False,False
106,new10,n80,gardener,person,1,False,False,,,False,False
106,new10,n81,her,person,0,False,False,,,False,False
106,new10,n82,Charles,person,3,True,False,1628;1632,,True,True
106,new10,n83,the church's work,event,1,False,False,,,False,False
106,new10,n84,Monday,time_anchor,0,False,False,,,False,False
106,new10,n85,Sunday,time_anchor,1,False,False,,,False,False
106,new10,n86,the St. Lucia Herald,clue_object,2,False,False,,,False,True
106,new10,n87,the tide chart,clue_object,1,False,False,,,False,False
106,new10,n88,a will,clue_object,2,True,True,1628;1632;2567;2585,2567;2585,True,True
106,new10,n89,the debts I owe,clue_object,1,True,False,418,,False,False
106,new10,n90,my assets,clue_object,1,True,False,418,,False,False
106,new10,n91,Mr. Lazare,person,0,False,False,,,False,False
106,new10,n92,grandfather's portrait,clue_object,1,False,False,,,False,False
106,new10,n93,poison,clue_object,1,False,False,,,False,False
106,new10,n94,bombs,clue_object,1,False,False,,,False,False
106,new10,n95,cold guns,clue_object,1,False,False,,,False,False
106,new10,n96,car crashes,clue_object,1,False,False,,,False,False
106,new10,n97,poison arrows from South American Indians,clue_object,1,False,False,,,False,False
106,new10,n98,the perpetrator of a crime,person,1,False,False,,,False,False
106,new10,n99,a fully armed police officer as a bodyguard,person,1,False,False,,,False,False
106,new10,n100,a crime,event,1,False,False,,,False,False
106,new10,n101,the girl's bedroom,location,1,False,False,,,False,False
106,new10,n102,witness,person,1,True,False,2535,,False,False
106,new10,n103,Miss Baskerville's death,event,2,False,False,,,True,True
106,new10,n104,hiding without a trace,event,1,False,False,,,False,False
106,new10,n105,strike immediately,event,1,False,False,,,False,False
106,new10,n106,clever fellow,person,1,False,False,,,False,False
106,new10,n107,Mr. Lazlo,person,5,False,False,,,True,True
106,new10,n108,Major Charing,person,2,False,False,,,True,True
106,new10,n109,Bella,person,1,False,False,,,False,False
106,new10,n110,the garage owner,person,2,False,False,,,False,True
106,new10,n111,Argentina,location,1,False,False,,,False,False
106,new10,n112,the car damage incident,event,1,False,False,,,False,False
106,new10,n113,Nicky,person,0,False,False,,,False,False
106,new10,n114,Blackiston,person,1,False,False,,,False,False
106,new10,n115,the garage,location,1,False,False,,,False,False
106,new10,n116,a telegram,clue_object,4,False,False,,,True,True
106,new10,n117,the post office,location,1,True,False,2336,,False,False
106,new10,n118,she,person,21,True,False,2535,,True,True
106,new10,n119,the attempts on her life,event,1,False,False,,,False,False
106,new10,n120,the case,event,3,False,False,,,True,True
106,new10,n121,the clues,clue_object,1,False,False,,,False,False
106,new10,n122,light,clue_object,1,False,False,,,False,False
106,new10,n123,the dark,time_anchor,1,False,False,,,False,False
106,new10,n124,Lazlo,person,8,False,False,,,True,True
106,new10,n125,Milly,person,0,False,False,,,False,False
106,new10,n127,cousin,person,1,True,False,727;1628;2394,,False,False
106,new10,n128,window,location,2,False,False,,,True,True
106,new10,n129,dinner,event,2,False,False,,,True,True
106,new10,n130,Michael Studd,person,1,False,False,,,False,False
106,new10,n131,Stoner,person,2,True,True,795;2568,2568,False,True
106,new10,n132,Sir Matthew Stoner,person,0,True,True,795;2568,2568,False,False
106,new10,n134,Paris,location,1,False,False,,,False,False
106,new10,n135,islands,location,1,False,False,,,False,False
106,new10,n136,seaplane,clue_object,1,False,False,,,False,False
106,new10,n137,motorboat,clue_object,1,False,False,,,False,False
106,new10,n138,stretcher,clue_object,1,False,False,,,False,False
106,new10,n139,coat,clue_object,1,False,False,,,False,False
106,new10,n140,night,time_anchor,1,False,False,,,False,False
106,new10,n141,week ago,time_anchor,0,True,False,795;1357,,False,False
106,new10,n142,Baskerville Hall,location,11,False,False,,,True,True
106,new10,n143,the body,evidence_sentence,1,False,False,,,False,False
106,new10,n144,the pier,location,2,False,False,,,False,True
106,new10,n145,rubber boots,clue_object,1,False,False,,,False,False
106,new10,n146,a ship with the words Welcome Tourists painted from bow to stern,clue_object,1,False,False,,,False,False
106,new10,n147,the French windows,location,2,False,False,,,True,True
106,new10,n148,Maggie Bacley,person,3,False,False,,,True,True
106,new10,n149,Dr. Graham,person,2,False,False,,,False,True
106,new10,n150,the sofa,clue_object,1,False,False,,,False,False
106,new10,n151,the living room,location,9,True,False,757;2535,,True,True
106,new10,n153,fireworks,event,5,True,False,1162,,True,True
106,new10,n154,Miss Barker,person,1,True,False,2336,,False,False
106,new10,n155,gunshots,evidence_sentence,1,False,False,,,False,False
106,new10,n156,sanatorium,location,4,False,False,,,True,True
106,new10,n157,George Charing,person,2,False,False,,,True,True
106,new10,n158,the doctor,person,1,False,False,,,False,False
106,new10,n159,Graham,person,1,False,False,,,False,False
106,new10,n160,the nurse,person,3,False,False,,,True,True
106,new10,n161,the room,location,2,False,False,,,True,True
106,new10,n162,the officer,person,1,False,False,,,False,False
106,new10,n163,Maggy,person,6,False,False,,,True,True
106,new10,n164,Charles Viss,person,17,True,False,1628;2336;2394,,True,True
106,new10,n165,Charles Baskerville,person,1,False,False,,,False,False
106,new10,n166,the father,person,1,False,False,,,False,False
106,new10,n167,the rock,clue_object,1,False,False,,,False,False
106,new10,n168,a man,person,1,False,False,,,False,False
106,new10,n169,Mrs. Croft,person,3,False,False,,,True,True
106,new10,n170,gardener husband,person,1,False,False,,,False,False
106,new10,n171,children,person,1,False,False,,,False,False
106,new10,n172,Mr. Croft,person,14,False,False,,,True,True
106,new10,n173,Major Challinger,person,1,False,False,,,False,False
106,new10,n174,Mr. Charles West,person,1,False,False,,,False,False
106,new10,n175,Mrs. Rees,person,2,True,False,2535,,False,True
106,new10,n176,St. Luke,location,1,False,False,,,False,False
106,new10,n177,Nick's car brakes,clue_object,2,False,False,,,True,True
106,new10,n178,Friday,time_anchor,1,False,False,,,False,False
106,new10,n179,Wess,person,1,False,False,,,False,False
106,new10,n180,Madame,person,1,False,False,,,False,False
106,new10,n181,Michael,person,3,True,False,1264,,True,True
106,new10,n182,February,time_anchor,1,False,False,,,False,False
106,new10,n183,March,time_anchor,1,True,False,1531,,False,False
106,new10,n184,letters,clue_object,10,False,False,,,True,True
106,new10,n185,written will,clue_object,1,False,False,,,False,False
106,new10,n186,pilot,event,7,True,True,1162;1264;2541;2568,2568,True,True
106,new10,n187,instructions,evidence_sentence,1,False,False,,,False,False
106,new10,n188,carelessly left out letters,evidence_sentence,1,False,False,,,False,False
106,new10,n189,written will in favor of Miss Nick,evidence_sentence,2,False,False,,,True,True
106,new10,n190,will is nowhere to be found,evidence_sentence,1,False,False,,,False,False
106,new10,n191,front door,location,1,False,False,,,False,False
106,new10,n192,living room or study,location,1,False,False,,,False,False
106,new10,n193,will,evidence_sentence,7,False,False,,,True,True
106,new10,n194,Ellen's husband,person,1,False,False,,,False,False
106,new10,n195,husband,person,4,False,False,,,True,True
106,new10,n196,the old house,location,1,False,False,,,False,False
106,new10,n197,Mr. Vespucci,person,2,False,False,,,True,True
106,new10,n198,Scotland Yard,location,1,False,False,,,False,False
106,new10,n199,Inspector Japp,person,2,False,False,,,False,True
106,new10,n200,Pollock,person,2,False,False,,,True,True
106,new10,n201,the will form,clue_object,4,False,False,,,True,True
106,new10,n202,fingerprints,clue_object,3,False,False,,,False,True
106,new10,n203,kitchen table,location,1,False,False,,,False,False
106,new10,n204,Colonel,person,1,False,False,,,False,False
106,new10,n205,sea,location,1,False,False,,,False,False
106,new10,n206,August,time_anchor,1,False,False,,,False,False
106,new10,n207,The St. Loo Mystery,event,2,False,False,,,False,True
106,new10,n208,Mrs. Buckley,person,7,False,False,,,True,True
106,new10,n209,Mr. Buckley,person,2,False,False,,,True,True
106,new10,n210,vicar,person,1,False,False,,,False,False
106,new10,n211,newspapers,location,2,False,False,,,False,True
106,new10,n212,Monsieur Poirot,person,1,False,False,,,False,False
106,new10,n213,Mr. Whitfield,person,7,False,False,,,True,True
106,new10,n214,Henry,person,1,False,False,,,False,False
106,new10,n215,Captain Stutt,person,1,False,False,,,False,False
106,new10,n216,Stoniton family,person,1,False,False,,,False,False
106,new10,n217,Sir Matthew Stoniton,person,3,False,False,,,False,False
106,new10,n218,Natural History Museum,location,1,True,False,1910,,False,False
106,new10,n219,Captain Michael Stoniton,person,1,True,False,1910,,False,False
106,new10,n220,late Sir Stoniton,person,1,True,False,1910,,False,False
106,new10,n221,Sir Matthew,person,7,True,True,795;1357;2568,2568,True,True
106,new10,n222,England,location,1,False,False,,,False,False
106,new10,n223,Captain Stoner,person,2,True,False,2541,,False,True
106,new10,n224,expedition,event,1,False,False,,,False,False
106,new10,n225,tumor,clue_object,1,False,False,,,False,False
106,new10,n226,surgery,event,1,False,False,,,False,False
106,new10,n227,executor,clue_object,1,True,False,1931;2394,,False,False
106,new10,n228,Captain Thornley,person,1,False,False,,,False,False
106,new10,n229,Finley Manor,location,1,False,False,,,False,False
106,new10,n230,Roger Ackroyd,person,1,False,False,,,False,False
106,new10,n231,Colonel Charling,person,0,False,False,,,False,False
106,new10,n232,Japp,person,2,False,False,,,False,True
106,new10,n233,fortune,clue_object,4,False,False,,,True,True
106,new10,n234,1952,time_anchor,2,False,False,,,False,False
106,new10,n235,1980,time_anchor,1,False,False,,,False,False
106,new10,n236,Stilton cheese,clue_object,0,False,False,,,False,False
106,new10,n237,chocolates,clue_object,5,True,False,2155,,True,True
106,new10,n238,the box,clue_object,1,False,False,,,False,False
106,new10,n239,card,clue_object,2,False,False,,,True,True
106,new10,n240,outside,location,2,False,False,,,True,True
106,new10,n241,flower arrangement,clue_object,1,False,False,,,False,False
106,new10,n242,basket,clue_object,1,False,False,,,False,False
106,new10,n243,Hood,person,6,False,False,,,True,True
106,new10,n244,the fatal package,clue_object,3,False,False,,,True,True
106,new10,n245,the front hall,location,3,False,False,,,True,True
106,new10,n246,the gentleman,person,3,False,False,,,True,True
106,new10,n247,the phone call,event,3,False,False,,,True,True
106,new10,n248,Colonel Weston,person,3,False,False,,,True,True
106,new10,n249,cocaine,clue_object,4,False,False,,,True,True
106,new10,n250,lab report,evidence_sentence,1,False,False,,,False,False
106,new10,n251,Lazare,person,0,False,False,,,False,False
106,new10,n252,Admiralty,location,0,False,False,,,False,False
106,new10,n253,poisoned chocolates,clue_object,0,False,False,,,False,False
106,new10,n254,terrifying face,clue_object,2,False,False,,,True,True
106,new10,n255,St. Loo,location,1,False,False,,,False,False
106,new10,n256,Australians,person,1,False,False,,,False,False
106,new10,n257,Lodge,location,3,False,False,,,True,True
106,new10,n258,Art dealer,person,1,False,False,,,False,False
106,new10,n259,Phone,clue_object,1,False,False,,,False,False
106,new10,n260,Show,event,1,False,False,,,False,False
106,new10,n261,Mail delivery,event,1,False,False,,,False,False
106,new10,n262,"will signed by Miss Barker on February 25th last year, this morning from the post office",evidence_sentence,3,True,False,2336,,False,True
106,new10,n263,"February 25th last year, this morning",time_anchor,1,True,False,2336,,False,False
106,new10,n264,Alfred,person,1,False,False,,,False,False
106,new10,n265,George Challenger,person,1,False,False,,,False,False
106,new10,n266,the fireplace,location,2,True,False,2535,,True,True
106,new10,n267,the play,event,3,False,False,,,True,True
106,new10,n268,deductions,evidence_sentence,1,False,False,,,False,False
106,new10,n269,answers,evidence_sentence,1,False,False,,,False,False
106,new10,n270,last February,time_anchor,1,False,False,,,False,False
106,new10,n271,Philip Baxter,person,1,False,False,,,False,False
106,new10,n272,Australia,location,3,False,False,,,True,True
106,new10,n273,inheritance,clue_object,1,False,False,,,False,False
106,new10,n274,friend,person,8,True,False,1357,,True,True
106,new10,n275,Maggie Buckley,person,4,True,False,757,,True,True
106,new10,n276,Mrs. Rees's coat,clue_object,2,True,False,2535,,True,True
106,new10,n277,gem-encrusted watch,clue_object,0,False,False,,,False,False
106,new10,n278,coatroom in the foyer,location,2,True,False,2535,,True,True
106,new10,n279,letter,clue_object,4,False,False,,,True,True
106,new10,n280,Charles West,person,4,True,False,727,,True,True
106,new10,n281,money,clue_object,1,False,False,,,False,False
106,new10,n282,Mrs. Reis,person,4,True,False,1366,,True,True
106,new10,n283,garden path,location,1,False,False,,,False,False
106,new10,n284,main road,location,1,False,False,,,False,False
106,new10,n285,steep hill,location,1,False,False,,,False,False
106,new10,n286,painting on the other side of the wall,clue_object,3,False,False,,,True,True
106,new10,n287,inquest,event,1,False,False,,,False,False
106,new10,n288,list of names from one to ten,clue_object,1,False,False,,,False,False
106,new10,n289,séance,event,1,False,False,,,False,False
106,new10,n290,victim's soul,evidence_sentence,1,False,False,,,False,False
106,new10,n291,mail,clue_object,1,False,False,,,False,False
106,new10,n292,Langley,location,2,False,False,,,False,True
106,new10,n293,car's brakes failing,clue_object,1,False,False,,,False,False
106,new10,n294,letter from Mrs. Buckley,clue_object,1,False,False,,,False,False
106,new10,n295,note for dinner,clue_object,2,False,False,,,True,True
106,new10,n296,Miss Bacchelli,person,2,False,False,,,True,True
106,new10,n297,the secluded terrace,location,1,False,False,,,False,False
106,new10,n298,the shooting incident,event,5,False,False,,,True,True
106,new10,n299,the road from Baskerville Hall to the hotel,location,1,False,False,,,False,False
106,new10,n300,Mr. Ves,person,1,False,False,,,False,False
106,new10,n301,Monday morning,time_anchor,1,False,False,,,False,False
106,new10,n302,ten o'clock,time_anchor,1,False,False,,,False,False
106,new10,n303,Mr. Ves's office,location,1,False,False,,,False,False
106,new10,n305,night of the fireworks,time_anchor,1,False,False,,,False,False
106,new10,n306,fireworks display,event,1,False,False,,,False,False
106,new10,n307,ghost in the play,event,1,False,False,,,False,False
106,new10,n308,secret about the lover,evidence_sentence,2,False,False,,,True,True
106,new10,n309,lover is dead,evidence_sentence,1,False,False,,,False,False
106,new10,n310,she's still alive,evidence_sentence,1,False,False,,,False,False
106,new10,n311,Miss Maggie,person,3,True,False,757,,True,True
106,new10,n312,'tenth',evidence_sentence,2,False,False,,,True,True
106,new10,n313,'Eleventh',evidence_sentence,5,False,False,,,True,True
106,new10,n314,Miss Maggie Buckley,person,1,True,False,757,,False,False
106,new10,n315,a gun,clue_object,0,False,False,,,False,False
106,new10,n316,the alcove,clue_object,1,True,False,2535,,False,False
106,new10,n317,the night after returning to the hotel,time_anchor,2,False,False,,,True,True
106,new10,n318,the murderer,person,2,False,False,,,True,True
106,new10,n319,crumpled piece of paper,clue_object,2,False,False,,,False,True
106,new10,n320,wastebasket,clue_object,1,False,False,,,False,False
106,new10,n321,Cliffside Manor,location,6,False,False,,,True,True
106,new10,n322,St. Louis Herald,location,2,False,False,,,True,True
106,new10,n323,corridor,location,1,False,False,,,False,False
106,new10,n324,stairs,location,2,False,False,,,True,True
106,new10,n325,Belgian,time_anchor,1,False,False,,,False,False
106,new10,n326,wife,person,1,False,False,,,False,False
106,new10,n327,Mrs. Crockford,person,2,False,False,,,True,True
106,new10,n328,Miss Vesper,person,3,False,False,,,True,True
106,new10,n329,Blue Train case,event,1,False,False,,,False,False
106,new10,n330,nurse and bodyguard,person,1,False,False,,,False,False
106,new10,n331,Chimneys,location,1,False,False,,,False,False
106,new10,n332,the person responsible,person,1,False,False,,,False,False
106,new10,n333,this stupidity,event,1,False,False,,,False,False
106,new10,n334,the character who dies in the first act,event,1,False,False,,,False,False
106,new10,n335,Freda,person,1,False,False,,,False,False
106,new10,n336,the sale of Baskerville Hall,event,1,False,False,,,False,False
106,new10,n337,cousin's death,event,2,False,False,,,True,True
106,new10,n338,twenty minutes,time_anchor,1,False,False,,,False,False
106,new10,n339,life,clue_object,1,False,False,,,False,False
106,new10,n340,the hall,location,2,False,False,,,True,True
106,new10,n341,male servant,person,2,False,False,,,True,True
106,new10,n342,Miss Nicky,person,2,False,False,,,True,True
106,new10,n343,Miss Bacchley,person,2,False,False,,,True,True
106,new10,n344,movable panel,clue_object,2,False,False,,,False,False
106,new10,n345,the tenth man,event,1,False,False,,,False,False
106,new10,n346,kitchen door,clue_object,1,False,False,,,False,False
106,new10,n347,Nick's bedroom upstairs,location,4,False,False,,,True,True
106,new10,n348,driver's license,clue_object,1,False,False,,,False,False
106,new10,n349,dividend coupon,clue_object,1,False,False,,,False,False
106,new10,n350,love letters from Mr. Michael Stoniton,clue_object,1,False,False,,,False,False
106,new10,n351,stockings and petticoats,clue_object,2,False,False,,,False,True
106,new10,n352,Elliot,person,1,False,False,,,False,False
106,new10,n353,Colonel Chartrand,person,2,False,False,,,True,True
106,new10,n354,party,event,1,False,False,,,False,False
106,new10,n355,Belgium,location,2,False,False,,,True,True
106,new10,n356,chocolate box case,event,2,False,False,,,True,True
106,new10,n357,last winter,time_anchor,1,False,False,,,False,False
106,new10,n358,next day,time_anchor,1,False,False,,,False,False
106,new10,n359,ransom note,evidence_sentence,2,False,False,,,False,True
106,new10,n360,Devenport,location,1,False,False,,,False,False
106,new10,n361,Charing,person,4,False,False,,,True,True
106,new10,n362,florist,location,1,False,False,,,False,False
106,new10,n363,murder case,event,2,False,False,,,True,True
106,new10,n364,Jeph,person,0,False,False,,,False,False
106,new10,n365,William,person,1,False,False,,,False,False
106,new10,n366,Mr. Weiss,person,0,False,False,,,False,False
106,new10,n367,crime list,clue_object,1,False,False,,,False,False
106,new10,n368,Tenth person,person,1,False,False,,,False,False
106,new10,n370,Sir Matthew Stout,person,5,True,False,1357,,True,True
106,new10,n371,the poor girl,person,2,False,False,,,False,True
106,new10,n372,Le Touquet,location,1,False,False,,,False,False
106,new10,n373,a piece of paper with writing on it,clue_object,2,False,False,,,True,True
106,new10,n374,Christmas,time_anchor,1,False,False,,,False,False
106,new10,n375,last September,time_anchor,1,False,False,,,False,False
106,new10,n376,about a week ago,time_anchor,1,False,False,,,False,False
106,new10,n377,motive,evidence_sentence,2,False,False,,,False,True
106,new10,n378,nephew,person,2,False,False,,,True,True
106,new10,n379,bird park,location,1,False,False,,,False,False
106,new10,n380,estate,location,1,True,False,2541,,False,False
106,new10,n381,engagement,event,2,False,False,,,True,True
106,new10,n382,disappearance,event,3,False,False,,,True,True
106,new10,n383,Tuesday,time_anchor,1,False,False,,,False,False
106,new10,n384,flight,event,1,False,False,,,False,False
106,new10,n385,correspondence,clue_object,1,False,False,,,False,False
106,new10,n386,Miss Margot Baskerville,person,1,False,False,,,False,False
106,new10,n387,Fredrika Lacey,person,1,False,False,,,False,False
106,new10,n389,breakfast,time_anchor,1,False,False,,,False,False
106,new10,n390,last night at dinner,time_anchor,1,False,False,,,False,False
106,new10,n391,Chapter 11: Motive,event,0,False,False,,,False,False
106,new10,n392,front page of the newspaper,evidence_sentence,0,False,False,,,False,False
106,new10,n393,the guests,event,1,True,False,2535,,False,False
106,new10,n394,Freda's shawl,clue_object,2,False,False,,,False,True
106,new10,n395,Maggie's coat,clue_object,2,True,True,2585,2585,False,True
106,new10,n396,Freda's death,event,4,False,False,,,False,True
106,new10,n397,the narrator's breakdown,event,1,False,False,,,False,False
106,new10,n398,the narrator's makeup touch-up,event,1,False,False,,,False,False
107,new10,n1,Jane,person,37,False,False,,,True,True
107,new10,n3,Henry Mitchell,person,3,False,False,,,True,True
107,new10,n4,Croydon Airport,location,4,False,False,,,True,True
107,new10,n5,Mr. Bryant,person,1,False,False,,,False,False
107,new10,n6,French father and son table,location,4,False,False,,,True,True
107,new10,n7,poker table,location,1,False,False,,,False,False
107,new10,n8,rear of the plane,location,2,False,False,,,False,True
107,new10,n9,Croydon,location,0,False,False,,,False,False
107,new10,n10,Paris,location,12,True,False,256,,True,True
107,new10,n11,Bryant,person,17,False,False,,,True,True
107,new10,n12,Mitchell,person,15,True,False,1791,,True,True
107,new10,n13,stewardess,person,3,True,True,124;299;2471,2471,True,True
107,new10,n14,plane seat,location,1,False,False,,,False,False
107,new10,n15,mark on her neck,clue_object,1,True,False,109,,False,False
107,new10,n16,fainting spell,event,1,False,False,,,False,False
107,new10,n17,death by puncture,event,2,False,False,,,False,True
107,new10,n18,coffee service time,time_anchor,2,True,True,2471,2471,True,True
107,new10,n19,death time estimate,time_anchor,1,False,False,,,False,False
107,new10,n20,Prometheus flight,event,9,True,False,1190,,True,True
107,new10,n21,middle-aged woman,person,2,False,False,,,True,True
107,new10,n22,needle mark,clue_object,1,False,False,,,False,False
107,new10,n23,carotid artery,clue_object,1,False,False,,,False,False
107,new10,n24,toxin,clue_object,5,False,False,,,True,True
107,new10,n25,arrow poison,clue_object,0,False,False,,,False,False
107,new10,n26,Boomslang venom,clue_object,1,False,False,,,False,False
107,new10,n27,poisonous snake,clue_object,2,False,False,,,False,True
107,new10,n28,South Africa,location,1,False,False,,,False,False
107,new10,n29,Mr. Winterscale,person,1,False,False,,,False,False
107,new10,n30,Inspector Wilson,person,1,False,False,,,False,False
107,new10,n31,blowpipe,clue_object,0,True,False,299,,False,False
107,new10,n33,needle,clue_object,1,False,False,,,False,False
107,new10,n34,air death mystery,event,2,False,False,,,False,True
107,new10,n35,Lord Coates,person,0,False,False,,,False,False
107,new10,n36,James Bell Ride,person,1,False,False,,,False,False
107,new10,n37,17 Branberry Avenue,location,1,False,False,,,False,False
107,new10,n38,Cranwest,person,4,False,False,,,True,True
107,new10,n39,Madame Maurice,person,0,False,False,,,False,False
107,new10,n40,Poirot,person,56,False,False,,,True,True
107,new10,n41,suspect,person,2,False,False,,,True,True
107,new10,n42,victim,person,10,True,False,256;299;1789;2224,,True,True
107,new10,n43,Gail,person,1,False,False,,,False,False
107,new10,n45,young man,person,5,False,False,,,True,True
107,new10,n46,table,location,3,False,False,,,True,True
107,new10,n48,the judge,person,3,False,False,,,True,True
107,new10,n49,Mrs. Hubby,person,1,False,False,,,False,False
107,new10,n50,Miss Kerr,person,1,False,False,,,False,False
107,new10,n51,the bearded man,person,1,False,False,,,False,False
107,new10,n52,the doctor,person,0,True,False,124,,False,False
107,new10,n54,poisons,clue_object,1,False,False,,,False,False
107,new10,n55,short man with the flute,person,2,False,False,,,False,True
107,new10,n56,French people,person,2,False,False,,,False,True
107,new10,n57,Norman,person,31,True,False,70,,True,True
107,new10,n58,Gale,person,0,False,False,,,False,False
107,new10,n59,Japp,person,0,False,False,,,False,False
107,new10,n60,jail,location,0,False,False,,,False,False
107,new10,n61,property,clue_object,2,True,False,664,,True,True
107,new10,n62,murderers,person,0,False,False,,,False,False
107,new10,n63,innocent people,person,1,False,False,,,False,False
107,new10,n66,daughter,person,3,True,False,664;2233,,True,True
107,new10,n68,Jeppe,person,23,False,False,,,True,True
107,new10,n69,Furnier,person,9,True,False,2216,,True,True
107,new10,n70,Irish stewardess,person,1,False,False,,,False,False
107,new10,n71,needle dipped in venom,clue_object,2,False,False,,,True,True
107,new10,n72,poisoned needle,clue_object,3,True,False,2176,,True,True
107,new10,n73,medical evidence,clue_object,1,False,False,,,False,False
107,new10,n74,woman killed by a needle dipped in venom,event,5,False,False,,,True,True
107,new10,n75,five or six witnesses,evidence_sentence,1,False,False,,,False,False
107,new10,n77,Furneaux,person,4,False,False,,,True,True
107,new10,n78,Mrs. Hobley,person,5,True,True,2448,2448,True,True
107,new10,n79,Harley Street,location,1,False,False,,,False,False
107,new10,n80,seat number twelve,location,1,False,False,,,False,False
107,new10,n81,hearing,event,1,False,False,,,False,False
107,new10,n82,poison,clue_object,1,True,True,1133;2176;2471,2471,False,False
107,new10,n83,heart failure,clue_object,2,False,False,,,False,True
107,new10,n84,wasp sting,clue_object,5,False,False,,,True,True
107,new10,n85,Bello,person,1,False,False,,,False,False
107,new10,n87,train,location,1,False,False,,,False,False
107,new10,n88,cabin,location,3,False,False,,,True,True
107,new10,n89,needle firing event,event,8,True,False,2286;2298,,True,True
107,new10,n90,attention focus,event,2,False,False,,,False,True
107,new10,n91,Giselle,person,34,True,False,664;674;1663,,True,True
107,new10,n92,seat number four,location,2,False,False,,,True,True
107,new10,n93,Mrs. Hobart,person,6,True,True,2457;2458,2458,True,True
107,new10,n94,DuPonts,person,4,False,False,,,True,True
107,new10,n95,plane,location,6,True,True,299;669;1616;1617;1789;2233;2298;2348;2458;2471;2478,1617;2458;2471;2478,True,True
107,new10,n96,bathroom,location,1,True,True,70;2471,2471,False,False
107,new10,n97,George Elbman,person,1,False,False,,,False,False
107,new10,n98,Modi,person,2,False,False,,,False,False
107,new10,n99,Trocado,person,1,False,False,,,False,False
107,new10,n100,Gordon,person,1,False,False,,,False,False
107,new10,n101,S.S. Minotaur,location,1,False,False,,,False,False
107,new10,n102,Naples Hotel,location,1,False,False,,,False,False
107,new10,n103,Dr. Bryant's belongings,clue_object,0,False,False,,,False,False
107,new10,n104,Norman Gale's possessions,clue_object,0,False,False,,,False,False
107,new10,n105,cement deal documents,clue_object,0,False,False,,,False,False
107,new10,n106,loan negotiation letter,evidence_sentence,1,False,False,,,False,False
107,new10,n107,meeting arrangement letter,evidence_sentence,1,False,False,,,False,False
107,new10,n108,receipt for Naples Hotel payment,clue_object,1,False,False,,,False,False
107,new10,n109,country property advertisements,clue_object,0,False,False,,,False,False
107,new10,n110,plot idea notebook,clue_object,0,False,False,,,False,False
107,new10,n111,unpaid bills and receipts,clue_object,0,False,False,,,False,False
107,new10,n112,case,event,16,True,True,995;1000;2216,1000,True,True
107,new10,n113,lady's servant,person,2,False,False,,,True,True
107,new10,n114,8:45 flight,event,3,False,False,,,True,True
107,new10,n115,12:00 flight,event,4,False,False,,,True,True
107,new10,n116,friend,person,4,False,False,,,True,True
107,new10,n117,Britain,location,1,False,False,,,False,False
107,new10,n118,day of the murder,time_anchor,1,True,False,2298,,False,False
107,new10,n119,Bouchard,person,1,False,False,,,False,False
107,new10,n121,five thousand francs,clue_object,1,False,False,,,False,False
107,new10,n122,Cyrus Harper,person,7,False,False,,,True,True
107,new10,n123,Mrs. Guisel,person,1,False,False,,,False,False
107,new10,n124,Eileen,person,1,False,False,,,False,False
107,new10,n125,ticket office clerk,person,4,False,False,,,True,True
107,new10,n126,early flight,time_anchor,3,True,False,1190,,True,True
107,new10,n127,seat number one,clue_object,1,False,False,,,False,False
107,new10,n128,newspaper,clue_object,2,True,False,2224;2286,,True,True
107,new10,n129,Hobart Manor,location,3,False,False,,,True,True
107,new10,n130,Lord Hurling,person,2,False,False,,,True,True
107,new10,n131,Cecily Hurling,person,5,False,False,,,True,True
107,new10,n132,Winifred Kerr,person,1,False,False,,,False,False
107,new10,n133,Elizabethan-era giant oak bed,clue_object,1,False,False,,,False,False
107,new10,n134,breakfast tray with leftover coffee and juice,clue_object,1,False,False,,,False,False
107,new10,n135,spacious hall,location,1,False,False,,,False,False
107,new10,n136,stairs,location,1,False,False,,,False,False
107,new10,n137,dining room,location,0,False,False,,,False,False
107,new10,n138,Cecily,person,25,False,False,,,True,True
107,new10,n139,Hobri Manor,location,1,False,False,,,False,False
107,new10,n140,the newspaper people,person,1,False,False,,,False,False
107,new10,n141,that old Frenchman,person,3,False,False,,,True,True
107,new10,n142,debts,clue_object,1,False,False,,,False,False
107,new10,n143,gambling,event,1,False,False,,,False,False
107,new10,n144,the flight you took when you came home,event,2,False,False,,,True,True
107,new10,n145,Stephen,person,3,False,False,,,True,True
107,new10,n146,Fox's opinion,evidence_sentence,2,False,False,,,True,True
107,new10,n147,Hobart family,person,2,False,False,,,True,True
107,new10,n148,Five Acres,location,1,False,False,,,False,False
107,new10,n149,Vinnetta,person,2,False,False,,,False,True
107,new10,n150,court testimony,evidence_sentence,1,False,False,,,False,False
107,new10,n151,murder by an unknown assailant,event,1,False,False,,,False,False
107,new10,n152,plane incident,event,1,False,False,,,False,False
107,new10,n153,blowpipe and poison dart,clue_object,1,False,False,,,False,False
107,new10,n154,police from both countries,person,1,False,False,,,False,False
107,new10,n155,Hopper Hall,location,1,False,False,,,False,False
107,new10,n156,Vittoria,person,2,False,False,,,True,True
107,new10,n157,Venedicta,person,1,False,False,,,False,False
107,new10,n158,detective,person,1,True,False,2216,,False,False
107,new10,n159,divorce,event,2,False,False,,,True,True
107,new10,n160,Mr. Cransey,person,5,True,False,73,,True,True
107,new10,n161,Miss Ross,person,6,False,False,,,False,False
107,new10,n162,arab,person,1,False,False,,,False,False
107,new10,n163,French archaeologists,person,1,False,False,,,False,False
107,new10,n164,Cranley,person,5,False,False,,,True,True
107,new10,n165,CL52,clue_object,2,False,False,,,True,True
107,new10,n166,Lady Hubbard,person,4,False,False,,,True,True
107,new10,n167,patient,person,3,False,False,,,True,True
107,new10,n168,bad husband,person,1,False,False,,,False,False
107,new10,n169,RT362,clue_object,3,False,False,,,True,True
107,new10,n170,little black book,clue_object,2,False,False,,,True,True
107,new10,n171,Laidlaw,person,1,False,False,,,False,False
107,new10,n172,[2035],time_anchor,1,False,False,,,False,False
107,new10,n173,[2036],time_anchor,0,False,False,,,False,False
107,new10,n174,Mr. Gale,person,4,True,True,2448,2448,True,True
107,new10,n175,Mr. Reid,person,1,False,False,,,False,False
107,new10,n176,Mr. DuPont,person,1,True,False,73,,False,False
107,new10,n177,Jean DuPont,person,2,True,False,73,,True,True
107,new10,n178,Davis,person,5,False,False,,,True,True
107,new10,n179,Börje,person,0,False,False,,,False,False
107,new10,n180,Giselle's intel,evidence_sentence,1,False,False,,,False,False
107,new10,n181,the flute,clue_object,15,True,False,1133;1616;2176,,True,True
107,new10,n182,the Wasp's Clue,clue_object,0,False,False,,,False,False
107,new10,n183,the Passenger's Luggage Clue,clue_object,0,False,False,,,False,False
107,new10,n184,the Extra Coffee Spoon Clue,clue_object,1,False,False,,,False,False
107,new10,n185,Mr. Christie's novels,evidence_sentence,1,False,False,,,False,False
107,new10,n186,New Zealand,location,1,False,False,,,False,False
107,new10,n187,secretary,person,3,False,False,,,True,True
107,new10,n188,dinner,event,1,False,False,,,False,False
107,new10,n189,Persia,location,3,False,False,,,True,True
107,new10,n190,Massawy Mountains,location,1,False,False,,,False,False
107,new10,n191,poison needle,clue_object,5,True,True,2471,2471,True,True
107,new10,n192,blowgun,clue_object,2,False,False,,,False,True
107,new10,n193,native of a certain tribe,person,1,False,False,,,False,False
107,new10,n194,Mr. Cranston,person,1,False,False,,,False,False
107,new10,n195,buzzing wasp,clue_object,1,False,False,,,False,False
107,new10,n196,vent,location,1,False,False,,,False,False
107,new10,n197,wasp,clue_object,5,True,False,238,,True,True
107,new10,n198,killer,person,2,True,False,2176;2457,,True,True
107,new10,n200,Mrs. Mitchell,person,0,False,False,,,False,False
107,new10,n201,Dorset,location,1,False,False,,,False,False
107,new10,n202,airline ticket agent,person,3,False,False,,,True,True
107,new10,n203,Pinner,location,3,False,False,,,True,True
107,new10,n204,James Richards,person,0,False,False,,,False,False
107,new10,n205,orphanage director,person,1,True,True,2478,2478,False,False
107,new10,n206,telegram,clue_object,1,True,True,2224;2478,2478,False,False
107,new10,n207,Richards,person,3,True,False,2216,,False,True
107,new10,n208,Venetia Kerr,person,2,False,False,,,True,True
107,new10,n209,Earl of Hubbard,person,2,False,False,,,True,True
107,new10,n210,Mr. Craincy,person,1,False,False,,,False,False
107,new10,n211,London's Croydon Airport,location,1,False,False,,,False,False
107,new10,n212,seat number sixteen,location,1,False,False,,,False,False
107,new10,n213,girl's suicide case,event,2,False,False,,,True,True
107,new10,n214,Juan Lupen,person,1,False,False,,,False,False
107,new10,n215,Pine,location,2,False,False,,,False,True
107,new10,n217,English Channel,location,1,False,False,,,False,False
107,new10,n218,detective novelist,event,2,False,False,,,True,True
107,new10,n219,Mr. Clancy,person,5,False,False,,,True,True
107,new10,n220,Mr. Wade,person,2,False,False,,,True,True
107,new10,n221,Polo,person,3,False,False,,,True,True
107,new10,n222,court,location,4,False,False,,,True,True
107,new10,n223,Calais to Paris compartment,location,2,False,False,,,True,True
107,new10,n224,phone call event,event,1,False,False,,,False,False
107,new10,n225,London,location,5,False,False,,,True,True
107,new10,n226,woman,person,2,False,False,,,False,True
107,new10,n227,flight attendant,person,1,True,False,2470,,False,False
107,new10,n228,hairdresser,person,1,False,False,,,False,False
107,new10,n229,Monsieur Armand DuPont,person,4,False,False,,,True,True
107,new10,n230,Royal Asiatic Society,location,1,False,False,,,False,False
107,new10,n231,Professor Kennedy,person,1,False,False,,,False,False
107,new10,n232,Haddler,person,1,False,False,,,False,False
107,new10,n233,McMichael,person,1,False,False,,,False,False
107,new10,n234,Winterbotham's list,clue_object,1,False,False,,,False,False
107,new10,n235,Piccadilly,location,1,False,False,,,False,False
107,new10,n236,Tredman,person,1,False,False,,,False,False
107,new10,n237,Mr. Robinson,person,0,True,False,1876,,False,False
107,new10,n238,blackmail incident,event,1,False,False,,,False,False
107,new10,n239,Lady Highbury,person,3,False,False,,,False,False
107,new10,n240,Jin,person,2,False,False,,,False,False
107,new10,n241,Frenchman with big beard,person,2,True,True,256;257;299,257,False,True
107,new10,n242,Younger Frenchman,person,1,True,True,256;257;299,257,False,False
107,new10,n243,Man in blue sweater,person,1,False,False,,,False,False
107,new10,n244,Handsome young man,person,2,False,False,,,False,False
107,new10,n245,Little bearded man,person,1,False,False,,,False,False
107,new10,n246,Kurdish pipes,clue_object,1,False,False,,,False,False
107,new10,n247,Corpses on seat,evidence_sentence,7,False,False,,,True,True
107,new10,n248,Policeman,person,1,False,False,,,False,False
107,new10,n249,Newcomer,person,1,False,False,,,False,False
107,new10,n250,Mrs. Cecily Hubbard,person,2,False,False,,,True,True
107,new10,n251,Mrs. Vincy Kerry,person,1,False,False,,,False,False
107,new10,n252,Inspector Japp,person,2,False,False,,,True,True
107,new10,n253,the coroner,person,1,False,False,,,False,False
107,new10,n254,the door,clue_object,3,False,False,,,True,True
107,new10,n255,the bench,clue_object,1,False,False,,,False,False
107,new10,n256,France,location,1,False,False,,,False,False
107,new10,n257,passenger's plate,clue_object,2,True,False,238;1789,,True,True
107,new10,n258,passports,clue_object,1,False,False,,,False,False
107,new10,n259,search targets,event,2,False,False,,,True,True
107,new10,n260,questions,event,3,False,False,,,True,True
107,new10,n261,chair assigned to her,location,1,False,False,,,False,False
107,new10,n262,room,location,1,True,False,299,,False,False
107,new10,n263,two stewardesses,person,1,False,False,,,False,False
107,new10,n264,items,clue_object,1,False,False,,,False,False
107,new10,n265,Grovenor Square,location,1,False,False,,,False,False
107,new10,n266,Frenchmen,person,5,True,False,256,,False,True
107,new10,n267,Paris Police,person,1,True,False,256,,False,False
107,new10,n268,deceased,person,2,False,False,,,False,True
107,new10,n269,handbag covered in foreign labels,clue_object,1,True,False,256,,False,False
107,new10,n270,Continental European train timetable,clue_object,1,False,False,,,False,False
107,new10,n271,raincoat and suitcase,clue_object,1,False,False,,,False,False
107,new10,n272,Borneo or South America,location,1,True,False,256,,False,False
107,new10,n273,cabin entrance,location,1,False,False,,,False,False
107,new10,n274,crime scene seat area,location,3,False,False,,,True,True
107,new10,n275,Marseilles,location,1,False,False,,,False,False
107,new10,n276,James Rade,person,2,True,False,299,,True,True
107,new10,n277,ninth seat,location,2,False,False,,,True,True
107,new10,n278,Bruton Street,location,1,False,False,,,False,False
107,new10,n279,Malay Peninsula,location,1,False,False,,,False,False
107,new10,n280,South America,location,1,True,False,128;256,,False,False
107,new10,n281,Africa,location,1,False,False,,,False,False
107,new10,n282,antique dealer,person,1,False,False,,,False,False
107,new10,n283,Tuesday,time_anchor,1,False,False,,,False,False
107,new10,n284,inhaler,clue_object,2,False,False,,,True,True
107,new10,n285,passenger's inventory list,clue_object,1,False,False,,,False,False
107,new10,n286,price tag,clue_object,1,False,False,,,False,False
107,new10,n287,witness,person,5,False,False,,,True,True
107,new10,n288,man two rows in front,person,4,False,False,,,True,True
107,new10,n289,cabin aisle,location,1,False,False,,,False,False
107,new10,n290,Mademoiselle Grandier,person,6,False,False,,,True,True
107,new10,n291,Ellis,person,3,False,False,,,True,True
107,new10,n292,the maid,person,1,True,False,2457,,False,False
107,new10,n293,Lady Fairfax's documents,clue_object,4,True,False,1663,,True,True
107,new10,n294,the safe downstairs,location,2,False,False,,,True,True
107,new10,n295,Lady Fairfax's bedroom,location,1,False,False,,,False,False
107,new10,n296,threats,event,1,False,False,,,False,False
107,new10,n297,letter,clue_object,1,True,False,1663,,False,False
107,new10,n298,Eleanor Grandier,person,2,False,False,,,True,True
107,new10,n299,the black notebook,clue_object,2,False,False,,,False,True
107,new10,n300,the death of the mistress,event,2,False,False,,,True,True
107,new10,n301,George,person,1,False,False,,,False,False
107,new10,n302,Gilsa,person,3,False,False,,,False,True
107,new10,n303,Bollère airport,location,1,False,False,,,False,False
107,new10,n304,Universal Airlines ticket office,location,3,False,False,,,False,True
107,new10,n305,Capucines Street,location,1,False,False,,,False,False
107,new10,n306,254 Capucine Street,location,1,False,False,,,False,False
107,new10,n307,photo torn from a magazine,clue_object,1,False,False,,,False,False
107,new10,n308,Hon. Mrs. Hubbard,person,3,False,False,,,False,True
107,new10,n309,Jezel,location,2,False,False,,,True,True
107,new10,n310,British Countess,person,1,False,False,,,False,False
107,new10,n311,Husband,person,2,False,False,,,True,True
107,new10,n312,doorman,person,2,True,False,2377,,True,True
107,new10,n313,visitor to Jezel,person,1,False,False,,,False,False
107,new10,n314,Hobart lady,person,4,False,False,,,True,True
107,new10,n315,passengers on the plane,event,1,False,False,,,False,False
107,new10,n316,night before Giselle left,time_anchor,1,False,False,,,False,False
107,new10,n317,Fake Antiques,clue_object,3,False,False,,,True,True
107,new10,n318,GF45,clue_object,1,False,False,,,False,False
107,new10,n319,Mr. James Rade,person,1,False,False,,,False,False
107,new10,n320,woman with reddish-brown hair,person,1,False,False,,,False,False
107,new10,n321,Gladys,person,1,False,False,,,False,False
107,new10,n322,Jean DuBois,person,3,False,False,,,True,True
107,new10,n323,corner restaurant,location,4,False,False,,,True,True
107,new10,n324,Syria,location,1,False,False,,,False,False
107,new10,n325,Iraq,location,1,False,False,,,False,False
107,new10,n326,English people,person,4,False,False,,,False,True
107,new10,n327,wife,person,1,False,False,,,False,False
107,new10,n328,Jean Dupey,person,1,False,False,,,False,False
107,new10,n329,Antoine's hair salon,location,2,False,False,,,True,True
107,new10,n330,Mrs. Hickinson,person,1,False,False,,,False,False
107,new10,n331,Colonel Brent,person,1,False,False,,,False,False
107,new10,n332,next Tuesday,time_anchor,1,False,False,,,False,False
107,new10,n333,Thursday,time_anchor,1,False,False,,,False,False
107,new10,n334,next week,time_anchor,1,False,False,,,False,False
107,new10,n335,justice,event,1,False,False,,,False,False
107,new10,n336,Miss,person,0,False,False,,,False,False
107,new10,n337,Grand Hotel,location,2,False,False,,,True,True
107,new10,n338,Cranby,person,1,False,False,,,False,False
107,new10,n339,El Capitan Prototype,clue_object,1,False,False,,,False,False
107,new10,n340,Craydon,location,1,False,False,,,False,False
107,new10,n341,camera and film,clue_object,1,False,False,,,False,False
107,new10,n342,bananas,clue_object,2,False,False,,,True,True
107,new10,n343,poisoned needles and blowpipes,clue_object,1,False,False,,,False,False
107,new10,n344,gas mask,clue_object,1,False,False,,,False,False
107,new10,n345,murder of Madame Guinness,event,2,False,False,,,False,True
107,new10,n346,Cransey,person,1,False,False,,,False,False
107,new10,n347,Charing Cross Street,location,3,False,False,,,False,True
107,new10,n348,Absolem,clue_object,1,False,False,,,False,False
107,new10,n349,Mitchell and Smith,clue_object,1,False,False,,,False,False
107,new10,n350,lender,clue_object,1,False,False,,,False,False
107,new10,n351,Mrs. Hubbard,person,0,True,False,1663;1681;2176;2298;2348,,False,False
107,new10,n352,prison,location,1,False,False,,,False,False
107,new10,n353,"£10,000",evidence_sentence,1,False,False,,,False,False
107,new10,n354,the flight back to England with her,evidence_sentence,1,True,False,1663,,False,False
107,new10,n355,the crazy plan,event,0,False,False,,,False,False
107,new10,n356,Mr. Clayton,person,1,False,False,,,False,False
107,new10,n357,Scotland Yard,location,2,False,False,,,True,True
107,new10,n358,Henry,person,1,False,False,,,False,False
107,new10,n359,James Ridd,person,1,False,False,,,False,False
107,new10,n360,coffee spoons,clue_object,1,True,False,1789,,False,False
107,new10,n361,police,person,8,False,False,,,True,True
107,new10,n362,Mr. Reed,person,3,False,False,,,False,True
107,new10,n363,Mr. Raymond Palterton,person,0,False,False,,,False,False
107,new10,n364,moneylenders in high society,event,1,False,False,,,False,False
107,new10,n365,embezzlement and deception,event,1,False,False,,,False,False
107,new10,n366,gambling debts,clue_object,0,False,False,,,False,False
107,new10,n367,slander,evidence_sentence,1,False,False,,,False,False
107,new10,n368,Hubbard house,location,2,False,False,,,False,True
107,new10,n369,evidence,clue_object,1,False,False,,,False,False
107,new10,n370,One hundred thousand pounds,time_anchor,2,False,False,,,True,True
107,new10,n371,Earl of Highbury,person,2,False,False,,,True,True
107,new10,n372,Brown,person,1,False,False,,,False,False
107,new10,n373,Robinson,person,1,True,False,1876,,False,False
107,new10,n374,Raymond,person,2,False,False,,,True,True
107,new10,n375,Highbury,location,1,False,False,,,False,False
107,new10,n376,Miss Giselle,person,2,True,True,2458,2458,True,True
107,new10,n377,Doncaster,location,0,False,False,,,False,False
107,new10,n378,George Leman,person,2,False,False,,,True,True
107,new10,n379,Mary Morrisso,person,6,True,False,2286,,True,True
107,new10,n381,Marie Orphanage,location,2,False,False,,,True,True
107,new10,n382,Quebec,location,3,False,False,,,True,True
107,new10,n383,Mrs. Richards,person,7,True,False,2216,,True,True
107,new10,n384,Detroit,location,1,False,False,,,False,False
107,new10,n385,United States,location,1,False,False,,,False,False
107,new10,n386,Europe,location,2,False,False,,,True,True
107,new10,n387,surgical instrument manufacturer,clue_object,1,False,False,,,False,False
107,new10,n388,heir discovery event,event,1,False,False,,,False,False
107,new10,n389,irregular profession,clue_object,1,False,False,,,False,False
107,new10,n390,suspect identification deduction,event,1,False,False,,,False,False
107,new10,n391,suspect count correction,event,1,False,False,,,False,False
107,new10,n392,the victim's mother,person,1,True,False,1789;2224,,False,False
107,new10,n393,Dr. Bryant's patient,person,2,False,False,,,True,True
107,new10,n394,the front desk,location,3,False,False,,,True,True
107,new10,n395,Mary Orphanage,location,2,False,False,,,True,True
107,new10,n396,Muriel Angeli,person,1,False,False,,,False,False
107,new10,n397,Anne,person,14,True,True,664;2286;2327;2478,2478,True,True
107,new10,n398,headmistress,person,2,True,False,2286,,True,True
107,new10,n399,George Lymann,person,1,False,False,,,False,False
107,new10,n400,wine trade,event,1,False,False,,,False,False
107,new10,n401,Lady Hobley,person,3,False,False,,,False,True
107,new10,n402,Mr. John Robinson,person,5,False,False,,,False,True
107,new10,n403,Cardington Square 47,location,1,False,False,,,False,False
107,new10,n404,envelope marked Private,clue_object,1,False,False,,,False,False
107,new10,n405,envelope labeled Highly Confidential,clue_object,1,False,False,,,False,False
107,new10,n406,golden-lidded bottle,clue_object,1,False,False,,,False,False
107,new10,n407,letter received yesterday,evidence_sentence,1,False,False,,,False,False
107,new10,n408,visit this morning,event,1,False,False,,,False,False
107,new10,n409,meeting at eleven o'clock,event,1,False,False,,,False,False
107,new10,n410,phone call,event,3,False,False,,,True,True
107,new10,n411,guilty verdict based on lie,evidence_sentence,3,False,False,,,True,True
107,new10,n412,the driver,person,1,False,False,,,False,False
107,new10,n413,Raymond Ballef,person,1,False,False,,,False,False
107,new10,n414,North Railway Station,location,1,False,False,,,False,False
107,new10,n415,clerk,person,1,False,False,,,False,False
107,new10,n416,gentleman,person,1,True,False,2377,,False,False
107,new10,n417,Antoine,person,1,False,False,,,False,False
107,new10,n418,Monday,time_anchor,1,False,False,,,False,False
107,new10,n419,café,location,1,False,False,,,False,False
107,new10,n420,job,event,1,False,False,,,False,False
107,new10,n421,archaeology and prehistoric pottery,clue_object,1,False,False,,,False,False
107,new10,n422,check,clue_object,1,False,False,,,False,False
107,new10,n423,the narrator,person,1,True,False,2298,,False,False
108,new10,n1,Charles Cartwright,person,0,True,True,2624,2624,False,False
108,new10,n2,Mr. Satterthwaite,person,2,True,True,612;1123,1123,True,True
108,new10,n4,Tori,person,0,False,False,,,False,False
108,new10,n5,the sea,location,1,False,False,,,False,False
108,new10,n6,the doctor,person,0,True,False,210,,False,False
108,new10,n7,a pretty parlour maid,person,27,False,False,,,True,True
108,new10,n9,Lady Mary,person,4,False,False,,,True,True
108,new10,n10,the Babbingtons,person,1,False,False,,,False,False
108,new10,n11,London,location,5,True,False,55,,True,True
108,new10,n12,Anthony Astor,person,2,False,False,,,True,True
108,new10,n14,Angela,person,2,False,False,,,True,True
108,new10,n16,Mrs. Mary,person,2,False,False,,,True,True
108,new10,n17,the vicar,person,4,False,False,,,True,True
108,new10,n18,Mander,person,11,False,False,,,True,True
108,new10,n19,Miss Milray,person,15,False,False,,,True,True
108,new10,n20,Mr. Sattthwaite,person,1,False,False,,,False,False
108,new10,n21,Hercule Poirot,person,27,False,False,,,True,True
108,new10,n22,"Charles, sir",person,77,False,False,,,True,True
108,new10,n23,Monte Carlo,location,2,False,False,,,True,True
108,new10,n24,the house,location,6,True,False,1608,,True,True
108,new10,n25,dinner,event,1,False,False,,,False,False
108,new10,n26,Sartreth,person,5,False,False,,,True,True
108,new10,n27,Mrs. Lacy,person,2,False,False,,,False,True
108,new10,n28,Beatrice,person,5,False,False,,,True,True
108,new10,n29,Alice,person,4,False,False,,,True,True
108,new10,n30,Miss Sutcliffe,person,3,False,False,,,False,True
108,new10,n31,Mr. Ellis,person,6,False,False,,,True,True
108,new10,n32,Miss Wells,person,12,True,False,152,,True,True
108,new10,n33,secret passage,location,1,True,False,664,,False,False
108,new10,n34,back door,location,1,False,False,,,False,False
108,new10,n35,brandy,clue_object,2,False,False,,,False,True
108,new10,n36,aspirin,clue_object,1,False,False,,,False,False
108,new10,n37,tea,clue_object,1,False,False,,,False,False
108,new10,n38,girls go out the back door and come in the back door,evidence_sentence,1,False,False,,,False,False
108,new10,n39,she is a well-known dressmaker in London,evidence_sentence,1,False,False,,,False,False
108,new10,n40,he became even more agitated,evidence_sentence,1,False,False,,,False,False
108,new10,n41,the telephone message,clue_object,3,False,False,,,True,True
108,new10,n42,the party,event,4,False,False,,,True,True
108,new10,n43,Sir Bartholomew's unusual behavior,evidence_sentence,3,False,False,,,True,True
108,new10,n44,Sir Henry,person,5,False,False,,,True,True
108,new10,n45,Mrs. De La Rouchefoucauld,person,1,False,False,,,False,False
108,new10,n46,Sanatorium,location,10,False,False,,,True,True
108,new10,n47,Sattler,person,54,True,True,612;1123,1123,True,True
108,new10,n48,Mr. Dix,person,2,False,False,,,True,True
108,new10,n49,Mrs. Dix,person,2,True,True,1805,1805,True,True
108,new10,n50,Ellis,person,5,False,False,,,True,True
108,new10,n51,Riesling,clue_object,1,False,False,,,False,False
108,new10,n52,Bordeaux,clue_object,1,False,False,,,False,False
108,new10,n53,Tray,clue_object,1,False,False,,,False,False
108,new10,n54,Sideboard,location,1,True,False,671,,False,False
108,new10,n55,Table,location,1,False,False,,,False,False
108,new10,n57,Torquil,person,4,False,False,,,True,True
108,new10,n58,Babbington case,event,0,False,False,,,False,False
108,new10,n59,police,person,8,True,True,1114;1123,1123,True,True
108,new10,n60,shoe,clue_object,1,False,False,,,False,False
108,new10,n61,blotting paper,clue_object,2,False,False,,,True,True
108,new10,n62,Torrey,person,3,False,False,,,True,True
108,new10,n63,the truth,evidence_sentence,1,False,False,,,False,False
108,new10,n64,head nurse,person,5,False,False,,,True,True
108,new10,n65,Cartwright,person,5,True,True,2624,2624,True,True
108,new10,n66,manor,location,7,False,False,,,True,True
108,new10,n67,servants,person,1,False,False,,,False,False
108,new10,n68,Sir Bartholomew Strangeways,person,49,True,True,222;930;1123;1762;2674,1123,True,True
108,new10,n69,Lady Torry,person,5,False,False,,,True,True
108,new10,n70,West Indies,location,1,False,False,,,False,False
108,new10,n71,Lashbridge,person,2,False,False,,,True,True
108,new10,n72,lady's maid,person,2,False,False,,,True,True
108,new10,n73,memory loss cases,evidence_sentence,1,False,False,,,False,False
108,new10,n74,Oliver Mander,person,0,False,False,,,False,False
108,new10,n75,Carteret,person,8,True,False,1094,,True,True
108,new10,n76,Sattthwaite,person,0,True,False,1094,,False,False
108,new10,n77,butler's room,location,3,False,False,,,True,True
108,new10,n78,ink stain,clue_object,4,False,False,,,True,True
108,new10,n79,pen,clue_object,1,False,False,,,False,False
108,new10,n80,gatehouse,location,2,False,False,,,True,True
108,new10,n81,fireplace,location,4,True,False,1094,,True,True
108,new10,n82,Charles,person,1,False,False,,,False,False
108,new10,n83,paper,clue_object,1,False,False,,,False,False
108,new10,n84,footsteps,clue_object,1,True,False,1094,,False,False
108,new10,n85,hatpin,clue_object,1,False,False,,,False,False
108,new10,n86,white object,clue_object,1,False,False,,,False,False
108,new10,n87,the killer,person,1,False,False,,,False,False
108,new10,n88,the blot,clue_object,1,False,False,,,False,False
108,new10,n89,a thousand pounds,evidence_sentence,1,True,False,1114,,False,False
108,new10,n90,blackmail letters,clue_object,2,False,False,,,True,True
108,new10,n91,clues,evidence_sentence,1,False,False,,,False,False
108,new10,n92,he,person,0,False,False,,,False,False
108,new10,n93,Johnson,person,1,True,False,643,,False,False
108,new10,n94,stove,clue_object,1,False,False,,,False,False
108,new10,n95,room,location,2,True,True,152;1072;1094;1644,1644,True,True
108,new10,n96,Mr. Babbington,person,29,True,True,152;222;2624;2680,2624;2680,True,True
108,new10,n97,Mr. Babbington's death,event,1,False,False,,,False,False
108,new10,n98,his wife,person,1,True,False,1608,,False,False
108,new10,n99,Ronald,person,2,False,False,,,False,True
108,new10,n100,the narrator's father,person,1,False,False,,,False,False
108,new10,n101,the girl,person,7,False,False,,,True,True
108,new10,n102,Babbington family,location,1,False,False,,,False,False
108,new10,n103,parish priest,person,1,False,False,,,False,False
108,new10,n104,Mrs. Maylie,person,2,False,False,,,True,True
108,new10,n105,Sir Bartholomew Strangeworth,person,1,False,False,,,False,False
108,new10,n106,Little Mandes,location,1,False,False,,,False,False
108,new10,n107,a sanatorium,location,2,False,False,,,False,True
108,new10,n108,the vicar's family situation,event,1,False,False,,,False,False
108,new10,n110,Dr. Cleibon,person,1,False,False,,,False,False
108,new10,n111,Temple,person,5,True,True,2624,2624,True,True
108,new10,n112,The Royal Botanic Gardens in London,location,1,False,False,,,False,False
108,new10,n113,guests,person,1,True,True,1644,1644,False,False
108,new10,n114,Poirot,person,0,False,False,,,False,False
108,new10,n115,Dolly,person,12,False,False,,,True,True
108,new10,n116,Mrs. Dixes,person,1,False,False,,,False,False
108,new10,n117,meeting,event,3,False,False,,,True,True
108,new10,n118,home,location,2,False,False,,,True,True
108,new10,n119,Cynthia,person,0,False,False,,,False,False
108,new10,n121,the lady,person,4,False,False,,,True,True
108,new10,n122,Newbury,location,3,False,False,,,True,True
108,new10,n123,the mess,event,1,False,False,,,False,False
108,new10,n124,Baronet Strangeworth,person,2,False,False,,,True,True
108,new10,n125,Mrs. DeLashabridge,person,3,False,False,,,True,True
108,new10,n126,Cornwall exhumation - autopsy results,evidence_sentence,0,False,False,,,False,False
108,new10,n127,Gilling,location,3,False,False,,,True,True
108,new10,n128,Kent,location,1,False,False,,,False,False
108,new10,n129,the murderer,event,2,False,False,,,True,True
108,new10,n130,Miss Welles,person,3,False,False,,,True,True
108,new10,n131,Sartre,person,3,False,False,,,True,True
108,new10,n132,Melchester Manor,location,2,False,False,,,True,True
108,new10,n133,murder case,event,3,False,False,,,True,True
108,new10,n134,Gillingham,location,2,False,False,,,False,True
108,new10,n135,De Lashbriar,person,3,False,False,,,True,True
108,new10,n136,Captain Dix,person,10,False,False,,,True,True
108,new10,n137,Rumbold,person,1,False,False,,,False,False
108,new10,n138,Oliver Fludd,person,2,False,False,,,False,True
108,new10,n139,Melchior House,location,1,False,False,,,False,False
108,new10,n140,Oliver,person,2,False,False,,,True,True
108,new10,n141,the murder,event,0,True,False,2678,,False,False
108,new10,n142,water,clue_object,1,False,False,,,False,False
108,new10,n143,Margaret Lashbriar,person,2,False,False,,,False,False
108,new10,n144,Miss Liddon,person,2,False,False,,,True,True
108,new10,n145,Mrs. Milray,person,2,False,False,,,False,True
108,new10,n146,Charles sir and Egg,person,1,False,False,,,False,False
108,new10,n147,Mr. Bampton,person,1,False,False,,,False,False
108,new10,n148,the head nurse at the sanatorium,person,2,False,False,,,True,True
108,new10,n149,Stephen Babbington's murder,event,1,False,False,,,False,False
108,new10,n150,Bartholomew Strangeworth's death,event,1,False,False,,,False,False
108,new10,n151,poisoning,evidence_sentence,4,True,False,671;2674,,True,True
108,new10,n153,Bampton family,person,1,False,False,,,False,False
108,new10,n154,Miss Agnew girls,person,2,False,False,,,True,True
108,new10,n155,current doctor,person,1,False,False,,,False,False
108,new10,n156,young woman from out of town,person,1,False,False,,,False,False
108,new10,n157,old Miss Kelly,person,1,False,False,,,False,False
108,new10,n158,Richardson couple,person,1,False,False,,,False,False
108,new10,n159,vicarage,location,1,False,False,,,False,False
108,new10,n160,church,location,2,False,False,,,False,True
108,new10,n161,Wales,location,0,False,False,,,False,False
108,new10,n162,incident,event,9,True,False,643;659,,True,True
108,new10,n163,exhuming the body,event,1,False,False,,,False,False
108,new10,n164,newspaper about exhuming the body,clue_object,1,False,False,,,False,False
108,new10,n165,a telegram for you,clue_object,2,False,False,,,False,True
108,new10,n166,Mrs. DeLashbriar,person,3,False,False,,,True,True
108,new10,n167,Inspector Clouseau,person,0,False,False,,,False,False
108,new10,n168,two nurses,person,1,False,False,,,False,False
108,new10,n169,the house in the park,location,1,False,False,,,False,False
108,new10,n170,a shabbily dressed man,person,1,False,False,,,False,False
108,new10,n171,Mrs. De Lashbridge,person,1,False,False,,,False,False
108,new10,n172,Melchett House,location,1,False,False,,,False,False
108,new10,n173,Melfort Manor,location,4,True,False,2635,,True,True
108,new10,n174,Miss Sartorius,person,1,False,False,,,False,False
108,new10,n175,cocktails,clue_object,7,True,False,152;222;2674,,True,True
108,new10,n176,the banquet,event,4,False,False,,,True,True
108,new10,n177,dinner party,event,1,False,False,,,False,False
108,new10,n178,crow's nest,location,1,False,False,,,False,False
108,new10,n179,nicotine,clue_object,3,False,False,,,True,True
108,new10,n180,Mrs. Babbington,person,14,False,False,,,True,True
108,new10,n181,southern France,location,2,False,False,,,True,True
108,new10,n182,second crime scene,event,2,False,False,,,True,True
108,new10,n183,the plan,event,3,False,False,,,True,True
108,new10,n184,Miss Letitia Lestrange,person,3,False,False,,,True,True
108,new10,n185,Miss Lydon Gor,person,1,False,False,,,False,False
108,new10,n186,law,event,3,False,False,,,False,True
108,new10,n187,prison,location,1,False,False,,,False,False
108,new10,n188,mental institution,location,1,False,False,,,False,False
108,new10,n189,Miss Letitia Gould,person,1,True,False,2674,,False,False
108,new10,n190,Miss Mireille,person,3,False,False,,,True,True
108,new10,n191,Cornwall,location,4,False,False,,,True,True
108,new10,n192,Harrowton County Mental Hospital,location,1,False,False,,,False,False
108,new10,n193,chemical instruments,clue_object,2,False,False,,,True,True
108,new10,n194,passport,clue_object,1,False,False,,,False,False
108,new10,n195,Glady's Mary Markham,person,2,False,False,,,False,True
108,new10,n196,rose spray,clue_object,1,False,False,,,False,False
108,new10,n197,garden stone tower,location,1,False,False,,,False,False
108,new10,n198,England,location,3,False,False,,,True,True
108,new10,n199,murder of Mr. Babbington,event,1,False,False,,,False,False
108,new10,n200,nicotine poisoning,evidence_sentence,2,False,False,,,False,True
108,new10,n201,Poirot's evidence statement,evidence_sentence,1,False,False,,,False,False
108,new10,n202,Daphne,person,9,False,False,,,True,True
108,new10,n203,Hastings,person,1,False,False,,,False,False
108,new10,n204,Dicky,person,6,False,False,,,True,True
108,new10,n205,mother,person,0,False,False,,,False,False
108,new10,n206,stage,location,0,False,False,,,False,False
108,new10,n207,The Nest,location,3,False,False,,,True,True
108,new10,n208,St. John Apartments,location,2,False,False,,,True,True
108,new10,n209,Miss Lettice Gole,person,3,False,False,,,True,True
108,new10,n210,Bruton Street,location,3,False,False,,,True,True
108,new10,n211,Yorkshire,location,5,False,False,,,True,True
108,new10,n212,Mrs. Milray's mother,person,2,False,False,,,False,True
108,new10,n213,Monday evening,time_anchor,0,False,False,,,False,False
108,new10,n214,flat number three,location,1,False,False,,,False,False
108,new10,n215,dress shop,location,1,False,False,,,False,False
108,new10,n216,Mrs. Leakey,person,2,False,False,,,True,True
108,new10,n217,Sattithesweat,person,2,False,False,,,False,False
108,new10,n218,Mrs. Sartre,person,1,False,False,,,False,False
108,new10,n219,Bluebell Garden,location,1,False,False,,,False,False
108,new10,n220,Berkeley Square,location,1,False,False,,,False,False
108,new10,n221,Miss Doris Shimmings,person,4,False,False,,,True,True
108,new10,n222,the restaurant,location,2,False,False,,,True,True
108,new10,n223,the cabin,location,3,False,False,,,True,True
108,new10,n224,the mystery,event,2,False,False,,,True,True
108,new10,n225,business card,clue_object,1,False,False,,,False,False
108,new10,n226,emergency wartime meeting,event,3,False,False,,,True,True
108,new10,n227,her,person,1,False,False,,,False,False
108,new10,n228,Monsieur Poirot,person,2,False,False,,,False,True
108,new10,n229,Ramsgate,location,1,False,False,,,False,False
108,new10,n230,stone tower,clue_object,2,False,False,,,False,True
108,new10,n231,Lady Mary Liddon Gore,person,1,False,False,,,False,False
108,new10,n232,Miss Liddon Gore,person,1,False,False,,,False,False
108,new10,n233,Edith Leitton-Gore,person,3,False,False,,,True,True
108,new10,n234,Mrs. Meredith,person,1,False,False,,,False,False
108,new10,n235,Mary,person,2,False,False,,,True,True
108,new10,n236,local doctor,person,1,False,False,,,False,False
108,new10,n237,cabin room,location,4,False,False,,,True,True
108,new10,n238,sofa,clue_object,1,False,False,,,False,False
108,new10,n239,phone call,event,1,False,False,,,False,False
108,new10,n240,MacDougall,person,1,False,False,,,False,False
108,new10,n241,Dr. Mc Dougall,person,2,False,False,,,False,True
108,new10,n242,Royston,location,2,False,False,,,False,True
108,new10,n243,Bartholomew Strange,person,3,True,True,1123;1644;2674,1123;1644,True,True
108,new10,n244,Martini,clue_object,1,False,False,,,False,False
108,new10,n245,murder of Babbington,event,2,False,False,,,True,True
108,new10,n246,suicide of Babbington,event,1,False,False,,,False,False
108,new10,n247,analysis of cocktails,event,2,False,False,,,True,True
108,new10,n248,cocktail,clue_object,1,True,True,152;222;278;1608;2624;2674,2624,False,False
108,new10,n249,Lady Eaton-Lydston-Gore,person,2,False,False,,,True,True
108,new10,n250,South American Indian arrows,clue_object,1,False,False,,,False,False
108,new10,n251,tuberculosis girl,person,1,False,False,,,False,False
108,new10,n252,actress,person,1,False,False,,,False,False
108,new10,n254,Dotty,person,5,False,False,,,True,True
108,new10,n255,Lady St. Loo,person,2,False,False,,,True,True
108,new10,n256,Manders,person,3,False,False,,,True,True
108,new10,n257,letter,clue_object,5,False,False,,,True,True
108,new10,n258,St. Leger Stakes race,event,1,False,False,,,False,False
108,new10,n259,Melford Manor,location,3,False,False,,,True,True
108,new10,n260,Earl and Countess of Eton,person,1,False,False,,,False,False
108,new10,n261,Lady Mary Lydgate,person,1,False,False,,,False,False
108,new10,n262,Sir Joscelin and Lady Campbell,person,1,False,False,,,False,False
108,new10,n263,Miss Angela Sartcriff,person,1,False,False,,,False,False
108,new10,n264,Daily Mail Continental,clue_object,1,False,False,,,False,False
108,new10,n265,Bartholomew Strangeways Case Update,evidence_sentence,1,False,False,,,False,False
108,new10,n266,Blue Train,location,0,False,False,,,False,False
108,new10,n267,Colonel Johnson,person,3,False,False,,,True,True
108,new10,n268,Royston Vasey,location,1,False,False,,,False,False
108,new10,n269,Miss Dribb,person,1,False,False,,,False,False
108,new10,n270,newspaper article,clue_object,1,False,False,,,False,False
108,new10,n271,sleeper desk,location,1,True,False,600,,False,False
108,new10,n272,first death,event,2,False,False,,,True,True
108,new10,n273,Eaton and Campbell couples,person,0,False,False,,,False,False
108,new10,n274,Scotland Yard's records,evidence_sentence,1,False,False,,,False,False
108,new10,n275,the butler's involvement,evidence_sentence,1,False,False,,,False,False
108,new10,n276,Angela Satterthwaite,person,0,False,False,,,False,False
108,new10,n277,the Dixes,person,1,False,False,,,False,False
108,new10,n279,Cynthia Dix,person,2,False,False,,,True,True
108,new10,n280,Captain Closefield,person,2,False,False,,,False,True
108,new10,n281,Roumouche,location,1,False,False,,,False,False
108,new10,n282,death of Stephen Babbington,event,9,False,False,,,True,True
108,new10,n283,two deaths,event,1,False,False,,,False,False
108,new10,n284,Chelsea Embankment,location,1,False,False,,,False,False
108,new10,n285,victims,evidence_sentence,3,False,False,,,True,True
108,new10,n286,"paintings, sculptures, Chinese porcelain, prehistoric pottery, ivory items, miniatures",clue_object,3,False,False,,,True,True
108,new10,n287,Chippendale and Hepplewhite furniture,clue_object,3,False,False,,,True,True
108,new10,n288,Roumouch,location,2,False,False,,,True,True
108,new10,n289,attic,location,2,False,False,,,True,True
108,new10,n290,Ellis's body,evidence_sentence,4,False,False,,,True,True
108,new10,n291,Ellis's death,event,3,True,False,164,,True,True
108,new10,n292,body,clue_object,1,False,False,,,False,False
108,new10,n293,Dulcinites,person,1,False,False,,,False,False
108,new10,n294,the first murder,event,7,True,True,1644,1644,True,True
108,new10,n295,the second murder,event,3,True,True,1644,1644,True,True
108,new10,n296,money,clue_object,2,False,False,,,True,True
108,new10,n297,revenge,clue_object,2,False,False,,,True,True
108,new10,n298,Didi,person,2,False,False,,,True,True
108,new10,n299,serial killer hypothesis,event,4,False,False,,,True,True
108,new10,n300,fear motive,event,3,False,False,,,True,True
108,new10,n301,guest who died that night,person,1,False,False,,,False,False
108,new10,n302,Bartholomew's,location,3,True,False,222,,True,True
108,new10,n303,Mum,person,1,False,False,,,False,False
108,new10,n304,Mr. Bunbury,person,1,False,False,,,False,False
108,new10,n305,rookery,location,1,False,False,,,False,False
108,new10,n306,Rose Cottage,location,2,False,False,,,False,True
108,new10,n307,Act III: The Reveal,event,1,False,False,,,False,False
108,new10,n308,success,event,3,False,False,,,True,True
108,new10,n309,the death of Sir Bartholomew Strangeways,event,3,False,False,,,True,True
108,new10,n310,mental collapse,evidence_sentence,1,False,False,,,False,False
108,new10,n311,an insane person,person,1,False,False,,,False,False
108,new10,n312,this table,location,1,False,False,,,False,False
108,new10,n313,the victim's glass,clue_object,1,True,False,152;671,,False,False
108,new10,n314,the poor old gentleman,person,4,True,False,1608,,False,True
108,new10,n315,the fish,clue_object,1,False,False,,,False,False
108,new10,n316,an article in the newspaper,evidence_sentence,1,False,False,,,False,False
108,new10,n317,a capsule,clue_object,1,True,False,1608,,False,False
108,new10,n318,Miss Letitia Gole,person,1,False,False,,,False,False
108,new10,n319,Mrs. Mary Lestrange,person,1,False,False,,,False,False
108,new10,n320,Little Mandus,person,1,False,False,,,False,False
108,new10,n321,the Nook,location,1,False,False,,,False,False
108,new10,n322,Spanish red,clue_object,1,False,False,,,False,False
108,new10,n323,burgundy,clue_object,1,False,False,,,False,False
108,new10,n324,vermilion,clue_object,1,False,False,,,False,False
108,new10,n325,evening gowns,clue_object,1,False,False,,,False,False
108,new10,n326,casual outfits,clue_object,1,False,False,,,False,False
108,new10,n327,sportswear pieces,clue_object,1,False,False,,,False,False
108,new10,n328,old gentleman,person,3,False,False,,,True,True
108,new10,n329,December,time_anchor,1,False,False,,,False,False
108,new10,n330,young girl,person,1,False,False,,,False,False
108,new10,n331,store,location,1,False,False,,,False,False
108,new10,n332,Babylon Theatre,location,2,False,False,,,False,True
108,new10,n333,walking stick,clue_object,2,False,False,,,True,True
108,new10,n334,apartment address,location,1,False,False,,,False,False
108,new10,n335,second floor,location,2,False,False,,,True,True
108,new10,n336,lobby,location,1,False,False,,,False,False
108,new10,n337,stairs,location,2,False,False,,,True,True
108,new10,n338,sherry party,event,1,False,False,,,False,False
108,new10,n339,Eggie Little-Gore,person,2,False,False,,,False,True
108,new10,n340,Belgrave Square,location,1,False,False,,,False,False
108,new10,n341,Bordeaux wine,clue_object,1,False,False,,,False,False
108,new10,n342,newspaper slips,clue_object,2,False,False,,,True,True
108,new10,n343,untimely death of the eminent neurologist Sir Bartholomew Strangeways,event,2,False,False,,,True,True
108,new10,n344,dinner party at his home in Yorkshire,event,1,False,False,,,False,False
108,new10,n345,contacting Eggie Little-Gore,event,1,False,False,,,False,False
108,new10,n346,"""This gives us some directions to investigate,"" said Sir Charles.",evidence_sentence,1,False,False,,,False,False
108,new10,n347,Stephen,person,7,False,False,,,True,True
108,new10,n348,Miss,person,2,False,False,,,False,True
108,new10,n349,Miss Milray's mother,person,2,False,False,,,False,True
108,new10,n350,detective novel,event,1,False,False,,,False,False
108,new10,n351,active action,event,1,False,False,,,False,False
108,new10,n352,sherry parties,event,0,False,False,,,False,False
108,new10,n354,fisherman's cottage,location,2,False,False,,,False,True
108,new10,n355,harbor,location,1,False,False,,,False,False
108,new10,n356,cocktail glass,clue_object,4,False,False,,,True,True
108,new10,n357,Bordeaux glass,clue_object,5,False,False,,,True,True
108,new10,n358,Japan,location,1,False,False,,,False,False
108,new10,n359,Edward,person,1,False,False,,,False,False
108,new10,n360,Ceylon,location,1,False,False,,,False,False
108,new10,n361,Lloyd,person,1,False,False,,,False,False
108,new10,n362,South Africa,location,1,False,False,,,False,False
108,new10,n363,Anglia,location,1,False,False,,,False,False
108,new10,n364,Egg Gormer,person,1,False,False,,,False,False
108,new10,n365,Chapter XI: Poirot Hosts a Sherry Party,event,3,False,False,,,True,True
108,new10,n366,the glass cup on the ground,clue_object,2,False,False,,,True,True
